{"resourceType":"ImplementationGuide","id":"fhir.example","text":{"status":"generated","div":"<div xmlns=\"http://www.w3.org/1999/xhtml\"><p class=\"res-header-id\"><b>Generated Narrative: ImplementationGuide fhir.example</b></p><a name=\"fhir.example\"> </a><a name=\"hcfhir.example\"> </a><a name=\"fhir.example-en-US\"> </a><h2>TraumaIG</h2><p>The official URL for this implementation guide is: </p><pre>http://example.org/ImplementationGuide/fhir.example</pre></div>"},"url":"http://example.org/ImplementationGuide/fhir.example","version":"0.1.0","name":"TraumaIG","status":"draft","date":"2025-05-13T19:16:00+02:00","publisher":"Constantin Renner","contact":[{"name":"Constantin Renner","telecom":[{"system":"url","value":"https://github.com/cdeveHealth"},{"system":"email","value":"constantinrenner1@gmail.com"}]}],"packageId":"fhir.example","license":"CC0-1.0","fhirVersion":["4.0.1"],"dependsOn":[{"id":"hl7tx","extension":[{"url":"http://hl7.org/fhir/tools/StructureDefinition/implementationguide-dependency-comment","valueMarkdown":"Automatically added as a dependency - all IGs depend on HL7 Terminology"}],"uri":"http://terminology.hl7.org/ImplementationGuide/hl7.terminology","packageId":"hl7.terminology.r4","version":"6.3.0"},{"id":"hl7ext","extension":[{"url":"http://hl7.org/fhir/tools/StructureDefinition/implementationguide-dependency-comment","valueMarkdown":"Automatically added as a dependency - all IGs depend on the HL7 Extension Pack"}],"uri":"http://hl7.org/fhir/extensions/ImplementationGuide/hl7.fhir.uv.extensions","packageId":"hl7.fhir.uv.extensions.r4","version":"5.2.0"},{"id":"hl7_at_fhir_core_r4","uri":"http://hl7.at/fhir/HL7ATCoreProfiles/4.0.1/ImplementationGuide/hl7.at.fhir.core.r4","packageId":"hl7.at.fhir.core.r4","version":"2.0.0"}],"definition":{"extension":[{"extension":[{"url":"code","valueString":"copyrightyear"},{"url":"value","valueString":"2025+"}],"url":"http://hl7.org/fhir/tools/StructureDefinition/ig-parameter"},{"extension":[{"url":"code","valueString":"releaselabel"},{"url":"value","valueString":"ci-build"}],"url":"http://hl7.org/fhir/tools/StructureDefinition/ig-parameter"},{"extension":[{"url":"code","valueString":"autoload-resources"},{"url":"value","valueString":"true"}],"url":"http://hl7.org/fhir/tools/StructureDefinition/ig-parameter"},{"extension":[{"url":"code","valueString":"path-liquid"},{"url":"value","valueString":"template/liquid"}],"url":"http://hl7.org/fhir/tools/StructureDefinition/ig-parameter"},{"extension":[{"url":"code","valueString":"path-liquid"},{"url":"value","valueString":"input/liquid"}],"url":"http://hl7.org/fhir/tools/StructureDefinition/ig-parameter"},{"extension":[{"url":"code","valueString":"path-qa"},{"url":"value","valueString":"temp/qa"}],"url":"http://hl7.org/fhir/tools/StructureDefinition/ig-parameter"},{"extension":[{"url":"code","valueString":"path-temp"},{"url":"value","valueString":"temp/pages"}],"url":"http://hl7.org/fhir/tools/StructureDefinition/ig-parameter"},{"extension":[{"url":"code","valueString":"path-output"},{"url":"value","valueString":"output"}],"url":"http://hl7.org/fhir/tools/StructureDefinition/ig-parameter"},{"extension":[{"url":"code","valueString":"path-suppressed-warnings"},{"url":"value","valueString":"input/ignoreWarnings.txt"}],"url":"http://hl7.org/fhir/tools/StructureDefinition/ig-parameter"},{"extension":[{"url":"code","valueString":"path-history"},{"url":"value","valueString":"http://example.org/history.html"}],"url":"http://hl7.org/fhir/tools/StructureDefinition/ig-parameter"},{"extension":[{"url":"code","valueString":"template-html"},{"url":"value","valueString":"template-page.html"}],"url":"http://hl7.org/fhir/tools/StructureDefinition/ig-parameter"},{"extension":[{"url":"code","valueString":"template-md"},{"url":"value","valueString":"template-page-md.html"}],"url":"http://hl7.org/fhir/tools/StructureDefinition/ig-parameter"},{"extension":[{"url":"code","valueString":"apply-contact"},{"url":"value","valueString":"true"}],"url":"http://hl7.org/fhir/tools/StructureDefinition/ig-parameter"},{"extension":[{"url":"code","valueString":"apply-context"},{"url":"value","valueString":"true"}],"url":"http://hl7.org/fhir/tools/StructureDefinition/ig-parameter"},{"extension":[{"url":"code","valueString":"apply-copyright"},{"url":"value","valueString":"true"}],"url":"http://hl7.org/fhir/tools/StructureDefinition/ig-parameter"},{"extension":[{"url":"code","valueString":"apply-jurisdiction"},{"url":"value","valueString":"true"}],"url":"http://hl7.org/fhir/tools/StructureDefinition/ig-parameter"},{"extension":[{"url":"code","valueString":"apply-license"},{"url":"value","valueString":"true"}],"url":"http://hl7.org/fhir/tools/StructureDefinition/ig-parameter"},{"extension":[{"url":"code","valueString":"apply-publisher"},{"url":"value","valueString":"true"}],"url":"http://hl7.org/fhir/tools/StructureDefinition/ig-parameter"},{"extension":[{"url":"code","valueString":"apply-version"},{"url":"value","valueString":"true"}],"url":"http://hl7.org/fhir/tools/StructureDefinition/ig-parameter"},{"extension":[{"url":"code","valueString":"apply-wg"},{"url":"value","valueString":"true"}],"url":"http://hl7.org/fhir/tools/StructureDefinition/ig-parameter"},{"extension":[{"url":"code","valueString":"active-tables"},{"url":"value","valueString":"true"}],"url":"http://hl7.org/fhir/tools/StructureDefinition/ig-parameter"},{"extension":[{"url":"code","valueString":"fmm-definition"},{"url":"value","valueString":"http://hl7.org/fhir/versions.html#maturity"}],"url":"http://hl7.org/fhir/tools/StructureDefinition/ig-parameter"},{"extension":[{"url":"code","valueString":"propagate-status"},{"url":"value","valueString":"true"}],"url":"http://hl7.org/fhir/tools/StructureDefinition/ig-parameter"},{"extension":[{"url":"code","valueString":"excludelogbinaryformat"},{"url":"value","valueString":"true"}],"url":"http://hl7.org/fhir/tools/StructureDefinition/ig-parameter"},{"extension":[{"url":"code","valueString":"tabbed-snapshots"},{"url":"value","valueString":"true"}],"url":"http://hl7.org/fhir/tools/StructureDefinition/ig-parameter"},{"url":"http://hl7.org/fhir/tools/StructureDefinition/ig-internal-dependency","valueCode":"hl7.fhir.uv.tools.r4#0.3.0"},{"extension":[{"url":"code","valueCode":"copyrightyear"},{"url":"value","valueString":"2025+"}],"url":"http://hl7.org/fhir/tools/StructureDefinition/ig-parameter"},{"extension":[{"url":"code","valueCode":"releaselabel"},{"url":"value","valueString":"ci-build"}],"url":"http://hl7.org/fhir/tools/StructureDefinition/ig-parameter"},{"extension":[{"url":"code","valueCode":"autoload-resources"},{"url":"value","valueString":"true"}],"url":"http://hl7.org/fhir/tools/StructureDefinition/ig-parameter"},{"extension":[{"url":"code","valueCode":"path-liquid"},{"url":"value","valueString":"template/liquid"}],"url":"http://hl7.org/fhir/tools/StructureDefinition/ig-parameter"},{"extension":[{"url":"code","valueCode":"path-liquid"},{"url":"value","valueString":"input/liquid"}],"url":"http://hl7.org/fhir/tools/StructureDefinition/ig-parameter"},{"extension":[{"url":"code","valueCode":"path-qa"},{"url":"value","valueString":"temp/qa"}],"url":"http://hl7.org/fhir/tools/StructureDefinition/ig-parameter"},{"extension":[{"url":"code","valueCode":"path-temp"},{"url":"value","valueString":"temp/pages"}],"url":"http://hl7.org/fhir/tools/StructureDefinition/ig-parameter"},{"extension":[{"url":"code","valueCode":"path-output"},{"url":"value","valueString":"output"}],"url":"http://hl7.org/fhir/tools/StructureDefinition/ig-parameter"},{"extension":[{"url":"code","valueCode":"path-suppressed-warnings"},{"url":"value","valueString":"input/ignoreWarnings.txt"}],"url":"http://hl7.org/fhir/tools/StructureDefinition/ig-parameter"},{"extension":[{"url":"code","valueCode":"path-history"},{"url":"value","valueString":"http://example.org/history.html"}],"url":"http://hl7.org/fhir/tools/StructureDefinition/ig-parameter"},{"extension":[{"url":"code","valueCode":"template-html"},{"url":"value","valueString":"template-page.html"}],"url":"http://hl7.org/fhir/tools/StructureDefinition/ig-parameter"},{"extension":[{"url":"code","valueCode":"template-md"},{"url":"value","valueString":"template-page-md.html"}],"url":"http://hl7.org/fhir/tools/StructureDefinition/ig-parameter"},{"extension":[{"url":"code","valueCode":"apply-contact"},{"url":"value","valueString":"true"}],"url":"http://hl7.org/fhir/tools/StructureDefinition/ig-parameter"},{"extension":[{"url":"code","valueCode":"apply-context"},{"url":"value","valueString":"true"}],"url":"http://hl7.org/fhir/tools/StructureDefinition/ig-parameter"},{"extension":[{"url":"code","valueCode":"apply-copyright"},{"url":"value","valueString":"true"}],"url":"http://hl7.org/fhir/tools/StructureDefinition/ig-parameter"},{"extension":[{"url":"code","valueCode":"apply-jurisdiction"},{"url":"value","valueString":"true"}],"url":"http://hl7.org/fhir/tools/StructureDefinition/ig-parameter"},{"extension":[{"url":"code","valueCode":"apply-license"},{"url":"value","valueString":"true"}],"url":"http://hl7.org/fhir/tools/StructureDefinition/ig-parameter"},{"extension":[{"url":"code","valueCode":"apply-publisher"},{"url":"value","valueString":"true"}],"url":"http://hl7.org/fhir/tools/StructureDefinition/ig-parameter"},{"extension":[{"url":"code","valueCode":"apply-version"},{"url":"value","valueString":"true"}],"url":"http://hl7.org/fhir/tools/StructureDefinition/ig-parameter"},{"extension":[{"url":"code","valueCode":"apply-wg"},{"url":"value","valueString":"true"}],"url":"http://hl7.org/fhir/tools/StructureDefinition/ig-parameter"},{"extension":[{"url":"code","valueCode":"active-tables"},{"url":"value","valueString":"true"}],"url":"http://hl7.org/fhir/tools/StructureDefinition/ig-parameter"},{"extension":[{"url":"code","valueCode":"fmm-definition"},{"url":"value","valueString":"http://hl7.org/fhir/versions.html#maturity"}],"url":"http://hl7.org/fhir/tools/StructureDefinition/ig-parameter"},{"extension":[{"url":"code","valueCode":"propagate-status"},{"url":"value","valueString":"true"}],"url":"http://hl7.org/fhir/tools/StructureDefinition/ig-parameter"},{"extension":[{"url":"code","valueCode":"excludelogbinaryformat"},{"url":"value","valueString":"true"}],"url":"http://hl7.org/fhir/tools/StructureDefinition/ig-parameter"},{"extension":[{"url":"code","valueCode":"tabbed-snapshots"},{"url":"value","valueString":"true"}],"url":"http://hl7.org/fhir/tools/StructureDefinition/ig-parameter"},{"extension":[{"url":"code","valueCode":"copyrightyear"},{"url":"value","valueString":"2025+"}],"url":"http://hl7.org/fhir/tools/StructureDefinition/ig-parameter"},{"extension":[{"url":"code","valueCode":"releaselabel"},{"url":"value","valueString":"ci-build"}],"url":"http://hl7.org/fhir/tools/StructureDefinition/ig-parameter"},{"extension":[{"url":"code","valueCode":"autoload-resources"},{"url":"value","valueString":"true"}],"url":"http://hl7.org/fhir/tools/StructureDefinition/ig-parameter"},{"extension":[{"url":"code","valueCode":"path-liquid"},{"url":"value","valueString":"template/liquid"}],"url":"http://hl7.org/fhir/tools/StructureDefinition/ig-parameter"},{"extension":[{"url":"code","valueCode":"path-liquid"},{"url":"value","valueString":"input/liquid"}],"url":"http://hl7.org/fhir/tools/StructureDefinition/ig-parameter"},{"extension":[{"url":"code","valueCode":"path-qa"},{"url":"value","valueString":"temp/qa"}],"url":"http://hl7.org/fhir/tools/StructureDefinition/ig-parameter"},{"extension":[{"url":"code","valueCode":"path-temp"},{"url":"value","valueString":"temp/pages"}],"url":"http://hl7.org/fhir/tools/StructureDefinition/ig-parameter"},{"extension":[{"url":"code","valueCode":"path-output"},{"url":"value","valueString":"output"}],"url":"http://hl7.org/fhir/tools/StructureDefinition/ig-parameter"},{"extension":[{"url":"code","valueCode":"path-suppressed-warnings"},{"url":"value","valueString":"input/ignoreWarnings.txt"}],"url":"http://hl7.org/fhir/tools/StructureDefinition/ig-parameter"},{"extension":[{"url":"code","valueCode":"path-history"},{"url":"value","valueString":"http://example.org/history.html"}],"url":"http://hl7.org/fhir/tools/StructureDefinition/ig-parameter"},{"extension":[{"url":"code","valueCode":"template-html"},{"url":"value","valueString":"template-page.html"}],"url":"http://hl7.org/fhir/tools/StructureDefinition/ig-parameter"},{"extension":[{"url":"code","valueCode":"template-md"},{"url":"value","valueString":"template-page-md.html"}],"url":"http://hl7.org/fhir/tools/StructureDefinition/ig-parameter"},{"extension":[{"url":"code","valueCode":"apply-contact"},{"url":"value","valueString":"true"}],"url":"http://hl7.org/fhir/tools/StructureDefinition/ig-parameter"},{"extension":[{"url":"code","valueCode":"apply-context"},{"url":"value","valueString":"true"}],"url":"http://hl7.org/fhir/tools/StructureDefinition/ig-parameter"},{"extension":[{"url":"code","valueCode":"apply-copyright"},{"url":"value","valueString":"true"}],"url":"http://hl7.org/fhir/tools/StructureDefinition/ig-parameter"},{"extension":[{"url":"code","valueCode":"apply-jurisdiction"},{"url":"value","valueString":"true"}],"url":"http://hl7.org/fhir/tools/StructureDefinition/ig-parameter"},{"extension":[{"url":"code","valueCode":"apply-license"},{"url":"value","valueString":"true"}],"url":"http://hl7.org/fhir/tools/StructureDefinition/ig-parameter"},{"extension":[{"url":"code","valueCode":"apply-publisher"},{"url":"value","valueString":"true"}],"url":"http://hl7.org/fhir/tools/StructureDefinition/ig-parameter"},{"extension":[{"url":"code","valueCode":"apply-version"},{"url":"value","valueString":"true"}],"url":"http://hl7.org/fhir/tools/StructureDefinition/ig-parameter"},{"extension":[{"url":"code","valueCode":"apply-wg"},{"url":"value","valueString":"true"}],"url":"http://hl7.org/fhir/tools/StructureDefinition/ig-parameter"},{"extension":[{"url":"code","valueCode":"active-tables"},{"url":"value","valueString":"true"}],"url":"http://hl7.org/fhir/tools/StructureDefinition/ig-parameter"},{"extension":[{"url":"code","valueCode":"fmm-definition"},{"url":"value","valueString":"http://hl7.org/fhir/versions.html#maturity"}],"url":"http://hl7.org/fhir/tools/StructureDefinition/ig-parameter"},{"extension":[{"url":"code","valueCode":"propagate-status"},{"url":"value","valueString":"true"}],"url":"http://hl7.org/fhir/tools/StructureDefinition/ig-parameter"},{"extension":[{"url":"code","valueCode":"excludelogbinaryformat"},{"url":"value","valueString":"true"}],"url":"http://hl7.org/fhir/tools/StructureDefinition/ig-parameter"},{"extension":[{"url":"code","valueCode":"tabbed-snapshots"},{"url":"value","valueString":"true"}],"url":"http://hl7.org/fhir/tools/StructureDefinition/ig-parameter"}],"grouping":[{"id":"-str-profile","name":"Structures: Resource Profiles","description":"These define constraints on FHIR resources for systems conforming to this implementation guide."},{"id":"-str-extension","name":"Structures: Extension Definitions","description":"These define constraints on FHIR data types for systems conforming to this implementation guide."},{"id":"-term-valueset","name":"Terminology: Value Sets","description":"These define sets of codes used by systems conforming to this implementation guide."},{"id":"-term-codesystem","name":"Terminology: Code Systems","description":"These define new code systems used by systems conforming to this implementation guide."},{"id":"-ex-example","name":"Example: Example Instances","description":"These are example instances that show what data produced and consumed by systems conforming with this implementation guide might look like."}],"resource":[{"extension":[{"url":"http://hl7.org/fhir/tools/StructureDefinition/resource-sort","valueInteger":999999999},{"url":"http://hl7.org/fhir/StructureDefinition/implementationguide-page","valueUri":"StructureDefinition-tr-br-breathing-medication-oxygen-procedure.html"}],"reference":{"reference":"StructureDefinition/tr-br-breathing-medication-oxygen-procedure"},"name":"Administration of Oxygen","description":"Procedure to describe  the administration of Oxygen","exampleBoolean":false,"groupingId":"-str-profile"},{"extension":[{"url":"http://hl7.org/fhir/tools/StructureDefinition/resource-sort","valueInteger":999999999},{"url":"http://hl7.org/fhir/StructureDefinition/implementationguide-page","valueUri":"StructureDefinition-tr-aw-airway-adjuncts-procedure.html"}],"reference":{"reference":"StructureDefinition/tr-aw-airway-adjuncts-procedure"},"name":"Airway Adjuncts Procedures","description":"Procedures involving the insertion and management of airway adjuncts.","exampleBoolean":false,"groupingId":"-str-profile"},{"extension":[{"url":"http://hl7.org/fhir/tools/StructureDefinition/resource-sort","valueInteger":999999999},{"url":"http://hl7.org/fhir/StructureDefinition/implementationguide-page","valueUri":"StructureDefinition-tr-aw-airway-clearance-procedure.html"}],"reference":{"reference":"StructureDefinition/tr-aw-airway-clearance-procedure"},"name":"Airway Clearance","description":"Procedures to clear obstructions from the airway.","exampleBoolean":false,"groupingId":"-str-profile"},{"extension":[{"url":"http://hl7.org/fhir/tools/StructureDefinition/resource-sort","valueInteger":999999999},{"url":"http://hl7.org/fhir/StructureDefinition/implementationguide-page","valueUri":"StructureDefinition-tr-aw-opening-maneuver-procedure.html"}],"reference":{"reference":"StructureDefinition/tr-aw-opening-maneuver-procedure"},"name":"Airway Opening Maneuvers","description":"Procedures related to manual airway opening techniques.","exampleBoolean":false,"groupingId":"-str-profile"},{"extension":[{"url":"http://hl7.org/fhir/tools/StructureDefinition/resource-sort","valueInteger":999999999},{"url":"http://hl7.org/fhir/StructureDefinition/implementationguide-page","valueUri":"StructureDefinition-tr-aw-status-observation.html"}],"reference":{"reference":"StructureDefinition/tr-aw-status-observation"},"name":"Airway Status","description":"Defines if the airway of the patient is obstructed or not","exampleBoolean":false,"groupingId":"-str-profile"},{"extension":[{"url":"http://hl7.org/fhir/tools/StructureDefinition/resource-sort","valueInteger":999999999},{"url":"http://hl7.org/fhir/StructureDefinition/implementationguide-page","valueUri":"StructureDefinition-trauma-encounter.html"}],"reference":{"reference":"StructureDefinition/trauma-encounter"},"name":"Base Trauma Encounter","description":"Profile for trauma-related clinical encounters.","exampleBoolean":false,"groupingId":"-str-profile"},{"extension":[{"url":"http://hl7.org/fhir/tools/StructureDefinition/resource-sort","valueInteger":999999999},{"url":"http://hl7.org/fhir/StructureDefinition/implementationguide-page","valueUri":"StructureDefinition-trauma-observation.html"}],"reference":{"reference":"StructureDefinition/trauma-observation"},"name":"Base Trauma IG Observation","description":"This profile defines how the Observation resource should be used to meet the needs of all trauma-related Observation profiles.","exampleBoolean":false,"groupingId":"-str-profile"},{"extension":[{"url":"http://hl7.org/fhir/tools/StructureDefinition/resource-sort","valueInteger":999999999},{"url":"http://hl7.org/fhir/StructureDefinition/implementationguide-page","valueUri":"StructureDefinition-trauma-patient.html"}],"reference":{"reference":"StructureDefinition/trauma-patient"},"name":"Base Trauma Patient","description":"A trauma patient based on the HL7 Austria Core Patient profile, with minimal demographic information enabled, since this is often the case in Trauma Care","exampleBoolean":false,"groupingId":"-str-profile"},{"extension":[{"url":"http://hl7.org/fhir/tools/StructureDefinition/resource-sort","valueInteger":999999999},{"url":"http://hl7.org/fhir/StructureDefinition/implementationguide-page","valueUri":"StructureDefinition-trauma-procedure.html"}],"reference":{"reference":"StructureDefinition/trauma-procedure"},"name":"Base Trauma Procedure","description":"This profile defines specific constraints on the Procedure resource in order to create the requirements for all specialized trauma procedure profiles.","exampleBoolean":false,"groupingId":"-str-profile"},{"extension":[{"url":"http://hl7.org/fhir/tools/StructureDefinition/resource-sort","valueInteger":999999999},{"url":"http://hl7.org/fhir/StructureDefinition/implementationguide-page","valueUri":"StructureDefinition-tr-aw-breathing-sound-observation.html"}],"reference":{"reference":"StructureDefinition/tr-aw-breathing-sound-observation"},"name":"Breathing Sounds Observation","description":"Observation related to breathing sounds, such as wheezing or stridor.","exampleBoolean":false,"groupingId":"-str-profile"},{"extension":[{"url":"http://hl7.org/fhir/tools/StructureDefinition/resource-sort","valueInteger":999999999},{"url":"http://hl7.org/fhir/StructureDefinition/implementationguide-page","valueUri":"StructureDefinition-tr-circulation-cardiac-arrest-observation.html"}],"reference":{"reference":"StructureDefinition/tr-circulation-cardiac-arrest-observation"},"name":"Cardiac Arrest","description":"Low Blood Pressure and absent pulse in arteria carotis is a sure sign of caardiac arrest.","exampleBoolean":false,"groupingId":"-str-profile"},{"extension":[{"url":"http://hl7.org/fhir/tools/StructureDefinition/resource-sort","valueInteger":999999999},{"url":"http://hl7.org/fhir/StructureDefinition/implementationguide-page","valueUri":"StructureDefinition-tr-circulation-cpr-procedure.html"}],"reference":{"reference":"StructureDefinition/tr-circulation-cpr-procedure"},"name":"Cardiopulmonary resuscitation","description":"Doing Cardiopulmonary resuscitation due to cardiac arrest","exampleBoolean":false,"groupingId":"-str-profile"},{"extension":[{"url":"http://hl7.org/fhir/tools/StructureDefinition/resource-sort","valueInteger":999999999},{"url":"http://hl7.org/fhir/StructureDefinition/implementationguide-page","valueUri":"StructureDefinition-tr-aw-cervical-spine-assessment-observation.html"}],"reference":{"reference":"StructureDefinition/tr-aw-cervical-spine-assessment-observation"},"name":"Cervical Spine Assessment Observation","description":"Observation related to assessing injuries to the cervical spine.","exampleBoolean":false,"groupingId":"-str-profile"},{"extension":[{"url":"http://hl7.org/fhir/tools/StructureDefinition/resource-sort","valueInteger":999999999},{"url":"http://hl7.org/fhir/StructureDefinition/implementationguide-page","valueUri":"StructureDefinition-tr-aw-cervical-spine-intervention-procedure.html"}],"reference":{"reference":"StructureDefinition/tr-aw-cervical-spine-intervention-procedure"},"name":"Cervical Spine Intervention","description":"Procedures related to the immobilization and stabilization of the cervical spine.","exampleBoolean":false,"groupingId":"-str-profile"},{"extension":[{"url":"http://hl7.org/fhir/tools/StructureDefinition/resource-sort","valueInteger":999999999},{"url":"http://hl7.org/fhir/StructureDefinition/implementationguide-page","valueUri":"StructureDefinition-tr-gi-decision-making-observation.html"}],"reference":{"reference":"StructureDefinition/tr-gi-decision-making-observation"},"name":"Decision Making Observation","description":"Observations of Immediate Actions","exampleBoolean":false,"groupingId":"-str-profile"},{"extension":[{"url":"http://hl7.org/fhir/tools/StructureDefinition/resource-sort","valueInteger":999999999},{"url":"http://hl7.org/fhir/StructureDefinition/implementationguide-page","valueUri":"StructureDefinition-tr-gi-decision-making-procedure.html"}],"reference":{"reference":"StructureDefinition/tr-gi-decision-making-procedure"},"name":"Decision Making after General Impresission","description":"Documentation of imediate Procedures after judging general state of patient","exampleBoolean":false,"groupingId":"-str-profile"},{"extension":[{"url":"http://hl7.org/fhir/tools/StructureDefinition/resource-sort","valueInteger":999999999},{"url":"http://hl7.org/fhir/StructureDefinition/implementationguide-page","valueUri":"StructureDefinition-tr-br-breathing-disorder-of-thorax-observation.html"}],"reference":{"reference":"StructureDefinition/tr-br-breathing-disorder-of-thorax-observation"},"name":"Disorder of thoracic cavity","description":"Observation that can document Tension pneumothorax and hemothorax","exampleBoolean":false,"groupingId":"-str-profile"},{"extension":[{"url":"http://hl7.org/fhir/tools/StructureDefinition/resource-sort","valueInteger":999999999},{"url":"http://hl7.org/fhir/StructureDefinition/implementationguide-page","valueUri":"StructureDefinition-tr-bundle.html"}],"reference":{"reference":"StructureDefinition/tr-bundle"},"name":"Document Bundle","description":"A document Bundle containing only tr-composition.","exampleBoolean":false,"groupingId":"-str-profile"},{"extension":[{"url":"http://hl7.org/fhir/tools/StructureDefinition/resource-sort","valueInteger":999999999},{"url":"http://hl7.org/fhir/StructureDefinition/implementationguide-page","valueUri":"StructureDefinition-tr-d-neuro-fast-observations.html"}],"reference":{"reference":"StructureDefinition/tr-d-neuro-fast-observations"},"name":"Fast Assessment","description":"Assessment to identify stroke (Insult) Symptoms in trauma patients.","exampleBoolean":false,"groupingId":"-str-profile"},{"extension":[{"url":"http://hl7.org/fhir/tools/StructureDefinition/resource-sort","valueInteger":999999999},{"url":"http://hl7.org/fhir/StructureDefinition/implementationguide-page","valueUri":"StructureDefinition-tr-aw-fluids-in-aw-observation.html"}],"reference":{"reference":"StructureDefinition/tr-aw-fluids-in-aw-observation"},"name":"Fluids in Airway Observation","description":"Observation related to airway obstruction due to fluids.","exampleBoolean":false,"groupingId":"-str-profile"},{"extension":[{"url":"http://hl7.org/fhir/tools/StructureDefinition/resource-sort","valueInteger":999999999},{"url":"http://hl7.org/fhir/StructureDefinition/implementationguide-page","valueUri":"StructureDefinition-tr-aw-foreign-body-aw-observation.html"}],"reference":{"reference":"StructureDefinition/tr-aw-foreign-body-aw-observation"},"name":"Foreign Body in Airway Observation","description":"Observation of airway obstruction due to foreign bodies.","exampleBoolean":false,"groupingId":"-str-profile"},{"extension":[{"url":"http://hl7.org/fhir/tools/StructureDefinition/resource-sort","valueInteger":999999999},{"url":"http://hl7.org/fhir/StructureDefinition/implementationguide-page","valueUri":"StructureDefinition-tr-gi-airwaypatencyobservation.html"}],"reference":{"reference":"StructureDefinition/tr-gi-airwaypatencyobservation"},"name":"General Impression Airway Patency","description":"Impressions about Airway Patency","exampleBoolean":false,"groupingId":"-str-profile"},{"extension":[{"url":"http://hl7.org/fhir/tools/StructureDefinition/resource-sort","valueInteger":999999999},{"url":"http://hl7.org/fhir/StructureDefinition/implementationguide-page","valueUri":"StructureDefinition-tr-gi-circulatory-impression-observation.html"}],"reference":{"reference":"StructureDefinition/tr-gi-circulatory-impression-observation"},"name":"General Impression Circulatory Observation","description":"Impressions about general Circulatory condition of patient","exampleBoolean":false,"groupingId":"-str-profile"},{"extension":[{"url":"http://hl7.org/fhir/tools/StructureDefinition/resource-sort","valueInteger":999999999},{"url":"http://hl7.org/fhir/StructureDefinition/implementationguide-page","valueUri":"StructureDefinition-tr-br-breathing-medication-oxygen-ma.html"}],"reference":{"reference":"StructureDefinition/tr-br-breathing-medication-oxygen-ma"},"name":"MedicationAdministration of Oxygen","description":"Procedure to describe the administration of Oxygen.","exampleBoolean":false,"groupingId":"-str-profile"},{"extension":[{"url":"http://hl7.org/fhir/tools/StructureDefinition/resource-sort","valueInteger":999999999},{"url":"http://hl7.org/fhir/StructureDefinition/implementationguide-page","valueUri":"StructureDefinition-tr-br-breathing-intervention-tension-pneumothorax-procedure.html"}],"reference":{"reference":"StructureDefinition/tr-br-breathing-intervention-tension-pneumothorax-procedure"},"name":"Needle decomp because of tension pneumothorax","description":"Performing needle decompression because of tension pneumothorax","exampleBoolean":false,"groupingId":"-str-profile"},{"extension":[{"url":"http://hl7.org/fhir/tools/StructureDefinition/resource-sort","valueInteger":999999999},{"url":"http://hl7.org/fhir/StructureDefinition/implementationguide-page","valueUri":"StructureDefinition-tr-br-breathing-finding-respiration-rate-observation.html"}],"reference":{"reference":"StructureDefinition/tr-br-breathing-finding-respiration-rate-observation"},"name":"Observation of Breathing rate","description":"Observation of the breathing rate of the patient. Slow - Normal - Fast.","exampleBoolean":false,"groupingId":"-str-profile"},{"extension":[{"url":"http://hl7.org/fhir/tools/StructureDefinition/resource-sort","valueInteger":999999999},{"url":"http://hl7.org/fhir/StructureDefinition/implementationguide-page","valueUri":"StructureDefinition-tr-gi-mental-status-impression-observation.html"}],"reference":{"reference":"StructureDefinition/tr-gi-mental-status-impression-observation"},"name":"Observation of General Impression of Mental State of Patient","description":"Quick overview of patient mental state.","exampleBoolean":false,"groupingId":"-str-profile"},{"extension":[{"url":"http://hl7.org/fhir/tools/StructureDefinition/resource-sort","valueInteger":999999999},{"url":"http://hl7.org/fhir/StructureDefinition/implementationguide-page","valueUri":"StructureDefinition-tr-circulation-bleeding-control-ps-observation.html"}],"reference":{"reference":"StructureDefinition/tr-circulation-bleeding-control-ps-observation"},"name":"Observation of Pelvic Fracture","description":"Pelvic Fracture needs Pelvic Sling Procedure to stop critical bleeding.","exampleBoolean":false,"groupingId":"-str-profile"},{"extension":[{"url":"http://hl7.org/fhir/tools/StructureDefinition/resource-sort","valueInteger":999999999},{"url":"http://hl7.org/fhir/StructureDefinition/implementationguide-page","valueUri":"StructureDefinition-tr-br-breathing-finding-oxygen-saturation-observation.html"}],"reference":{"reference":"StructureDefinition/tr-br-breathing-finding-oxygen-saturation-observation"},"name":"Observation of SpO2","description":"Observation of Oxygen Saturation","exampleBoolean":false,"groupingId":"-str-profile"},{"extension":[{"url":"http://hl7.org/fhir/tools/StructureDefinition/resource-sort","valueInteger":999999999},{"url":"http://hl7.org/fhir/StructureDefinition/implementationguide-page","valueUri":"StructureDefinition-tr-circulation-bleeding-control-ps-procedure.html"}],"reference":{"reference":"StructureDefinition/tr-circulation-bleeding-control-ps-procedure"},"name":"Pelvic Sling Procedure","description":"Application of Pelvic Sling due to Pelvic Fracture","exampleBoolean":false,"groupingId":"-str-profile"},{"extension":[{"url":"http://hl7.org/fhir/tools/StructureDefinition/resource-sort","valueInteger":999999999},{"url":"http://hl7.org/fhir/StructureDefinition/implementationguide-page","valueUri":"StructureDefinition-tr-circulation-bleeding-control-vs.html"}],"reference":{"reference":"StructureDefinition/tr-circulation-bleeding-control-vs"},"name":"Procedure for Bleeding Control","description":"Procedures to control bleeding of patient.","exampleBoolean":false,"groupingId":"-str-profile"},{"extension":[{"url":"http://hl7.org/fhir/tools/StructureDefinition/resource-sort","valueInteger":999999999},{"url":"http://hl7.org/fhir/StructureDefinition/implementationguide-page","valueUri":"StructureDefinition-tr-gi-circulatory-impression-procedure.html"}],"reference":{"reference":"StructureDefinition/tr-gi-circulatory-impression-procedure"},"name":"Procedures to obtain a circulatory impression","description":"Procedures to get an impression of the circulatory situation of a patient","exampleBoolean":false,"groupingId":"-str-profile"},{"extension":[{"url":"http://hl7.org/fhir/tools/StructureDefinition/resource-sort","valueInteger":999999999},{"url":"http://hl7.org/fhir/StructureDefinition/implementationguide-page","valueUri":"StructureDefinition-tr-br-breathing-bag-mask-procedure.html"}],"reference":{"reference":"StructureDefinition/tr-br-breathing-bag-mask-procedure"},"name":"Respiratory assist, manual","description":"Performing needle decompression because of tension pneumothorax","exampleBoolean":false,"groupingId":"-str-profile"},{"extension":[{"url":"http://hl7.org/fhir/tools/StructureDefinition/resource-sort","valueInteger":999999999},{"url":"http://hl7.org/fhir/StructureDefinition/implementationguide-page","valueUri":"StructureDefinition-tr-circulation-skin-assessment-observation.html"}],"reference":{"reference":"StructureDefinition/tr-circulation-skin-assessment-observation"},"name":"Skin assessment","description":"Skin assessment for trauma using LOINC 72284-3 Panel.","exampleBoolean":false,"groupingId":"-str-profile"},{"extension":[{"url":"http://hl7.org/fhir/tools/StructureDefinition/resource-sort","valueInteger":999999999},{"url":"http://hl7.org/fhir/StructureDefinition/implementationguide-page","valueUri":"StructureDefinition-tr-aw-soft-tissue-collaps-observation.html"}],"reference":{"reference":"StructureDefinition/tr-aw-soft-tissue-collaps-observation"},"name":"Soft Tissue Collapse in Airway Observation","description":"Observation related to airway obstruction due to soft tissue collapse.","exampleBoolean":false,"groupingId":"-str-profile"},{"extension":[{"url":"http://hl7.org/fhir/tools/StructureDefinition/resource-sort","valueInteger":999999999},{"url":"http://hl7.org/fhir/StructureDefinition/implementationguide-page","valueUri":"StructureDefinition-tr-aw-structual-change-in-aw-observation.html"}],"reference":{"reference":"StructureDefinition/tr-aw-structual-change-in-aw-observation"},"name":"Structural Changes in Airway Observation","description":"Observation of airway obstructions due to structural changes like swelling or trauma.","exampleBoolean":false,"groupingId":"-str-profile"},{"extension":[{"url":"http://hl7.org/fhir/tools/StructureDefinition/resource-sort","valueInteger":999999999},{"url":"http://hl7.org/fhir/StructureDefinition/implementationguide-page","valueUri":"StructureDefinition-tr-composition.html"}],"reference":{"reference":"StructureDefinition/tr-composition"},"name":"TR Composition","description":"Structured documentation of the primary clinical assessment including airway, breathing, circulation and disability.","exampleBoolean":false,"groupingId":"-str-profile"},{"extension":[{"url":"http://hl7.org/fhir/tools/StructureDefinition/resource-sort","valueInteger":999999999},{"url":"http://hl7.org/fhir/StructureDefinition/implementationguide-page","valueUri":"StructureDefinition-tr-exp-examination-procedure.html"}],"reference":{"reference":"StructureDefinition/tr-exp-examination-procedure"},"name":"Trauma Check","description":"Procedure of checking patient for signs of trauma.","exampleBoolean":false,"groupingId":"-str-profile"},{"extension":[{"url":"http://hl7.org/fhir/tools/StructureDefinition/resource-sort","valueInteger":999999999},{"url":"http://hl7.org/fhir/StructureDefinition/implementationguide-page","valueUri":"StructureDefinition-pathologic-side.html"}],"reference":{"reference":"StructureDefinition/pathologic-side"},"name":"Pathologic Side","description":"Specifies the anatomical side affected by the finding or observation","exampleBoolean":false,"groupingId":"-str-extension"},{"extension":[{"url":"http://hl7.org/fhir/tools/StructureDefinition/resource-sort","valueInteger":999999999},{"url":"http://hl7.org/fhir/StructureDefinition/implementationguide-page","valueUri":"ValueSet-TR-AW-Airway-Adjuncts-VS.html"}],"reference":{"reference":"ValueSet/TR-AW-Airway-Adjuncts-VS"},"name":"Airway Adjuncts Procedures","description":"Includes SNOMED CT codes for procedures related to airway adjuncts, such as oropharyngeal and nasopharyngeal airway insertion.","exampleBoolean":false,"groupingId":"-term-valueset"},{"extension":[{"url":"http://hl7.org/fhir/tools/StructureDefinition/resource-sort","valueInteger":999999999},{"url":"http://hl7.org/fhir/StructureDefinition/implementationguide-page","valueUri":"ValueSet-TR-AW-Airway-Obstruction-Causes-Breathing-Sounds-VS.html"}],"reference":{"reference":"ValueSet/TR-AW-Airway-Obstruction-Causes-Breathing-Sounds-VS"},"name":"Breathing Sounds","description":"Certain breathing sounds are an indication for aw obstruction.","exampleBoolean":false,"groupingId":"-term-valueset"},{"extension":[{"url":"http://hl7.org/fhir/tools/StructureDefinition/resource-sort","valueInteger":999999999},{"url":"http://hl7.org/fhir/StructureDefinition/implementationguide-page","valueUri":"ValueSet-TR-AW-Cervical-Spine-Assessment-VS.html"}],"reference":{"reference":"ValueSet/TR-AW-Cervical-Spine-Assessment-VS"},"name":"Cervical Spine Assessment Codes","description":"Includes SNOMED CT codes related to cervical spine injuries and assessments.","exampleBoolean":false,"groupingId":"-term-valueset"},{"extension":[{"url":"http://hl7.org/fhir/tools/StructureDefinition/resource-sort","valueInteger":999999999},{"url":"http://hl7.org/fhir/StructureDefinition/implementationguide-page","valueUri":"ValueSet-TR-AW-Cervical-Spine-Intervention-VS.html"}],"reference":{"reference":"ValueSet/TR-AW-Cervical-Spine-Intervention-VS"},"name":"Cervical Spine Intervention Codes","description":"Includes SNOMED CT codes related to cervical spine immobilization and stabilization procedures.","exampleBoolean":false,"groupingId":"-term-valueset"},{"extension":[{"url":"http://hl7.org/fhir/tools/StructureDefinition/resource-sort","valueInteger":999999999},{"url":"http://hl7.org/fhir/StructureDefinition/implementationguide-page","valueUri":"ValueSet-TR-AW-Airway-Clearance-VS.html"}],"reference":{"reference":"ValueSet/TR-AW-Airway-Clearance-VS"},"name":"Codes for clearing airway","description":"Includes SNOMED CT codes related to airway clearance procedures and findings.","exampleBoolean":false,"groupingId":"-term-valueset"},{"extension":[{"url":"http://hl7.org/fhir/tools/StructureDefinition/resource-sort","valueInteger":999999999},{"url":"http://hl7.org/fhir/StructureDefinition/implementationguide-page","valueUri":"ValueSet-TR-Conditions-VS.html"}],"reference":{"reference":"ValueSet/TR-Conditions-VS"},"name":"Conditons","description":"This value set should have the most important arbeitsdiagnonsen","exampleBoolean":false,"groupingId":"-term-valueset"},{"extension":[{"url":"http://hl7.org/fhir/tools/StructureDefinition/resource-sort","valueInteger":999999999},{"url":"http://hl7.org/fhir/StructureDefinition/implementationguide-page","valueUri":"ValueSet-TR-GI-Decision-Making-VS.html"}],"reference":{"reference":"ValueSet/TR-GI-Decision-Making-VS"},"name":"Decision Codes General Impression","description":"Roughly defines what options after General Impression","exampleBoolean":false,"groupingId":"-term-valueset"},{"extension":[{"url":"http://hl7.org/fhir/tools/StructureDefinition/resource-sort","valueInteger":999999999},{"url":"http://hl7.org/fhir/StructureDefinition/implementationguide-page","valueUri":"ValueSet-TR-Circulation-Bleeding-Control-VS.html"}],"reference":{"reference":"ValueSet/TR-Circulation-Bleeding-Control-VS"},"name":"Different Codes for Bleeding Control","description":"Getting the patient to stop bleeding with these different methods.","exampleBoolean":false,"groupingId":"-term-valueset"},{"extension":[{"url":"http://hl7.org/fhir/tools/StructureDefinition/resource-sort","valueInteger":999999999},{"url":"http://hl7.org/fhir/StructureDefinition/implementationguide-page","valueUri":"ValueSet-TR-AW-Airway-Obstruction-Causes-Fluid-VS.html"}],"reference":{"reference":"ValueSet/TR-AW-Airway-Obstruction-Causes-Fluid-VS"},"name":"Fluid in the airway codes","description":"Describes different ways of suffocating due to fluids in the upper AW","exampleBoolean":false,"groupingId":"-term-valueset"},{"extension":[{"url":"http://hl7.org/fhir/tools/StructureDefinition/resource-sort","valueInteger":999999999},{"url":"http://hl7.org/fhir/StructureDefinition/implementationguide-page","valueUri":"ValueSet-TR-AW-Airway-Obstruction-Causes-Foreign-Body-VS.html"}],"reference":{"reference":"ValueSet/TR-AW-Airway-Obstruction-Causes-Foreign-Body-VS"},"name":"Foreign Body Obstruction of AW","description":"Different foreign bodies that can cause an obstruction","exampleBoolean":false,"groupingId":"-term-valueset"},{"extension":[{"url":"http://hl7.org/fhir/tools/StructureDefinition/resource-sort","valueInteger":999999999},{"url":"http://hl7.org/fhir/StructureDefinition/implementationguide-page","valueUri":"ValueSet-TR-GI-AW-Patency-VS.html"}],"reference":{"reference":"ValueSet/TR-GI-AW-Patency-VS"},"name":"General Impresion AW Patency","description":"Codes related to Blickdiagnose AW Patency","exampleBoolean":false,"groupingId":"-term-valueset"},{"extension":[{"url":"http://hl7.org/fhir/tools/StructureDefinition/resource-sort","valueInteger":999999999},{"url":"http://hl7.org/fhir/StructureDefinition/implementationguide-page","valueUri":"ValueSet-TR-GI-Mental-Status-VS.html"}],"reference":{"reference":"ValueSet/TR-GI-Mental-Status-VS"},"name":"General Impression Mental Status","description":"This value has some first impressions of the mental state of the patient.","exampleBoolean":false,"groupingId":"-term-valueset"},{"extension":[{"url":"http://hl7.org/fhir/tools/StructureDefinition/resource-sort","valueInteger":999999999},{"url":"http://hl7.org/fhir/StructureDefinition/implementationguide-page","valueUri":"ValueSet-TR-GI-Circulation-Impression-VS.html"}],"reference":{"reference":"ValueSet/TR-GI-Circulation-Impression-VS"},"name":"General Impression of Circulation","description":"Used to judge if patient coulsd be in potential shock","exampleBoolean":false,"groupingId":"-term-valueset"},{"extension":[{"url":"http://hl7.org/fhir/tools/StructureDefinition/resource-sort","valueInteger":999999999},{"url":"http://hl7.org/fhir/StructureDefinition/implementationguide-page","valueUri":"ValueSet-TR-GI-Impression-Procedure-VS.html"}],"reference":{"reference":"ValueSet/TR-GI-Impression-Procedure-VS"},"name":"General Impression of Circulation Procedures","description":"Used to judge if patient coulsd be in potential shock","exampleBoolean":false,"groupingId":"-term-valueset"},{"extension":[{"url":"http://hl7.org/fhir/tools/StructureDefinition/resource-sort","valueInteger":999999999},{"url":"http://hl7.org/fhir/StructureDefinition/implementationguide-page","valueUri":"ValueSet-TR-AW-Airway-Obstruction-Causes-Structure-VS.html"}],"reference":{"reference":"ValueSet/TR-AW-Airway-Obstruction-Causes-Structure-VS"},"name":"Obstruction caused due to change in Neck Structure","description":"Trauma to the neck or head can cause airway to close up.","exampleBoolean":false,"groupingId":"-term-valueset"},{"extension":[{"url":"http://hl7.org/fhir/tools/StructureDefinition/resource-sort","valueInteger":999999999},{"url":"http://hl7.org/fhir/StructureDefinition/implementationguide-page","valueUri":"ValueSet-TR-AW-Airway-Opening-Maneuvers-VS.html"}],"reference":{"reference":"ValueSet/TR-AW-Airway-Opening-Maneuvers-VS"},"name":"Opening Maneuvers","description":"Different Ways of opening the patients mouth","exampleBoolean":false,"groupingId":"-term-valueset"},{"extension":[{"url":"http://hl7.org/fhir/tools/StructureDefinition/resource-sort","valueInteger":999999999},{"url":"http://hl7.org/fhir/StructureDefinition/implementationguide-page","valueUri":"ValueSet-TR-C-Skin-Assessment-VS.html"}],"reference":{"reference":"ValueSet/TR-C-Skin-Assessment-VS"},"name":"Skin Assessment Values","description":"Includes LOINC codes related to the Skin assessment panel 72284-3.","exampleBoolean":false,"groupingId":"-term-valueset"},{"extension":[{"url":"http://hl7.org/fhir/tools/StructureDefinition/resource-sort","valueInteger":999999999},{"url":"http://hl7.org/fhir/StructureDefinition/implementationguide-page","valueUri":"ValueSet-TR-AW-Airway-Obstruction-Causes-VS.html"}],"reference":{"reference":"ValueSet/TR-AW-Airway-Obstruction-Causes-VS"},"name":"Softtissue AW Obstruction","description":"Obstruction of Airway due to Softtissue without head or neck trauma","exampleBoolean":false,"groupingId":"-term-valueset"},{"extension":[{"url":"http://hl7.org/fhir/tools/StructureDefinition/resource-sort","valueInteger":999999999},{"url":"http://hl7.org/fhir/StructureDefinition/implementationguide-page","valueUri":"ValueSet-TR-AW-AW-Status-VS.html"}],"reference":{"reference":"ValueSet/TR-AW-AW-Status-VS"},"name":"Status of Airway","description":"Codes to define if theres not a A problem","exampleBoolean":false,"groupingId":"-term-valueset"},{"extension":[{"url":"http://hl7.org/fhir/tools/StructureDefinition/resource-sort","valueInteger":999999999},{"url":"http://hl7.org/fhir/StructureDefinition/implementationguide-page","valueUri":"ValueSet-Severity-VS.html"}],"reference":{"reference":"ValueSet/Severity-VS"},"name":"VS  Severity","description":"ValueSet expressing the severity or presence of something","exampleBoolean":false,"groupingId":"-term-valueset"},{"extension":[{"url":"http://hl7.org/fhir/tools/StructureDefinition/resource-sort","valueInteger":999999999},{"url":"http://hl7.org/fhir/StructureDefinition/implementationguide-page","valueUri":"ValueSet-Anatomical-Terminology.html"}],"reference":{"reference":"ValueSet/Anatomical-Terminology"},"name":"VS Anatomical Terminology","description":"Anatomical Terminology","exampleBoolean":false,"groupingId":"-term-valueset"},{"extension":[{"url":"http://hl7.org/fhir/tools/StructureDefinition/resource-sort","valueInteger":999999999},{"url":"http://hl7.org/fhir/StructureDefinition/implementationguide-page","valueUri":"ValueSet-TR-D-Fast-VS.html"}],"reference":{"reference":"ValueSet/TR-D-Fast-VS"},"name":"VS for FAST Assessment","description":"ValueSet for  SNOMED CT concepts used for a FAST assessment.","exampleBoolean":false,"groupingId":"-term-valueset"},{"extension":[{"url":"http://hl7.org/fhir/tools/StructureDefinition/resource-sort","valueInteger":999999999},{"url":"http://hl7.org/fhir/StructureDefinition/implementationguide-page","valueUri":"CodeSystem-tr-general-codes-cs.html"}],"reference":{"reference":"CodeSystem/tr-general-codes-cs"},"name":"TR CodeSystem","description":"All custom codes relevant for IG","exampleBoolean":false,"groupingId":"-term-codesystem"},{"extension":[{"url":"http://hl7.org/fhir/tools/StructureDefinition/resource-sort","valueInteger":999999999},{"url":"http://hl7.org/fhir/StructureDefinition/implementationguide-page","valueUri":"Procedure-uc1-TR-AW-Airway-Adjuncts-Procedure.html"}],"reference":{"reference":"Procedure/uc1-TR-AW-Airway-Adjuncts-Procedure"},"name":"Airway Adjuncts Procedure","description":"Nasopharyngeal airway placed to maintain passage.","exampleCanonical":"http://example.org/StructureDefinition/tr-aw-airway-adjuncts-procedure","groupingId":"-ex-example"},{"extension":[{"url":"http://hl7.org/fhir/tools/StructureDefinition/resource-sort","valueInteger":999999999},{"url":"http://hl7.org/fhir/StructureDefinition/implementationguide-page","valueUri":"Procedure-uc1-TR-AW-Airway-Clearance-Procedure.html"}],"reference":{"reference":"Procedure/uc1-TR-AW-Airway-Clearance-Procedure"},"name":"Airway Clearance Procedure","description":"Suctioning performed to clear blood, secretions, and foreign bodies.","exampleCanonical":"http://example.org/StructureDefinition/tr-aw-airway-clearance-procedure","groupingId":"-ex-example"},{"extension":[{"url":"http://hl7.org/fhir/tools/StructureDefinition/resource-sort","valueInteger":999999999},{"url":"http://hl7.org/fhir/StructureDefinition/implementationguide-page","valueUri":"Procedure-uc1-TR-AW-Opening-Manuver-Procedure.html"}],"reference":{"reference":"Procedure/uc1-TR-AW-Opening-Manuver-Procedure"},"name":"Airway Opening Maneuver","description":"Modified jaw thrust applied due to suspected neck injury.","exampleCanonical":"http://example.org/StructureDefinition/tr-aw-opening-maneuver-procedure","groupingId":"-ex-example"},{"extension":[{"url":"http://hl7.org/fhir/tools/StructureDefinition/resource-sort","valueInteger":999999999},{"url":"http://hl7.org/fhir/StructureDefinition/implementationguide-page","valueUri":"Observation-uc1-TR-GI-Airway-Patency-Observation.html"}],"reference":{"reference":"Observation/uc1-TR-GI-Airway-Patency-Observation"},"name":"Airway Patency","description":"Example for General Impression: Airway Patency - Patient unresponsive, does not speak","exampleCanonical":"http://example.org/StructureDefinition/tr-gi-airwaypatencyobservation","groupingId":"-ex-example"},{"extension":[{"url":"http://hl7.org/fhir/tools/StructureDefinition/resource-sort","valueInteger":999999999},{"url":"http://hl7.org/fhir/StructureDefinition/implementationguide-page","valueUri":"Observation-uc1-TR-AW-Breathing-Sound-Observation.html"}],"reference":{"reference":"Observation/uc1-TR-AW-Breathing-Sound-Observation"},"name":"Breathing Sounds Observation","description":"Observation related to breathing sounds, such as wheezing or stridor.","exampleCanonical":"http://example.org/StructureDefinition/tr-aw-breathing-sound-observation","groupingId":"-ex-example"},{"extension":[{"url":"http://hl7.org/fhir/tools/StructureDefinition/resource-sort","valueInteger":999999999},{"url":"http://hl7.org/fhir/StructureDefinition/implementationguide-page","valueUri":"Observation-uc1-TR-AW-Cervical-Spine-Assessment-Observation.html"}],"reference":{"reference":"Observation/uc1-TR-AW-Cervical-Spine-Assessment-Observation"},"name":"Cervical Spine Assessment Observation","description":"Cervical spine found tender with instability.","exampleCanonical":"http://example.org/StructureDefinition/tr-aw-cervical-spine-assessment-observation","groupingId":"-ex-example"},{"extension":[{"url":"http://hl7.org/fhir/tools/StructureDefinition/resource-sort","valueInteger":999999999},{"url":"http://hl7.org/fhir/StructureDefinition/implementationguide-page","valueUri":"Procedure-uc1-TR-AW-Cervical-Spine-Intervention-Procedure.html"}],"reference":{"reference":"Procedure/uc1-TR-AW-Cervical-Spine-Intervention-Procedure"},"name":"Cervical Spine Intervention","description":"Cervical collar applied for immobilization.","exampleCanonical":"http://example.org/StructureDefinition/tr-aw-cervical-spine-intervention-procedure","groupingId":"-ex-example"},{"extension":[{"url":"http://hl7.org/fhir/tools/StructureDefinition/resource-sort","valueInteger":999999999},{"url":"http://hl7.org/fhir/StructureDefinition/implementationguide-page","valueUri":"Observation-uc1-TR-GI-Circulatory-Impression-Observation.html"}],"reference":{"reference":"Observation/uc1-TR-GI-Circulatory-Impression-Observation"},"name":"Circulatory Impression","description":"Example for General Impression: Circulatory condition – Radial pulse weak and thready","exampleCanonical":"http://example.org/StructureDefinition/tr-gi-circulatory-impression-observation","groupingId":"-ex-example"},{"extension":[{"url":"http://hl7.org/fhir/tools/StructureDefinition/resource-sort","valueInteger":999999999},{"url":"http://hl7.org/fhir/StructureDefinition/implementationguide-page","valueUri":"Procedure-uc1-TR-GI-Circulatory-Impression-Procedure.html"}],"reference":{"reference":"Procedure/uc1-TR-GI-Circulatory-Impression-Procedure"},"name":"Circulatory Impression Procedure","description":"Example for General Impression: Manual pulse taking due to hemodynamic instability","exampleCanonical":"http://example.org/StructureDefinition/tr-gi-circulatory-impression-procedure","groupingId":"-ex-example"},{"extension":[{"url":"http://hl7.org/fhir/tools/StructureDefinition/resource-sort","valueInteger":999999999},{"url":"http://hl7.org/fhir/StructureDefinition/implementationguide-page","valueUri":"Observation-uc1-TR-GI-Decision-Making-Observation.html"}],"reference":{"reference":"Observation/uc1-TR-GI-Decision-Making-Observation"},"name":"Decision Making Impression","description":"Example for General Impression: Urgent transfer to trauma center indicated","exampleCanonical":"http://example.org/StructureDefinition/tr-gi-decision-making-observation","groupingId":"-ex-example"},{"extension":[{"url":"http://hl7.org/fhir/tools/StructureDefinition/resource-sort","valueInteger":999999999},{"url":"http://hl7.org/fhir/StructureDefinition/implementationguide-page","valueUri":"Bundle-uc1-bundle.html"}],"reference":{"reference":"Bundle/uc1-bundle"},"name":"Document Bundle Instance","description":"An instance of a document Bundle containing use case 1 composition.","exampleCanonical":"http://example.org/StructureDefinition/tr-bundle","groupingId":"-ex-example"},{"extension":[{"url":"http://hl7.org/fhir/tools/StructureDefinition/resource-sort","valueInteger":999999999},{"url":"http://hl7.org/fhir/StructureDefinition/implementationguide-page","valueUri":"Encounter-uc1-Motor-Vehicle-Collision.html"}],"reference":{"reference":"Encounter/uc1-Motor-Vehicle-Collision"},"name":"Encounter corresponding to MVC","description":"Encounter made during the treatment of person in MVC","exampleCanonical":"http://example.org/StructureDefinition/trauma-encounter","groupingId":"-ex-example"},{"extension":[{"url":"http://hl7.org/fhir/tools/StructureDefinition/resource-sort","valueInteger":999999999},{"url":"http://hl7.org/fhir/StructureDefinition/implementationguide-page","valueUri":"Observation-uc1-TR-D-Neuro-FAST-Observations.html"}],"reference":{"reference":"Observation/uc1-TR-D-Neuro-FAST-Observations"},"name":"FAST Assessment","description":"Assessment to identify stroke (Insult) symptoms in trauma patients.","exampleCanonical":"http://example.org/StructureDefinition/tr-d-neuro-fast-observations","groupingId":"-ex-example"},{"extension":[{"url":"http://hl7.org/fhir/tools/StructureDefinition/resource-sort","valueInteger":999999999},{"url":"http://hl7.org/fhir/StructureDefinition/implementationguide-page","valueUri":"Observation-uc1-TR-AW-Fluids-In-AW-Observation.html"}],"reference":{"reference":"Observation/uc1-TR-AW-Fluids-In-AW-Observation"},"name":"Fluids in Airway Observation","description":"Observation related to airway obstruction due to fluids.","exampleCanonical":"http://example.org/StructureDefinition/tr-aw-fluids-in-aw-observation","groupingId":"-ex-example"},{"extension":[{"url":"http://hl7.org/fhir/tools/StructureDefinition/resource-sort","valueInteger":999999999},{"url":"http://hl7.org/fhir/StructureDefinition/implementationguide-page","valueUri":"Observation-uc1-TR-AW-Foreign-Body-AW-Observation.html"}],"reference":{"reference":"Observation/uc1-TR-AW-Foreign-Body-AW-Observation"},"name":"Foreign Body in Airway Observation","description":"Observation of airway obstruction due to foreign bodies.","exampleCanonical":"http://example.org/StructureDefinition/tr-aw-foreign-body-aw-observation","groupingId":"-ex-example"},{"extension":[{"url":"http://hl7.org/fhir/tools/StructureDefinition/resource-sort","valueInteger":999999999},{"url":"http://hl7.org/fhir/StructureDefinition/implementationguide-page","valueUri":"Procedure-uc1-Helicopter-Air-Ambulance-Activation.html"}],"reference":{"reference":"Procedure/uc1-Helicopter-Air-Ambulance-Activation"},"name":"Helicopter Air Ambulance Activation","description":"Provision of helicopter air ambulance after general impression and decision","exampleCanonical":"http://example.org/StructureDefinition/tr-gi-decision-making-procedure","groupingId":"-ex-example"},{"extension":[{"url":"http://hl7.org/fhir/tools/StructureDefinition/resource-sort","valueInteger":999999999},{"url":"http://hl7.org/fhir/StructureDefinition/implementationguide-page","valueUri":"Observation-uc1-TR-GI-Mental-Status-Impression-Observation.html"}],"reference":{"reference":"Observation/uc1-TR-GI-Mental-Status-Impression-Observation"},"name":"Mental Status Impression","description":"Example for General Impression: Poor response to external stimuli","exampleCanonical":"http://example.org/StructureDefinition/tr-gi-mental-status-impression-observation","groupingId":"-ex-example"},{"extension":[{"url":"http://hl7.org/fhir/tools/StructureDefinition/resource-sort","valueInteger":999999999},{"url":"http://hl7.org/fhir/StructureDefinition/implementationguide-page","valueUri":"Observation-uc1-TR-Br-Breathing-Disorder-Of-Thorax-Observation.html"}],"reference":{"reference":"Observation/uc1-TR-Br-Breathing-Disorder-Of-Thorax-Observation"},"name":"Respiratory chest wall movement","description":"Chest wall movement noted to be asymmetric on the left. Haematothorax observed.","exampleCanonical":"http://example.org/StructureDefinition/tr-br-breathing-disorder-of-thorax-observation","groupingId":"-ex-example"},{"extension":[{"url":"http://hl7.org/fhir/tools/StructureDefinition/resource-sort","valueInteger":999999999},{"url":"http://hl7.org/fhir/StructureDefinition/implementationguide-page","valueUri":"Observation-uc1-TR-Circulation-Skin-Assessment-Observation.html"}],"reference":{"reference":"Observation/uc1-TR-Circulation-Skin-Assessment-Observation"},"name":"Skin assessment","description":"Skin assessment for trauma using LOINC 72284-3 Panel.","exampleCanonical":"http://example.org/StructureDefinition/tr-circulation-skin-assessment-observation","groupingId":"-ex-example"},{"extension":[{"url":"http://hl7.org/fhir/tools/StructureDefinition/resource-sort","valueInteger":999999999},{"url":"http://hl7.org/fhir/StructureDefinition/implementationguide-page","valueUri":"Observation-uc1-TR-AW-Soft-Tissue-Collaps-Observation.html"}],"reference":{"reference":"Observation/uc1-TR-AW-Soft-Tissue-Collaps-Observation"},"name":"Soft Tissue Collapse in Airway Observation","description":"Observation related to airway obstruction due to soft tissue collapse.","exampleCanonical":"http://example.org/StructureDefinition/tr-aw-soft-tissue-collaps-observation","groupingId":"-ex-example"},{"extension":[{"url":"http://hl7.org/fhir/tools/StructureDefinition/resource-sort","valueInteger":999999999},{"url":"http://hl7.org/fhir/StructureDefinition/implementationguide-page","valueUri":"Observation-uc1-TR-AW-Structual-Change-In-AW-Observation.html"}],"reference":{"reference":"Observation/uc1-TR-AW-Structual-Change-In-AW-Observation"},"name":"Structural Changes in Airway Observation","description":"Observation of airway obstructions due to structural changes like swelling or trauma.","exampleCanonical":"http://example.org/StructureDefinition/tr-aw-structual-change-in-aw-observation","groupingId":"-ex-example"},{"extension":[{"url":"http://hl7.org/fhir/tools/StructureDefinition/resource-sort","valueInteger":999999999},{"url":"http://hl7.org/fhir/StructureDefinition/implementationguide-page","valueUri":"Composition-uc1-tr-composition.html"}],"reference":{"reference":"Composition/uc1-tr-composition"},"name":"UC1 TR Composition","description":"Structured documentation of the primary clinical assessment.","exampleCanonical":"http://example.org/StructureDefinition/tr-composition","groupingId":"-ex-example"},{"extension":[{"url":"http://hl7.org/fhir/tools/StructureDefinition/resource-sort","valueInteger":999999999},{"url":"http://hl7.org/fhir/StructureDefinition/implementationguide-page","valueUri":"Patient-uc1-Nomen-Nescio.html"}],"reference":{"reference":"Patient/uc1-Nomen-Nescio"},"name":"uc1-Nomen-Nescio","exampleCanonical":"http://example.org/StructureDefinition/trauma-patient","groupingId":"-ex-example"}],"page":{"extension":[{"url":"http://hl7.org/fhir/tools/StructureDefinition/ig-page-name","valueUrl":"toc.html"}],"nameUrl":"toc.html","title":"Table of Contents","generation":"html","page":[{"extension":[{"url":"http://hl7.org/fhir/tools/StructureDefinition/ig-page-name","valueUrl":"index.html"}],"nameUrl":"index.html","title":"Home","generation":"markdown"},{"extension":[{"url":"http://hl7.org/fhir/tools/StructureDefinition/ig-page-name","valueUrl":"background.html"}],"nameUrl":"background.html","title":"Background","generation":"markdown"},{"extension":[{"url":"http://hl7.org/fhir/tools/StructureDefinition/ig-page-name","valueUrl":"examples.html"}],"nameUrl":"examples.html","title":"Examples","generation":"markdown"},{"extension":[{"url":"http://hl7.org/fhir/tools/StructureDefinition/ig-page-name","valueUrl":"usecase.html"}],"nameUrl":"usecase.html","title":"Usecase","generation":"markdown"},{"extension":[{"url":"http://hl7.org/fhir/tools/StructureDefinition/ig-page-name","valueUrl":"artifacts.html"}],"nameUrl":"artifacts.html","title":"Artifacts Summary","generation":"html","page":[{"extension":[{"url":"http://hl7.org/fhir/tools/StructureDefinition/ig-page-name","valueUrl":"StructureDefinition-tr-br-breathing-medication-oxygen-procedure.html"}],"nameUrl":"StructureDefinition-tr-br-breathing-medication-oxygen-procedure.html","title":"Administration of Oxygen","generation":"generated"},{"extension":[{"url":"http://hl7.org/fhir/tools/StructureDefinition/ig-page-name","valueUrl":"StructureDefinition-tr-aw-airway-adjuncts-procedure.html"}],"nameUrl":"StructureDefinition-tr-aw-airway-adjuncts-procedure.html","title":"Airway Adjuncts Procedures","generation":"generated"},{"extension":[{"url":"http://hl7.org/fhir/tools/StructureDefinition/ig-page-name","valueUrl":"StructureDefinition-tr-aw-airway-clearance-procedure.html"}],"nameUrl":"StructureDefinition-tr-aw-airway-clearance-procedure.html","title":"Airway Clearance","generation":"generated"},{"extension":[{"url":"http://hl7.org/fhir/tools/StructureDefinition/ig-page-name","valueUrl":"StructureDefinition-tr-aw-opening-maneuver-procedure.html"}],"nameUrl":"StructureDefinition-tr-aw-opening-maneuver-procedure.html","title":"Airway Opening Maneuvers","generation":"generated"},{"extension":[{"url":"http://hl7.org/fhir/tools/StructureDefinition/ig-page-name","valueUrl":"StructureDefinition-tr-aw-status-observation.html"}],"nameUrl":"StructureDefinition-tr-aw-status-observation.html","title":"Airway Status","generation":"generated"},{"extension":[{"url":"http://hl7.org/fhir/tools/StructureDefinition/ig-page-name","valueUrl":"StructureDefinition-trauma-encounter.html"}],"nameUrl":"StructureDefinition-trauma-encounter.html","title":"Base Trauma Encounter","generation":"generated"},{"extension":[{"url":"http://hl7.org/fhir/tools/StructureDefinition/ig-page-name","valueUrl":"StructureDefinition-trauma-observation.html"}],"nameUrl":"StructureDefinition-trauma-observation.html","title":"Base Trauma IG Observation","generation":"generated"},{"extension":[{"url":"http://hl7.org/fhir/tools/StructureDefinition/ig-page-name","valueUrl":"StructureDefinition-trauma-patient.html"}],"nameUrl":"StructureDefinition-trauma-patient.html","title":"Base Trauma Patient","generation":"generated"},{"extension":[{"url":"http://hl7.org/fhir/tools/StructureDefinition/ig-page-name","valueUrl":"StructureDefinition-trauma-procedure.html"}],"nameUrl":"StructureDefinition-trauma-procedure.html","title":"Base Trauma Procedure","generation":"generated"},{"extension":[{"url":"http://hl7.org/fhir/tools/StructureDefinition/ig-page-name","valueUrl":"StructureDefinition-tr-aw-breathing-sound-observation.html"}],"nameUrl":"StructureDefinition-tr-aw-breathing-sound-observation.html","title":"Breathing Sounds Observation","generation":"generated"},{"extension":[{"url":"http://hl7.org/fhir/tools/StructureDefinition/ig-page-name","valueUrl":"StructureDefinition-tr-circulation-cardiac-arrest-observation.html"}],"nameUrl":"StructureDefinition-tr-circulation-cardiac-arrest-observation.html","title":"Cardiac Arrest","generation":"generated"},{"extension":[{"url":"http://hl7.org/fhir/tools/StructureDefinition/ig-page-name","valueUrl":"StructureDefinition-tr-circulation-cpr-procedure.html"}],"nameUrl":"StructureDefinition-tr-circulation-cpr-procedure.html","title":"Cardiopulmonary resuscitation","generation":"generated"},{"extension":[{"url":"http://hl7.org/fhir/tools/StructureDefinition/ig-page-name","valueUrl":"StructureDefinition-tr-aw-cervical-spine-assessment-observation.html"}],"nameUrl":"StructureDefinition-tr-aw-cervical-spine-assessment-observation.html","title":"Cervical Spine Assessment Observation","generation":"generated"},{"extension":[{"url":"http://hl7.org/fhir/tools/StructureDefinition/ig-page-name","valueUrl":"StructureDefinition-tr-aw-cervical-spine-intervention-procedure.html"}],"nameUrl":"StructureDefinition-tr-aw-cervical-spine-intervention-procedure.html","title":"Cervical Spine Intervention","generation":"generated"},{"extension":[{"url":"http://hl7.org/fhir/tools/StructureDefinition/ig-page-name","valueUrl":"StructureDefinition-tr-gi-decision-making-procedure.html"}],"nameUrl":"StructureDefinition-tr-gi-decision-making-procedure.html","title":"Decision Making after General Impresission","generation":"generated"},{"extension":[{"url":"http://hl7.org/fhir/tools/StructureDefinition/ig-page-name","valueUrl":"StructureDefinition-tr-gi-decision-making-observation.html"}],"nameUrl":"StructureDefinition-tr-gi-decision-making-observation.html","title":"Decision Making Observation","generation":"generated"},{"extension":[{"url":"http://hl7.org/fhir/tools/StructureDefinition/ig-page-name","valueUrl":"StructureDefinition-tr-br-breathing-disorder-of-thorax-observation.html"}],"nameUrl":"StructureDefinition-tr-br-breathing-disorder-of-thorax-observation.html","title":"Disorder of thoracic cavity","generation":"generated"},{"extension":[{"url":"http://hl7.org/fhir/tools/StructureDefinition/ig-page-name","valueUrl":"StructureDefinition-tr-bundle.html"}],"nameUrl":"StructureDefinition-tr-bundle.html","title":"Document Bundle","generation":"generated"},{"extension":[{"url":"http://hl7.org/fhir/tools/StructureDefinition/ig-page-name","valueUrl":"StructureDefinition-tr-d-neuro-fast-observations.html"}],"nameUrl":"StructureDefinition-tr-d-neuro-fast-observations.html","title":"Fast Assessment","generation":"generated"},{"extension":[{"url":"http://hl7.org/fhir/tools/StructureDefinition/ig-page-name","valueUrl":"StructureDefinition-tr-aw-fluids-in-aw-observation.html"}],"nameUrl":"StructureDefinition-tr-aw-fluids-in-aw-observation.html","title":"Fluids in Airway Observation","generation":"generated"},{"extension":[{"url":"http://hl7.org/fhir/tools/StructureDefinition/ig-page-name","valueUrl":"StructureDefinition-tr-aw-foreign-body-aw-observation.html"}],"nameUrl":"StructureDefinition-tr-aw-foreign-body-aw-observation.html","title":"Foreign Body in Airway Observation","generation":"generated"},{"extension":[{"url":"http://hl7.org/fhir/tools/StructureDefinition/ig-page-name","valueUrl":"StructureDefinition-tr-gi-airwaypatencyobservation.html"}],"nameUrl":"StructureDefinition-tr-gi-airwaypatencyobservation.html","title":"General Impression Airway Patency","generation":"generated"},{"extension":[{"url":"http://hl7.org/fhir/tools/StructureDefinition/ig-page-name","valueUrl":"StructureDefinition-tr-gi-circulatory-impression-observation.html"}],"nameUrl":"StructureDefinition-tr-gi-circulatory-impression-observation.html","title":"General Impression Circulatory Observation","generation":"generated"},{"extension":[{"url":"http://hl7.org/fhir/tools/StructureDefinition/ig-page-name","valueUrl":"StructureDefinition-tr-br-breathing-medication-oxygen-ma.html"}],"nameUrl":"StructureDefinition-tr-br-breathing-medication-oxygen-ma.html","title":"MedicationAdministration of Oxygen","generation":"generated"},{"extension":[{"url":"http://hl7.org/fhir/tools/StructureDefinition/ig-page-name","valueUrl":"StructureDefinition-tr-br-breathing-intervention-tension-pneumothorax-procedure.html"}],"nameUrl":"StructureDefinition-tr-br-breathing-intervention-tension-pneumothorax-procedure.html","title":"Needle decomp because of tension pneumothorax","generation":"generated"},{"extension":[{"url":"http://hl7.org/fhir/tools/StructureDefinition/ig-page-name","valueUrl":"StructureDefinition-tr-br-breathing-finding-respiration-rate-observation.html"}],"nameUrl":"StructureDefinition-tr-br-breathing-finding-respiration-rate-observation.html","title":"Observation of Breathing rate","generation":"generated"},{"extension":[{"url":"http://hl7.org/fhir/tools/StructureDefinition/ig-page-name","valueUrl":"StructureDefinition-tr-gi-mental-status-impression-observation.html"}],"nameUrl":"StructureDefinition-tr-gi-mental-status-impression-observation.html","title":"Observation of General Impression of Mental State of Patient","generation":"generated"},{"extension":[{"url":"http://hl7.org/fhir/tools/StructureDefinition/ig-page-name","valueUrl":"StructureDefinition-tr-circulation-bleeding-control-ps-observation.html"}],"nameUrl":"StructureDefinition-tr-circulation-bleeding-control-ps-observation.html","title":"Observation of Pelvic Fracture","generation":"generated"},{"extension":[{"url":"http://hl7.org/fhir/tools/StructureDefinition/ig-page-name","valueUrl":"StructureDefinition-tr-br-breathing-finding-oxygen-saturation-observation.html"}],"nameUrl":"StructureDefinition-tr-br-breathing-finding-oxygen-saturation-observation.html","title":"Observation of SpO2","generation":"generated"},{"extension":[{"url":"http://hl7.org/fhir/tools/StructureDefinition/ig-page-name","valueUrl":"StructureDefinition-tr-circulation-bleeding-control-ps-procedure.html"}],"nameUrl":"StructureDefinition-tr-circulation-bleeding-control-ps-procedure.html","title":"Pelvic Sling Procedure","generation":"generated"},{"extension":[{"url":"http://hl7.org/fhir/tools/StructureDefinition/ig-page-name","valueUrl":"StructureDefinition-tr-circulation-bleeding-control-vs.html"}],"nameUrl":"StructureDefinition-tr-circulation-bleeding-control-vs.html","title":"Procedure for Bleeding Control","generation":"generated"},{"extension":[{"url":"http://hl7.org/fhir/tools/StructureDefinition/ig-page-name","valueUrl":"StructureDefinition-tr-gi-circulatory-impression-procedure.html"}],"nameUrl":"StructureDefinition-tr-gi-circulatory-impression-procedure.html","title":"Procedures to obtain a circulatory impression","generation":"generated"},{"extension":[{"url":"http://hl7.org/fhir/tools/StructureDefinition/ig-page-name","valueUrl":"StructureDefinition-tr-br-breathing-bag-mask-procedure.html"}],"nameUrl":"StructureDefinition-tr-br-breathing-bag-mask-procedure.html","title":"Respiratory assist, manual","generation":"generated"},{"extension":[{"url":"http://hl7.org/fhir/tools/StructureDefinition/ig-page-name","valueUrl":"StructureDefinition-tr-circulation-skin-assessment-observation.html"}],"nameUrl":"StructureDefinition-tr-circulation-skin-assessment-observation.html","title":"Skin assessment","generation":"generated"},{"extension":[{"url":"http://hl7.org/fhir/tools/StructureDefinition/ig-page-name","valueUrl":"StructureDefinition-tr-aw-soft-tissue-collaps-observation.html"}],"nameUrl":"StructureDefinition-tr-aw-soft-tissue-collaps-observation.html","title":"Soft Tissue Collapse in Airway Observation","generation":"generated"},{"extension":[{"url":"http://hl7.org/fhir/tools/StructureDefinition/ig-page-name","valueUrl":"StructureDefinition-tr-aw-structual-change-in-aw-observation.html"}],"nameUrl":"StructureDefinition-tr-aw-structual-change-in-aw-observation.html","title":"Structural Changes in Airway Observation","generation":"generated"},{"extension":[{"url":"http://hl7.org/fhir/tools/StructureDefinition/ig-page-name","valueUrl":"StructureDefinition-tr-composition.html"}],"nameUrl":"StructureDefinition-tr-composition.html","title":"TR Composition","generation":"generated"},{"extension":[{"url":"http://hl7.org/fhir/tools/StructureDefinition/ig-page-name","valueUrl":"StructureDefinition-tr-exp-examination-procedure.html"}],"nameUrl":"StructureDefinition-tr-exp-examination-procedure.html","title":"Trauma Check","generation":"generated"},{"extension":[{"url":"http://hl7.org/fhir/tools/StructureDefinition/ig-page-name","valueUrl":"StructureDefinition-pathologic-side.html"}],"nameUrl":"StructureDefinition-pathologic-side.html","title":"Pathologic Side","generation":"generated"},{"extension":[{"url":"http://hl7.org/fhir/tools/StructureDefinition/ig-page-name","valueUrl":"ValueSet-TR-AW-Airway-Adjuncts-VS.html"}],"nameUrl":"ValueSet-TR-AW-Airway-Adjuncts-VS.html","title":"Airway Adjuncts Procedures","generation":"generated"},{"extension":[{"url":"http://hl7.org/fhir/tools/StructureDefinition/ig-page-name","valueUrl":"ValueSet-TR-AW-Airway-Obstruction-Causes-Breathing-Sounds-VS.html"}],"nameUrl":"ValueSet-TR-AW-Airway-Obstruction-Causes-Breathing-Sounds-VS.html","title":"Breathing Sounds","generation":"generated"},{"extension":[{"url":"http://hl7.org/fhir/tools/StructureDefinition/ig-page-name","valueUrl":"ValueSet-TR-AW-Cervical-Spine-Assessment-VS.html"}],"nameUrl":"ValueSet-TR-AW-Cervical-Spine-Assessment-VS.html","title":"Cervical Spine Assessment Codes","generation":"generated"},{"extension":[{"url":"http://hl7.org/fhir/tools/StructureDefinition/ig-page-name","valueUrl":"ValueSet-TR-AW-Cervical-Spine-Intervention-VS.html"}],"nameUrl":"ValueSet-TR-AW-Cervical-Spine-Intervention-VS.html","title":"Cervical Spine Intervention Codes","generation":"generated"},{"extension":[{"url":"http://hl7.org/fhir/tools/StructureDefinition/ig-page-name","valueUrl":"ValueSet-TR-AW-Airway-Clearance-VS.html"}],"nameUrl":"ValueSet-TR-AW-Airway-Clearance-VS.html","title":"Codes for clearing airway","generation":"generated"},{"extension":[{"url":"http://hl7.org/fhir/tools/StructureDefinition/ig-page-name","valueUrl":"ValueSet-TR-Conditions-VS.html"}],"nameUrl":"ValueSet-TR-Conditions-VS.html","title":"Conditons","generation":"generated"},{"extension":[{"url":"http://hl7.org/fhir/tools/StructureDefinition/ig-page-name","valueUrl":"ValueSet-TR-GI-Decision-Making-VS.html"}],"nameUrl":"ValueSet-TR-GI-Decision-Making-VS.html","title":"Decision Codes General Impression","generation":"generated"},{"extension":[{"url":"http://hl7.org/fhir/tools/StructureDefinition/ig-page-name","valueUrl":"ValueSet-TR-Circulation-Bleeding-Control-VS.html"}],"nameUrl":"ValueSet-TR-Circulation-Bleeding-Control-VS.html","title":"Different Codes for Bleeding Control","generation":"generated"},{"extension":[{"url":"http://hl7.org/fhir/tools/StructureDefinition/ig-page-name","valueUrl":"ValueSet-TR-AW-Airway-Obstruction-Causes-Fluid-VS.html"}],"nameUrl":"ValueSet-TR-AW-Airway-Obstruction-Causes-Fluid-VS.html","title":"Fluid in the airway codes","generation":"generated"},{"extension":[{"url":"http://hl7.org/fhir/tools/StructureDefinition/ig-page-name","valueUrl":"ValueSet-TR-AW-Airway-Obstruction-Causes-Foreign-Body-VS.html"}],"nameUrl":"ValueSet-TR-AW-Airway-Obstruction-Causes-Foreign-Body-VS.html","title":"Foreign Body Obstruction of AW","generation":"generated"},{"extension":[{"url":"http://hl7.org/fhir/tools/StructureDefinition/ig-page-name","valueUrl":"ValueSet-TR-GI-AW-Patency-VS.html"}],"nameUrl":"ValueSet-TR-GI-AW-Patency-VS.html","title":"General Impresion AW Patency","generation":"generated"},{"extension":[{"url":"http://hl7.org/fhir/tools/StructureDefinition/ig-page-name","valueUrl":"ValueSet-TR-GI-Mental-Status-VS.html"}],"nameUrl":"ValueSet-TR-GI-Mental-Status-VS.html","title":"General Impression Mental Status","generation":"generated"},{"extension":[{"url":"http://hl7.org/fhir/tools/StructureDefinition/ig-page-name","valueUrl":"ValueSet-TR-GI-Circulation-Impression-VS.html"}],"nameUrl":"ValueSet-TR-GI-Circulation-Impression-VS.html","title":"General Impression of Circulation","generation":"generated"},{"extension":[{"url":"http://hl7.org/fhir/tools/StructureDefinition/ig-page-name","valueUrl":"ValueSet-TR-GI-Impression-Procedure-VS.html"}],"nameUrl":"ValueSet-TR-GI-Impression-Procedure-VS.html","title":"General Impression of Circulation Procedures","generation":"generated"},{"extension":[{"url":"http://hl7.org/fhir/tools/StructureDefinition/ig-page-name","valueUrl":"ValueSet-TR-AW-Airway-Obstruction-Causes-Structure-VS.html"}],"nameUrl":"ValueSet-TR-AW-Airway-Obstruction-Causes-Structure-VS.html","title":"Obstruction caused due to change in Neck Structure","generation":"generated"},{"extension":[{"url":"http://hl7.org/fhir/tools/StructureDefinition/ig-page-name","valueUrl":"ValueSet-TR-AW-Airway-Opening-Maneuvers-VS.html"}],"nameUrl":"ValueSet-TR-AW-Airway-Opening-Maneuvers-VS.html","title":"Opening Maneuvers","generation":"generated"},{"extension":[{"url":"http://hl7.org/fhir/tools/StructureDefinition/ig-page-name","valueUrl":"ValueSet-TR-C-Skin-Assessment-VS.html"}],"nameUrl":"ValueSet-TR-C-Skin-Assessment-VS.html","title":"Skin Assessment Values","generation":"generated"},{"extension":[{"url":"http://hl7.org/fhir/tools/StructureDefinition/ig-page-name","valueUrl":"ValueSet-TR-AW-Airway-Obstruction-Causes-VS.html"}],"nameUrl":"ValueSet-TR-AW-Airway-Obstruction-Causes-VS.html","title":"Softtissue AW Obstruction","generation":"generated"},{"extension":[{"url":"http://hl7.org/fhir/tools/StructureDefinition/ig-page-name","valueUrl":"ValueSet-TR-AW-AW-Status-VS.html"}],"nameUrl":"ValueSet-TR-AW-AW-Status-VS.html","title":"Status of Airway","generation":"generated"},{"extension":[{"url":"http://hl7.org/fhir/tools/StructureDefinition/ig-page-name","valueUrl":"ValueSet-Severity-VS.html"}],"nameUrl":"ValueSet-Severity-VS.html","title":"VS  Severity","generation":"generated"},{"extension":[{"url":"http://hl7.org/fhir/tools/StructureDefinition/ig-page-name","valueUrl":"ValueSet-Anatomical-Terminology.html"}],"nameUrl":"ValueSet-Anatomical-Terminology.html","title":"VS Anatomical Terminology","generation":"generated"},{"extension":[{"url":"http://hl7.org/fhir/tools/StructureDefinition/ig-page-name","valueUrl":"ValueSet-TR-D-Fast-VS.html"}],"nameUrl":"ValueSet-TR-D-Fast-VS.html","title":"VS for FAST Assessment","generation":"generated"},{"extension":[{"url":"http://hl7.org/fhir/tools/StructureDefinition/ig-page-name","valueUrl":"CodeSystem-tr-general-codes-cs.html"}],"nameUrl":"CodeSystem-tr-general-codes-cs.html","title":"TR CodeSystem","generation":"generated"},{"extension":[{"url":"http://hl7.org/fhir/tools/StructureDefinition/ig-page-name","valueUrl":"Procedure-uc1-TR-AW-Airway-Adjuncts-Procedure.html"}],"nameUrl":"Procedure-uc1-TR-AW-Airway-Adjuncts-Procedure.html","title":"Airway Adjuncts Procedure","generation":"generated"},{"extension":[{"url":"http://hl7.org/fhir/tools/StructureDefinition/ig-page-name","valueUrl":"Procedure-uc1-TR-AW-Airway-Clearance-Procedure.html"}],"nameUrl":"Procedure-uc1-TR-AW-Airway-Clearance-Procedure.html","title":"Airway Clearance Procedure","generation":"generated"},{"extension":[{"url":"http://hl7.org/fhir/tools/StructureDefinition/ig-page-name","valueUrl":"Procedure-uc1-TR-AW-Opening-Manuver-Procedure.html"}],"nameUrl":"Procedure-uc1-TR-AW-Opening-Manuver-Procedure.html","title":"Airway Opening Maneuver","generation":"generated"},{"extension":[{"url":"http://hl7.org/fhir/tools/StructureDefinition/ig-page-name","valueUrl":"Observation-uc1-TR-GI-Airway-Patency-Observation.html"}],"nameUrl":"Observation-uc1-TR-GI-Airway-Patency-Observation.html","title":"Airway Patency","generation":"generated"},{"extension":[{"url":"http://hl7.org/fhir/tools/StructureDefinition/ig-page-name","valueUrl":"Observation-uc1-TR-AW-Breathing-Sound-Observation.html"}],"nameUrl":"Observation-uc1-TR-AW-Breathing-Sound-Observation.html","title":"Breathing Sounds Observation","generation":"generated"},{"extension":[{"url":"http://hl7.org/fhir/tools/StructureDefinition/ig-page-name","valueUrl":"Observation-uc1-TR-AW-Cervical-Spine-Assessment-Observation.html"}],"nameUrl":"Observation-uc1-TR-AW-Cervical-Spine-Assessment-Observation.html","title":"Cervical Spine Assessment Observation","generation":"generated"},{"extension":[{"url":"http://hl7.org/fhir/tools/StructureDefinition/ig-page-name","valueUrl":"Procedure-uc1-TR-AW-Cervical-Spine-Intervention-Procedure.html"}],"nameUrl":"Procedure-uc1-TR-AW-Cervical-Spine-Intervention-Procedure.html","title":"Cervical Spine Intervention","generation":"generated"},{"extension":[{"url":"http://hl7.org/fhir/tools/StructureDefinition/ig-page-name","valueUrl":"Observation-uc1-TR-GI-Circulatory-Impression-Observation.html"}],"nameUrl":"Observation-uc1-TR-GI-Circulatory-Impression-Observation.html","title":"Circulatory Impression","generation":"generated"},{"extension":[{"url":"http://hl7.org/fhir/tools/StructureDefinition/ig-page-name","valueUrl":"Procedure-uc1-TR-GI-Circulatory-Impression-Procedure.html"}],"nameUrl":"Procedure-uc1-TR-GI-Circulatory-Impression-Procedure.html","title":"Circulatory Impression Procedure","generation":"generated"},{"extension":[{"url":"http://hl7.org/fhir/tools/StructureDefinition/ig-page-name","valueUrl":"Observation-uc1-TR-GI-Decision-Making-Observation.html"}],"nameUrl":"Observation-uc1-TR-GI-Decision-Making-Observation.html","title":"Decision Making Impression","generation":"generated"},{"extension":[{"url":"http://hl7.org/fhir/tools/StructureDefinition/ig-page-name","valueUrl":"Bundle-uc1-bundle.html"}],"nameUrl":"Bundle-uc1-bundle.html","title":"Document Bundle Instance","generation":"generated"},{"extension":[{"url":"http://hl7.org/fhir/tools/StructureDefinition/ig-page-name","valueUrl":"Encounter-uc1-Motor-Vehicle-Collision.html"}],"nameUrl":"Encounter-uc1-Motor-Vehicle-Collision.html","title":"Encounter corresponding to MVC","generation":"generated"},{"extension":[{"url":"http://hl7.org/fhir/tools/StructureDefinition/ig-page-name","valueUrl":"Observation-uc1-TR-D-Neuro-FAST-Observations.html"}],"nameUrl":"Observation-uc1-TR-D-Neuro-FAST-Observations.html","title":"FAST Assessment","generation":"generated"},{"extension":[{"url":"http://hl7.org/fhir/tools/StructureDefinition/ig-page-name","valueUrl":"Observation-uc1-TR-AW-Fluids-In-AW-Observation.html"}],"nameUrl":"Observation-uc1-TR-AW-Fluids-In-AW-Observation.html","title":"Fluids in Airway Observation","generation":"generated"},{"extension":[{"url":"http://hl7.org/fhir/tools/StructureDefinition/ig-page-name","valueUrl":"Observation-uc1-TR-AW-Foreign-Body-AW-Observation.html"}],"nameUrl":"Observation-uc1-TR-AW-Foreign-Body-AW-Observation.html","title":"Foreign Body in Airway Observation","generation":"generated"},{"extension":[{"url":"http://hl7.org/fhir/tools/StructureDefinition/ig-page-name","valueUrl":"Procedure-uc1-Helicopter-Air-Ambulance-Activation.html"}],"nameUrl":"Procedure-uc1-Helicopter-Air-Ambulance-Activation.html","title":"Helicopter Air Ambulance Activation","generation":"generated"},{"extension":[{"url":"http://hl7.org/fhir/tools/StructureDefinition/ig-page-name","valueUrl":"Observation-uc1-TR-GI-Mental-Status-Impression-Observation.html"}],"nameUrl":"Observation-uc1-TR-GI-Mental-Status-Impression-Observation.html","title":"Mental Status Impression","generation":"generated"},{"extension":[{"url":"http://hl7.org/fhir/tools/StructureDefinition/ig-page-name","valueUrl":"Observation-uc1-TR-Br-Breathing-Disorder-Of-Thorax-Observation.html"}],"nameUrl":"Observation-uc1-TR-Br-Breathing-Disorder-Of-Thorax-Observation.html","title":"Respiratory chest wall movement","generation":"generated"},{"extension":[{"url":"http://hl7.org/fhir/tools/StructureDefinition/ig-page-name","valueUrl":"Observation-uc1-TR-Circulation-Skin-Assessment-Observation.html"}],"nameUrl":"Observation-uc1-TR-Circulation-Skin-Assessment-Observation.html","title":"Skin assessment","generation":"generated"},{"extension":[{"url":"http://hl7.org/fhir/tools/StructureDefinition/ig-page-name","valueUrl":"Observation-uc1-TR-AW-Soft-Tissue-Collaps-Observation.html"}],"nameUrl":"Observation-uc1-TR-AW-Soft-Tissue-Collaps-Observation.html","title":"Soft Tissue Collapse in Airway Observation","generation":"generated"},{"extension":[{"url":"http://hl7.org/fhir/tools/StructureDefinition/ig-page-name","valueUrl":"Observation-uc1-TR-AW-Structual-Change-In-AW-Observation.html"}],"nameUrl":"Observation-uc1-TR-AW-Structual-Change-In-AW-Observation.html","title":"Structural Changes in Airway Observation","generation":"generated"},{"extension":[{"url":"http://hl7.org/fhir/tools/StructureDefinition/ig-page-name","valueUrl":"Composition-uc1-tr-composition.html"}],"nameUrl":"Composition-uc1-tr-composition.html","title":"UC1 TR Composition","generation":"generated"},{"extension":[{"url":"http://hl7.org/fhir/tools/StructureDefinition/ig-page-name","valueUrl":"Patient-uc1-Nomen-Nescio.html"}],"nameUrl":"Patient-uc1-Nomen-Nescio.html","title":"uc1-Nomen-Nescio","generation":"generated"}]}]},"parameter":[{"code":"path-resource","value":"input/capabilities"},{"code":"path-resource","value":"input/examples"},{"code":"path-resource","value":"input/extensions"},{"code":"path-resource","value":"input/models"},{"code":"path-resource","value":"input/operations"},{"code":"path-resource","value":"input/profiles"},{"code":"path-resource","value":"input/resources"},{"code":"path-resource","value":"input/vocabulary"},{"code":"path-resource","value":"input/maps"},{"code":"path-resource","value":"input/testing"},{"code":"path-resource","value":"input/history"},{"code":"path-resource","value":"fsh-generated/resources"},{"code":"path-pages","value":"template/config"},{"code":"path-pages","value":"input/images"},{"code":"path-tx-cache","value":"input-cache/txcache"}]}}