{"resourceType":"ValueSet","id":"TR-AW-Cervical-Spine-Intervention-VS","text":{"status":"generated","div":"<div xmlns=\"http://www.w3.org/1999/xhtml\"><p class=\"res-header-id\"><b>Generated Narrative: ValueSet TR-AW-Cervical-Spine-Intervention-VS</b></p><a name=\"TR-AW-Cervical-Spine-Intervention-VS\"> </a><a name=\"hcTR-AW-Cervical-Spine-Intervention-VS\"> </a><a name=\"TR-AW-Cervical-Spine-Intervention-VS-en-US\"> </a><ul><li>Include these codes as defined in <a href=\"http://www.snomed.org/\"><code>http://snomed.info/sct</code></a> version <code>http://snomed.info/sct/version/2025-02-01</code><table class=\"none\"><tr><td style=\"white-space:nowrap\"><b>Code</b></td><td><b>Display</b></td></tr><tr><td><a href=\"http://snomed.info/id/362958002\">362958002</a></td><td>Procedure by site</td></tr><tr><td><a href=\"http://snomed.info/id/398041008\">398041008</a></td><td>Cervical spine immobilization</td></tr><tr><td><a href=\"http://snomed.info/id/449199004\">449199004</a></td><td>Manual inline stabilization of cervical spine</td></tr></table></li></ul></div>"},"url":"http://example.org/ValueSet/TR-AW-Cervical-Spine-Intervention-VS","version":"0.1.0","title":"Cervical Spine Intervention Codes","status":"draft","experimental":false,"date":"2025-05-14T23:43:24+02:00","publisher":"Constantin Renner","contact":[{"name":"Constantin Renner","telecom":[{"system":"url","value":"https://github.com/cdeveHealth"},{"system":"email","value":"constantinrenner1@gmail.com"}]}],"description":"Includes SNOMED CT codes related to cervical spine immobilization and stabilization procedures.","compose":{"include":[{"system":"http://snomed.info/sct","version":"http://snomed.info/sct/version/2025-02-01","concept":[{"code":"362958002","display":"Procedure by site"},{"code":"398041008","display":"Cervical spine immobilization"},{"code":"449199004","display":"Manual inline stabilization of cervical spine"}]}]}}