{"resourceType":"ValueSet","id":"TR-AW-Airway-Adjuncts-VS","text":{"status":"generated","div":"<div xmlns=\"http://www.w3.org/1999/xhtml\"><p class=\"res-header-id\"><b>Generated Narrative: ValueSet TR-AW-Airway-Adjuncts-VS</b></p><a name=\"TR-AW-Airway-Adjuncts-VS\"> </a><a name=\"hcTR-AW-Airway-Adjuncts-VS\"> </a><a name=\"TR-AW-Airway-Adjuncts-VS-en-US\"> </a><ul><li>Include these codes as defined in <a href=\"http://www.snomed.org/\"><code>http://snomed.info/sct</code></a> version <code>http://snomed.info/sct/version/2025-02-01</code><table class=\"none\"><tr><td style=\"white-space:nowrap\"><b>Code</b></td><td><b>Display</b></td></tr><tr><td><a href=\"http://snomed.info/id/7443007\">7443007</a></td><td>Insertion of oropharyngeal airway</td></tr><tr><td><a href=\"http://snomed.info/id/182692007\">182692007</a></td><td>Nasopharyngeal airway insertion</td></tr></table></li></ul></div>"},"url":"http://example.org/ValueSet/TR-AW-Airway-Adjuncts-VS","version":"0.1.0","title":"Airway Adjuncts Procedures","status":"draft","experimental":false,"date":"2025-05-13T19:16:00+02:00","publisher":"Constantin Renner","contact":[{"name":"Constantin Renner","telecom":[{"system":"url","value":"https://github.com/cdeveHealth"},{"system":"email","value":"constantinrenner1@gmail.com"}]}],"description":"Includes SNOMED CT codes for procedures related to airway adjuncts, such as oropharyngeal and nasopharyngeal airway insertion.","compose":{"include":[{"system":"http://snomed.info/sct","version":"http://snomed.info/sct/version/2025-02-01","concept":[{"code":"7443007","display":"Insertion of oropharyngeal airway"},{"code":"182692007","display":"Nasopharyngeal airway insertion"}]}]}}