{"resourceType":"ValueSet","id":"TR-GI-Mental-Status-VS","text":{"status":"generated","div":"<div xmlns=\"http://www.w3.org/1999/xhtml\"><p class=\"res-header-id\"><b>Generated Narrative: ValueSet TR-GI-Mental-Status-VS</b></p><a name=\"TR-GI-Mental-Status-VS\"> </a><a name=\"hcTR-GI-Mental-Status-VS\"> </a><a name=\"TR-GI-Mental-Status-VS-en-US\"> </a><ul><li>Include these codes as defined in <a href=\"http://www.snomed.org/\"><code>http://snomed.info/sct</code></a> version <code>http://snomed.info/sct/version/2025-02-01</code><table class=\"none\"><tr><td style=\"white-space:nowrap\"><b>Code</b></td><td><b>Display</b></td></tr><tr><td><a href=\"http://snomed.info/id/3006004\">3006004</a></td><td>Disturbance of consciousness</td></tr></table></li></ul></div>"},"url":"http://example.org/ValueSet/TR-GI-Mental-Status-VS","version":"0.1.0","title":"General Impression Mental Status","status":"draft","experimental":false,"date":"2025-05-12T20:06:16+02:00","publisher":"Constantin Renner","contact":[{"name":"Constantin Renner","telecom":[{"system":"url","value":"http://example.org/example-publisher"},{"system":"email","value":"constantinrenner1@gmail.com"}]}],"description":"This value has some first impressions of the mental state of the patient.","compose":{"include":[{"system":"http://snomed.info/sct","version":"http://snomed.info/sct/version/2025-02-01","concept":[{"code":"3006004","display":"Disturbance of consciousness"}]}]}}