{"resourceType":"ValueSet","id":"TR-Conditions-VS","text":{"status":"generated","div":"<div xmlns=\"http://www.w3.org/1999/xhtml\"><p class=\"res-header-id\"><b>Generated Narrative: ValueSet TR-Conditions-VS</b></p><a name=\"TR-Conditions-VS\"> </a><a name=\"hcTR-Conditions-VS\"> </a><a name=\"TR-Conditions-VS-en-US\"> </a><ul><li>Include these codes as defined in <a href=\"http://www.snomed.org/\"><code>http://snomed.info/sct</code></a> version <code>http://snomed.info/sct/version/2025-02-01</code><table class=\"none\"><tr><td style=\"white-space:nowrap\"><b>Code</b></td><td><b>Display</b></td></tr><tr><td><a href=\"http://snomed.info/id/27942005\">27942005</a></td><td>Shock</td></tr></table></li></ul></div>"},"url":"http://example.org/ValueSet/TR-Conditions-VS","version":"0.1.0","title":"Conditons","status":"draft","experimental":false,"date":"2025-05-07T20:15:41+02:00","publisher":"Constantin Renner","contact":[{"name":"Constantin Renner","telecom":[{"system":"url","value":"http://example.org/example-publisher"},{"system":"email","value":"constantinrenner1@gmail.com"}]}],"description":"This value set should have the most important arbeitsdiagnonsen","compose":{"include":[{"system":"http://snomed.info/sct","version":"http://snomed.info/sct/version/2025-02-01","concept":[{"code":"27942005","display":"Shock"}]}]}}