{"resourceType":"ValueSet","id":"TR-AW-AW-Status-VS","text":{"status":"generated","div":"<div xmlns=\"http://www.w3.org/1999/xhtml\"><p class=\"res-header-id\"><b>Generated Narrative: ValueSet TR-AW-AW-Status-VS</b></p><a name=\"TR-AW-AW-Status-VS\"> </a><a name=\"hcTR-AW-AW-Status-VS\"> </a><a name=\"TR-AW-AW-Status-VS-en-US\"> </a><ul><li>Include these codes as defined in <a href=\"http://www.snomed.org/\"><code>http://snomed.info/sct</code></a> version <code>http://snomed.info/sct/version/2025-02-01</code><table class=\"none\"><tr><td style=\"white-space:nowrap\"><b>Code</b></td><td><b>Display</b></td></tr><tr><td><a href=\"http://snomed.info/id/248553004\">248553004</a></td><td>No obstruction of airway</td></tr></table></li></ul></div>"},"url":"http://example.org/ValueSet/TR-AW-AW-Status-VS","version":"0.1.0","title":"Status of Airway","status":"draft","experimental":false,"date":"2025-05-19T18:20:06+02:00","publisher":"Constantin Renner","contact":[{"name":"Constantin Renner","telecom":[{"system":"url","value":"https://github.com/medinterop-renner/TraumaIG"},{"system":"email","value":"constantinrenner1@gmail.com"}]}],"description":"Codes to define if theres not a A problem","compose":{"include":[{"system":"http://snomed.info/sct","version":"http://snomed.info/sct/version/2025-02-01","concept":[{"code":"248553004","display":"No obstruction of airway"}]}]}}