{"resourceType":"ValueSet","id":"TR-D-Fast-VS","text":{"status":"generated","div":"<div xmlns=\"http://www.w3.org/1999/xhtml\"><p class=\"res-header-id\"><b>Generated Narrative: ValueSet TR-D-Fast-VS</b></p><a name=\"TR-D-Fast-VS\"> </a><a name=\"hcTR-D-Fast-VS\"> </a><a name=\"TR-D-Fast-VS-en-US\"> </a><ul><li>Include these codes as defined in <a href=\"http://www.snomed.org/\"><code>http://snomed.info/sct</code></a> version <code>http://snomed.info/sct/version/2025-02-01</code><table class=\"none\"><tr><td style=\"white-space:nowrap\"><b>Code</b></td><td><b>Display</b></td></tr><tr><td><a href=\"http://snomed.info/id/280816001\">280816001</a></td><td>Facial palsy (disorder)</td></tr><tr><td><a href=\"http://snomed.info/id/249944006\">249944006</a></td><td>Monoparesis - arm (disorder)</td></tr><tr><td><a href=\"http://snomed.info/id/8011004\">8011004</a></td><td>Dysarthria (finding)</td></tr><tr><td><a href=\"http://snomed.info/id/87486003\">87486003</a></td><td>Aphasia (finding)</td></tr><tr><td><a href=\"http://snomed.info/id/405795006\">405795006</a></td><td>Time of symptom onset (observable entity)</td></tr></table></li></ul></div>"},"url":"http://example.org/ValueSet/TR-D-Fast-VS","version":"0.1.0","title":"VS for FAST Assessment","status":"draft","experimental":false,"date":"2025-05-14T23:43:24+02:00","publisher":"Constantin Renner","contact":[{"name":"Constantin Renner","telecom":[{"system":"url","value":"https://github.com/cdeveHealth"},{"system":"email","value":"constantinrenner1@gmail.com"}]}],"description":"ValueSet for  SNOMED CT concepts used for a FAST assessment.","compose":{"include":[{"system":"http://snomed.info/sct","version":"http://snomed.info/sct/version/2025-02-01","concept":[{"code":"280816001","display":"Facial palsy (disorder)"},{"code":"249944006","display":"Monoparesis - arm (disorder)"},{"code":"8011004","display":"Dysarthria (finding)"},{"code":"87486003","display":"Aphasia (finding)"},{"code":"405795006","display":"Time of symptom onset (observable entity)"}]}]}}