{"resourceType":"ValueSet","id":"TR-AW-Airway-Obstruction-Causes-VS","text":{"status":"generated","div":"<div xmlns=\"http://www.w3.org/1999/xhtml\"><p class=\"res-header-id\"><b>Generated Narrative: ValueSet TR-AW-Airway-Obstruction-Causes-VS</b></p><a name=\"TR-AW-Airway-Obstruction-Causes-VS\"> </a><a name=\"hcTR-AW-Airway-Obstruction-Causes-VS\"> </a><a name=\"TR-AW-Airway-Obstruction-Causes-VS-en-US\"> </a><ul><li>Include these codes as defined in <a href=\"http://www.snomed.org/\"><code>http://snomed.info/sct</code></a> version <code>http://snomed.info/sct/version/2025-02-01</code><table class=\"none\"><tr><td style=\"white-space:nowrap\"><b>Code</b></td><td><b>Display</b></td></tr><tr><td><a href=\"http://snomed.info/id/425227004\">425227004</a></td><td>Obstruction of airway caused by tongue</td></tr></table></li></ul></div>"},"url":"http://example.org/ValueSet/TR-AW-Airway-Obstruction-Causes-VS","version":"0.1.0","title":"Softtissue AW Obstruction","status":"draft","experimental":false,"date":"2025-05-07T20:15:41+02:00","publisher":"Constantin Renner","contact":[{"name":"Constantin Renner","telecom":[{"system":"url","value":"http://example.org/example-publisher"},{"system":"email","value":"constantinrenner1@gmail.com"}]}],"description":"Obstruction of Airway due to Softtissue without head or neck trauma","compose":{"include":[{"system":"http://snomed.info/sct","version":"http://snomed.info/sct/version/2025-02-01","concept":[{"code":"425227004","display":"Obstruction of airway caused by tongue"}]}]}}