{"resourceType":"ValueSet","id":"TR-AW-Cervical-Spine-Assessment-VS","text":{"status":"generated","div":"<div xmlns=\"http://www.w3.org/1999/xhtml\"><p class=\"res-header-id\"><b>Generated Narrative: ValueSet TR-AW-Cervical-Spine-Assessment-VS</b></p><a name=\"TR-AW-Cervical-Spine-Assessment-VS\"> </a><a name=\"hcTR-AW-Cervical-Spine-Assessment-VS\"> </a><a name=\"TR-AW-Cervical-Spine-Assessment-VS-en-US\"> </a><ul><li>Include these codes as defined in <a href=\"http://www.snomed.org/\"><code>http://snomed.info/sct</code></a> version <code>http://snomed.info/sct/version/2025-02-01</code><table class=\"none\"><tr><td style=\"white-space:nowrap\"><b>Code</b></td><td><b>Display</b></td></tr><tr><td><a href=\"http://snomed.info/id/417163006\">417163006</a></td><td>Traumatic or non-traumatic injury</td></tr><tr><td><a href=\"http://snomed.info/id/262522002\">262522002</a></td><td>Injury of cervical spine</td></tr></table></li></ul></div>"},"url":"http://example.org/ValueSet/TR-AW-Cervical-Spine-Assessment-VS","version":"0.1.0","title":"Cervical Spine Assessment Codes","status":"draft","experimental":false,"date":"2025-05-14T23:43:24+02:00","publisher":"Constantin Renner","contact":[{"name":"Constantin Renner","telecom":[{"system":"url","value":"https://github.com/cdeveHealth"},{"system":"email","value":"constantinrenner1@gmail.com"}]}],"description":"Includes SNOMED CT codes related to cervical spine injuries and assessments.","compose":{"include":[{"system":"http://snomed.info/sct","version":"http://snomed.info/sct/version/2025-02-01","concept":[{"code":"417163006","display":"Traumatic or non-traumatic injury"},{"code":"262522002","display":"Injury of cervical spine"}]}]}}