{"resourceType":"ValueSet","id":"Severity-VS","text":{"status":"generated","div":"<div xmlns=\"http://www.w3.org/1999/xhtml\"><p class=\"res-header-id\"><b>Generated Narrative: ValueSet Severity-VS</b></p><a name=\"Severity-VS\"> </a><a name=\"hcSeverity-VS\"> </a><a name=\"Severity-VS-en-US\"> </a><ul><li>Include these codes as defined in <a href=\"http://www.snomed.org/\"><code>http://snomed.info/sct</code></a> version <code>http://snomed.info/sct/version/2025-02-01</code><table class=\"none\"><tr><td style=\"white-space:nowrap\"><b>Code</b></td><td><b>Display</b></td></tr><tr><td><a href=\"http://snomed.info/id/52101004\">52101004</a></td><td>Present (qualifier value)</td></tr><tr><td><a href=\"http://snomed.info/id/255604002\">255604002</a></td><td>Mild (qualifier value)</td></tr><tr><td><a href=\"http://snomed.info/id/2667000\">2667000</a></td><td>Absent (qualifier value)</td></tr><tr><td><a href=\"http://snomed.info/id/255361000\">255361000</a></td><td>Slow (qualifier value)</td></tr><tr><td><a href=\"http://snomed.info/id/277748003\">277748003</a></td><td>Fast (qualifier value)</td></tr><tr><td><a href=\"http://snomed.info/id/17621005\">17621005</a></td><td>  Normal (qualifier value)</td></tr></table></li></ul></div>"},"url":"http://example.org/ValueSet/Severity-VS","version":"0.1.0","title":"VS  Severity","status":"draft","experimental":false,"date":"2025-05-14T23:43:24+02:00","publisher":"Constantin Renner","contact":[{"name":"Constantin Renner","telecom":[{"system":"url","value":"https://github.com/cdeveHealth"},{"system":"email","value":"constantinrenner1@gmail.com"}]}],"description":"ValueSet expressing the severity or presence of something","compose":{"include":[{"system":"http://snomed.info/sct","version":"http://snomed.info/sct/version/2025-02-01","concept":[{"code":"52101004","display":"Present (qualifier value)"},{"code":"255604002","display":"Mild (qualifier value)"},{"code":"2667000","display":"Absent (qualifier value)"},{"code":"255361000","display":"Slow (qualifier value)"},{"code":"277748003","display":"Fast (qualifier value)"},{"code":"17621005","display":"  Normal (qualifier value)"}]}]}}