<?xml version="1.0" encoding="UTF-8"?>

<Bundle xmlns="http://hl7.org/fhir">
  <id value="uc1-bundle"/>
  <meta>
    <profile value="http://example.org/StructureDefinition/tr-bundle"/>
  </meta>
  <identifier>
    <system value="http://example.org/fhir/bundles"/>
    <value value="uc1-bundle-001"/>
  </identifier>
  <type value="document"/>
  <timestamp value="2025-01-01T19:01:00+02:00"/>
  <entry>
    <fullUrl value="Composition/uc1-tr-composition"/>
    <resource>
      <Composition>
        <id value="uc1-tr-composition"/>
        <meta>
          <profile value="http://example.org/StructureDefinition/tr-composition"/>
        </meta>
        <text>
          <status value="generated"/><div xmlns="http://www.w3.org/1999/xhtml"><a name="Composition_uc1-tr-composition"> </a><p class="res-header-id"><b>Generated Narrative: Composition uc1-tr-composition</b></p><a name="uc1-tr-composition"> </a><a name="hcuc1-tr-composition"> </a><a name="uc1-tr-composition-en-US"> </a><div style="display: inline-block; background-color: #d9e0e7; padding: 6px; margin: 4px; border: 1px solid #8da1b4; border-radius: 5px; line-height: 60%"><p style="margin-bottom: 0px"/><p style="margin-bottom: 0px">Profile: <a href="StructureDefinition-tr-composition.html">TR Composition</a></p></div><p><b>identifier</b>: tr-composition-uc1</p><p><b>status</b>: Final</p><p><b>type</b>: <span title="Codes:{http://loinc.org 67796-3}">EMS patient care report - version 3 Document NEMSIS</span></p><p><b>encounter</b>: <a href="Encounter/uc1-motor-vehicle-collision">Encounter/uc1-motor-vehicle-collision</a></p><p><b>date</b>: 2025-01-01 19:00:00+0200</p><p><b>author</b>: <a href="Patient/uc1-nomen-nescio">Patient/uc1-nomen-nescio</a></p><p><b>title</b>: Primary Survey Protocol</p></div>
        </text>
        <identifier>
          <value value="tr-composition-uc1"/>
        </identifier>
        <status value="final"/>
        <type>
          <coding>
            <system value="http://loinc.org"/>
            <code value="67796-3"/>
          </coding>
        </type>
        <subject>
          <reference value="Patient/uc1-nomen-nescio"/>
        </subject>
        <encounter>
          <reference value="Encounter/uc1-motor-vehicle-collision"/>
        </encounter>
        <date value="2025-01-01T19:00:00+02:00"/>
        <author>
          <reference value="Patient/uc1-nomen-nescio"/>
        </author>
        <title value="Primary Survey Protocol"/>
        <section>
          <title value="General Impression"/>
          <code>
            <coding>
              <system value="http://example.com/CodeSystem/TR-General-Codes-CS"/>
              <code value="GI"/>
            </coding>
          </code>
          <text>
            <status value="generated"/><div>General Impression Section</div>
          </text>
          <section>
            <code>
              <coding>
                <system value="http://example.com/CodeSystem/TR-General-Codes-CS"/>
                <code value="GIAWP"/>
              </coding>
            </code>
            <entry>
              <reference value="Observation/uc1-TR-GI-Airway-Patency-Observation"/>
            </entry>
          </section>
          <section>
            <code>
              <coding>
                <system value="http://example.com/CodeSystem/TR-General-Codes-CS"/>
                <code value="GICI"/>
              </coding>
            </code>
            <entry>
              <reference value="Observation/uc1-TR-GI-Circulatory-Cmpression-Observation"/>
            </entry>
            <entry>
              <reference value="Procedure/uc1-TR-GI-Circulatory-Impression-Procedure"/>
            </entry>
          </section>
          <section>
            <code>
              <coding>
                <system value="http://example.com/CodeSystem/TR-General-Codes-CS"/>
                <code value="GIMental"/>
              </coding>
            </code>
            <entry>
              <reference value="Observation/uc1-TR-GI-Mental-Status-Impression-Observation"/>
            </entry>
          </section>
          <section>
            <code>
              <coding>
                <system value="http://example.com/CodeSystem/TR-General-Codes-CS"/>
                <code value="GIGD"/>
              </coding>
            </code>
            <entry>
              <reference value="Observation/uc1-TR-GI-Decision-Making-Observation"/>
            </entry>
            <entry>
              <reference value="Procedure/uc1-TR-GI-Decision-Making-Procedure"/>
            </entry>
          </section>
        </section>
        <section>
          <title value="Airway and C-Spine Management"/>
          <code>
            <coding>
              <system value="http://example.com/CodeSystem/TR-General-Codes-CS"/>
              <code value="AWCSP"/>
            </coding>
          </code>
          <text>
            <status value="generated"/><div>Airway and C-Spine Section</div>
          </text>
          <section>
            <code>
              <coding>
                <system value="http://example.com/CodeSystem/TR-General-Codes-CS"/>
                <code value="AWOBS"/>
              </coding>
            </code>
            <section>
              <entry>
                <reference value="Observation/uc1-TR-AW-Status-Observation"/>
              </entry>
            </section>
            <section>
              <entry>
                <reference value="Observation/uc1-TR-AW-Fluids-In-AW-Observation"/>
              </entry>
            </section>
            <section>
              <entry>
                <reference value="Observation/uc1-TR-AW-Foreign-Body-AW-Observation"/>
              </entry>
            </section>
            <section>
              <entry>
                <reference value="Observation/uc1-TR-AW-Breathing-Sound-Observation"/>
              </entry>
            </section>
            <section>
              <entry>
                <reference value="Observation/uc1-TR-AW-Structual-Change-In-AW-Observation"/>
              </entry>
            </section>
            <section>
              <entry>
                <reference value="Observation/uc1-TR-AW-Soft-Tissue-Collaps-Observation"/>
              </entry>
            </section>
          </section>
          <section>
            <code>
              <coding>
                <system value="http://example.com/CodeSystem/TR-General-Codes-CS"/>
                <code value="AWPRC"/>
              </coding>
            </code>
            <section>
              <entry>
                <reference value="Procedure/uc1-TR-AW-Opening-Manuver-Procedure"/>
              </entry>
            </section>
            <section>
              <entry>
                <reference value="Procedure/uc1-TR-AW-Airway-Clearance-Procedure"/>
              </entry>
            </section>
            <section>
              <entry>
                <reference value="Procedure/uc1-TR-AW-Airway-Adjuncts-Procedure"/>
              </entry>
            </section>
          </section>
          <section>
            <code>
              <coding>
                <system value="http://example.com/CodeSystem/TR-General-Codes-CS"/>
                <code value="CSPOBS"/>
              </coding>
            </code>
            <entry>
              <reference value="Observation/uc1-TR-AW-Cervical-Spine-Assessment-Observation"/>
            </entry>
          </section>
          <section>
            <code>
              <coding>
                <system value="http://example.com/CodeSystem/TR-General-Codes-CS"/>
                <code value="CSPPRC"/>
              </coding>
            </code>
            <entry>
              <reference value="Procedure/uc1-TR-AW-Cervical-Spine-Intervention-Procedure"/>
            </entry>
          </section>
        </section>
        <section>
          <title value="Breathing Section"/>
          <code>
            <coding>
              <system value="http://example.com/CodeSystem/TR-General-Codes-CS"/>
              <code value="br"/>
            </coding>
          </code>
          <text>
            <status value="generated"/><div>Breathing Section</div>
          </text>
          <entry>
            <reference value="Observation/uc1-TR-Br-Breathing-Disorder-Of-Thorax-Observation"/>
          </entry>
        </section>
        <section>
          <title value="Circulation"/>
          <code>
            <coding>
              <system value="http://example.com/CodeSystem/TR-General-Codes-CS"/>
              <code value="cir"/>
            </coding>
          </code>
          <text>
            <status value="generated"/><div>Circulation Section</div>
          </text>
          <entry>
            <reference value="Observation/uc1-TR-C-Skin-assessment-Observation"/>
          </entry>
        </section>
        <section>
          <title value="Disability"/>
          <code>
            <coding>
              <system value="http://example.com/CodeSystem/TR-General-Codes-CS"/>
              <code value="dis"/>
            </coding>
          </code>
          <text>
            <status value="generated"/><div>Disability Section</div>
          </text>
          <entry>
            <reference value="Observation/uc1-TR-D-Neuro-FAST-Observation"/>
          </entry>
        </section>
      </Composition>
    </resource>
  </entry>
</Bundle>