<?xml version="1.0" encoding="UTF-8"?>

<ImplementationGuide xmlns="http://hl7.org/fhir">
  <id value="fhir.example"/>
  <text>
    <status value="generated"/><div xmlns="http://www.w3.org/1999/xhtml"><p class="res-header-id"><b>Generated Narrative: ImplementationGuide fhir.example</b></p><a name="fhir.example"> </a><a name="hcfhir.example"> </a><a name="fhir.example-en-US"> </a><h2>TraumaIG</h2><p>The official URL for this implementation guide is: </p><pre>http://example.org/ImplementationGuide/fhir.example</pre></div>
  </text>
  <url value="http://example.org/ImplementationGuide/fhir.example"/>
  <version value="0.1.0"/>
  <name value="TraumaIG"/>
  <status value="draft"/>
  <date value="2025-05-14T23:43:24+02:00"/>
  <publisher value="Constantin Renner"/>
  <contact>
    <name value="Constantin Renner"/>
    <telecom>
      <system value="url"/>
      <value value="https://github.com/cdeveHealth"/>
    </telecom>
    <telecom>
      <system value="email"/>
      <value value="constantinrenner1@gmail.com"/>
    </telecom>
  </contact>
  <packageId value="fhir.example"/>
  <license value="CC0-1.0"/>
  <fhirVersion value="4.0.1"/>
  <dependsOn id="hl7tx">
    <extension url="http://hl7.org/fhir/tools/StructureDefinition/implementationguide-dependency-comment">
      <valueMarkdown value="Automatically added as a dependency - all IGs depend on HL7 Terminology"/>
    </extension>
    <uri value="http://terminology.hl7.org/ImplementationGuide/hl7.terminology"/>
    <packageId value="hl7.terminology.r4"/>
    <version value="6.3.0"/>
  </dependsOn>
  <dependsOn id="hl7ext">
    <extension url="http://hl7.org/fhir/tools/StructureDefinition/implementationguide-dependency-comment">
      <valueMarkdown value="Automatically added as a dependency - all IGs depend on the HL7 Extension Pack"/>
    </extension>
    <uri value="http://hl7.org/fhir/extensions/ImplementationGuide/hl7.fhir.uv.extensions"/>
    <packageId value="hl7.fhir.uv.extensions.r4"/>
    <version value="5.2.0"/>
  </dependsOn>
  <dependsOn id="hl7_at_fhir_core_r4">
    <uri value="http://hl7.at/fhir/HL7ATCoreProfiles/4.0.1/ImplementationGuide/hl7.at.fhir.core.r4"/>
    <packageId value="hl7.at.fhir.core.r4"/>
    <version value="2.0.0"/>
  </dependsOn>
  <definition>
    <extension url="http://hl7.org/fhir/tools/StructureDefinition/ig-parameter">
      <extension url="code">
        <valueString value="copyrightyear"/>
      </extension>
      <extension url="value">
        <valueString value="2025+"/>
      </extension>
    </extension>
    <extension url="http://hl7.org/fhir/tools/StructureDefinition/ig-parameter">
      <extension url="code">
        <valueString value="releaselabel"/>
      </extension>
      <extension url="value">
        <valueString value="ci-build"/>
      </extension>
    </extension>
    <extension url="http://hl7.org/fhir/tools/StructureDefinition/ig-parameter">
      <extension url="code">
        <valueString value="autoload-resources"/>
      </extension>
      <extension url="value">
        <valueString value="true"/>
      </extension>
    </extension>
    <extension url="http://hl7.org/fhir/tools/StructureDefinition/ig-parameter">
      <extension url="code">
        <valueString value="path-liquid"/>
      </extension>
      <extension url="value">
        <valueString value="template/liquid"/>
      </extension>
    </extension>
    <extension url="http://hl7.org/fhir/tools/StructureDefinition/ig-parameter">
      <extension url="code">
        <valueString value="path-liquid"/>
      </extension>
      <extension url="value">
        <valueString value="input/liquid"/>
      </extension>
    </extension>
    <extension url="http://hl7.org/fhir/tools/StructureDefinition/ig-parameter">
      <extension url="code">
        <valueString value="path-qa"/>
      </extension>
      <extension url="value">
        <valueString value="temp/qa"/>
      </extension>
    </extension>
    <extension url="http://hl7.org/fhir/tools/StructureDefinition/ig-parameter">
      <extension url="code">
        <valueString value="path-temp"/>
      </extension>
      <extension url="value">
        <valueString value="temp/pages"/>
      </extension>
    </extension>
    <extension url="http://hl7.org/fhir/tools/StructureDefinition/ig-parameter">
      <extension url="code">
        <valueString value="path-output"/>
      </extension>
      <extension url="value">
        <valueString value="output"/>
      </extension>
    </extension>
    <extension url="http://hl7.org/fhir/tools/StructureDefinition/ig-parameter">
      <extension url="code">
        <valueString value="path-suppressed-warnings"/>
      </extension>
      <extension url="value">
        <valueString value="input/ignoreWarnings.txt"/>
      </extension>
    </extension>
    <extension url="http://hl7.org/fhir/tools/StructureDefinition/ig-parameter">
      <extension url="code">
        <valueString value="path-history"/>
      </extension>
      <extension url="value">
        <valueString value="http://example.org/history.html"/>
      </extension>
    </extension>
    <extension url="http://hl7.org/fhir/tools/StructureDefinition/ig-parameter">
      <extension url="code">
        <valueString value="template-html"/>
      </extension>
      <extension url="value">
        <valueString value="template-page.html"/>
      </extension>
    </extension>
    <extension url="http://hl7.org/fhir/tools/StructureDefinition/ig-parameter">
      <extension url="code">
        <valueString value="template-md"/>
      </extension>
      <extension url="value">
        <valueString value="template-page-md.html"/>
      </extension>
    </extension>
    <extension url="http://hl7.org/fhir/tools/StructureDefinition/ig-parameter">
      <extension url="code">
        <valueString value="apply-contact"/>
      </extension>
      <extension url="value">
        <valueString value="true"/>
      </extension>
    </extension>
    <extension url="http://hl7.org/fhir/tools/StructureDefinition/ig-parameter">
      <extension url="code">
        <valueString value="apply-context"/>
      </extension>
      <extension url="value">
        <valueString value="true"/>
      </extension>
    </extension>
    <extension url="http://hl7.org/fhir/tools/StructureDefinition/ig-parameter">
      <extension url="code">
        <valueString value="apply-copyright"/>
      </extension>
      <extension url="value">
        <valueString value="true"/>
      </extension>
    </extension>
    <extension url="http://hl7.org/fhir/tools/StructureDefinition/ig-parameter">
      <extension url="code">
        <valueString value="apply-jurisdiction"/>
      </extension>
      <extension url="value">
        <valueString value="true"/>
      </extension>
    </extension>
    <extension url="http://hl7.org/fhir/tools/StructureDefinition/ig-parameter">
      <extension url="code">
        <valueString value="apply-license"/>
      </extension>
      <extension url="value">
        <valueString value="true"/>
      </extension>
    </extension>
    <extension url="http://hl7.org/fhir/tools/StructureDefinition/ig-parameter">
      <extension url="code">
        <valueString value="apply-publisher"/>
      </extension>
      <extension url="value">
        <valueString value="true"/>
      </extension>
    </extension>
    <extension url="http://hl7.org/fhir/tools/StructureDefinition/ig-parameter">
      <extension url="code">
        <valueString value="apply-version"/>
      </extension>
      <extension url="value">
        <valueString value="true"/>
      </extension>
    </extension>
    <extension url="http://hl7.org/fhir/tools/StructureDefinition/ig-parameter">
      <extension url="code">
        <valueString value="apply-wg"/>
      </extension>
      <extension url="value">
        <valueString value="true"/>
      </extension>
    </extension>
    <extension url="http://hl7.org/fhir/tools/StructureDefinition/ig-parameter">
      <extension url="code">
        <valueString value="active-tables"/>
      </extension>
      <extension url="value">
        <valueString value="true"/>
      </extension>
    </extension>
    <extension url="http://hl7.org/fhir/tools/StructureDefinition/ig-parameter">
      <extension url="code">
        <valueString value="fmm-definition"/>
      </extension>
      <extension url="value">
        <valueString value="http://hl7.org/fhir/versions.html#maturity"/>
      </extension>
    </extension>
    <extension url="http://hl7.org/fhir/tools/StructureDefinition/ig-parameter">
      <extension url="code">
        <valueString value="propagate-status"/>
      </extension>
      <extension url="value">
        <valueString value="true"/>
      </extension>
    </extension>
    <extension url="http://hl7.org/fhir/tools/StructureDefinition/ig-parameter">
      <extension url="code">
        <valueString value="excludelogbinaryformat"/>
      </extension>
      <extension url="value">
        <valueString value="true"/>
      </extension>
    </extension>
    <extension url="http://hl7.org/fhir/tools/StructureDefinition/ig-parameter">
      <extension url="code">
        <valueString value="tabbed-snapshots"/>
      </extension>
      <extension url="value">
        <valueString value="true"/>
      </extension>
    </extension>
    <extension url="http://hl7.org/fhir/tools/StructureDefinition/ig-internal-dependency">
      <valueCode value="hl7.fhir.uv.tools.r4#0.3.0"/>
    </extension>
    <extension url="http://hl7.org/fhir/tools/StructureDefinition/ig-parameter">
      <extension url="code">
        <valueCode value="copyrightyear"/>
      </extension>
      <extension url="value">
        <valueString value="2025+"/>
      </extension>
    </extension>
    <extension url="http://hl7.org/fhir/tools/StructureDefinition/ig-parameter">
      <extension url="code">
        <valueCode value="releaselabel"/>
      </extension>
      <extension url="value">
        <valueString value="ci-build"/>
      </extension>
    </extension>
    <extension url="http://hl7.org/fhir/tools/StructureDefinition/ig-parameter">
      <extension url="code">
        <valueCode value="autoload-resources"/>
      </extension>
      <extension url="value">
        <valueString value="true"/>
      </extension>
    </extension>
    <extension url="http://hl7.org/fhir/tools/StructureDefinition/ig-parameter">
      <extension url="code">
        <valueCode value="path-liquid"/>
      </extension>
      <extension url="value">
        <valueString value="template/liquid"/>
      </extension>
    </extension>
    <extension url="http://hl7.org/fhir/tools/StructureDefinition/ig-parameter">
      <extension url="code">
        <valueCode value="path-liquid"/>
      </extension>
      <extension url="value">
        <valueString value="input/liquid"/>
      </extension>
    </extension>
    <extension url="http://hl7.org/fhir/tools/StructureDefinition/ig-parameter">
      <extension url="code">
        <valueCode value="path-qa"/>
      </extension>
      <extension url="value">
        <valueString value="temp/qa"/>
      </extension>
    </extension>
    <extension url="http://hl7.org/fhir/tools/StructureDefinition/ig-parameter">
      <extension url="code">
        <valueCode value="path-temp"/>
      </extension>
      <extension url="value">
        <valueString value="temp/pages"/>
      </extension>
    </extension>
    <extension url="http://hl7.org/fhir/tools/StructureDefinition/ig-parameter">
      <extension url="code">
        <valueCode value="path-output"/>
      </extension>
      <extension url="value">
        <valueString value="output"/>
      </extension>
    </extension>
    <extension url="http://hl7.org/fhir/tools/StructureDefinition/ig-parameter">
      <extension url="code">
        <valueCode value="path-suppressed-warnings"/>
      </extension>
      <extension url="value">
        <valueString value="input/ignoreWarnings.txt"/>
      </extension>
    </extension>
    <extension url="http://hl7.org/fhir/tools/StructureDefinition/ig-parameter">
      <extension url="code">
        <valueCode value="path-history"/>
      </extension>
      <extension url="value">
        <valueString value="http://example.org/history.html"/>
      </extension>
    </extension>
    <extension url="http://hl7.org/fhir/tools/StructureDefinition/ig-parameter">
      <extension url="code">
        <valueCode value="template-html"/>
      </extension>
      <extension url="value">
        <valueString value="template-page.html"/>
      </extension>
    </extension>
    <extension url="http://hl7.org/fhir/tools/StructureDefinition/ig-parameter">
      <extension url="code">
        <valueCode value="template-md"/>
      </extension>
      <extension url="value">
        <valueString value="template-page-md.html"/>
      </extension>
    </extension>
    <extension url="http://hl7.org/fhir/tools/StructureDefinition/ig-parameter">
      <extension url="code">
        <valueCode value="apply-contact"/>
      </extension>
      <extension url="value">
        <valueString value="true"/>
      </extension>
    </extension>
    <extension url="http://hl7.org/fhir/tools/StructureDefinition/ig-parameter">
      <extension url="code">
        <valueCode value="apply-context"/>
      </extension>
      <extension url="value">
        <valueString value="true"/>
      </extension>
    </extension>
    <extension url="http://hl7.org/fhir/tools/StructureDefinition/ig-parameter">
      <extension url="code">
        <valueCode value="apply-copyright"/>
      </extension>
      <extension url="value">
        <valueString value="true"/>
      </extension>
    </extension>
    <extension url="http://hl7.org/fhir/tools/StructureDefinition/ig-parameter">
      <extension url="code">
        <valueCode value="apply-jurisdiction"/>
      </extension>
      <extension url="value">
        <valueString value="true"/>
      </extension>
    </extension>
    <extension url="http://hl7.org/fhir/tools/StructureDefinition/ig-parameter">
      <extension url="code">
        <valueCode value="apply-license"/>
      </extension>
      <extension url="value">
        <valueString value="true"/>
      </extension>
    </extension>
    <extension url="http://hl7.org/fhir/tools/StructureDefinition/ig-parameter">
      <extension url="code">
        <valueCode value="apply-publisher"/>
      </extension>
      <extension url="value">
        <valueString value="true"/>
      </extension>
    </extension>
    <extension url="http://hl7.org/fhir/tools/StructureDefinition/ig-parameter">
      <extension url="code">
        <valueCode value="apply-version"/>
      </extension>
      <extension url="value">
        <valueString value="true"/>
      </extension>
    </extension>
    <extension url="http://hl7.org/fhir/tools/StructureDefinition/ig-parameter">
      <extension url="code">
        <valueCode value="apply-wg"/>
      </extension>
      <extension url="value">
        <valueString value="true"/>
      </extension>
    </extension>
    <extension url="http://hl7.org/fhir/tools/StructureDefinition/ig-parameter">
      <extension url="code">
        <valueCode value="active-tables"/>
      </extension>
      <extension url="value">
        <valueString value="true"/>
      </extension>
    </extension>
    <extension url="http://hl7.org/fhir/tools/StructureDefinition/ig-parameter">
      <extension url="code">
        <valueCode value="fmm-definition"/>
      </extension>
      <extension url="value">
        <valueString value="http://hl7.org/fhir/versions.html#maturity"/>
      </extension>
    </extension>
    <extension url="http://hl7.org/fhir/tools/StructureDefinition/ig-parameter">
      <extension url="code">
        <valueCode value="propagate-status"/>
      </extension>
      <extension url="value">
        <valueString value="true"/>
      </extension>
    </extension>
    <extension url="http://hl7.org/fhir/tools/StructureDefinition/ig-parameter">
      <extension url="code">
        <valueCode value="excludelogbinaryformat"/>
      </extension>
      <extension url="value">
        <valueString value="true"/>
      </extension>
    </extension>
    <extension url="http://hl7.org/fhir/tools/StructureDefinition/ig-parameter">
      <extension url="code">
        <valueCode value="tabbed-snapshots"/>
      </extension>
      <extension url="value">
        <valueString value="true"/>
      </extension>
    </extension>
    <resource>
      <extension url="http://hl7.org/fhir/tools/StructureDefinition/resource-information">
        <valueString value="StructureDefinition:resource"/>
      </extension>
      <reference>
        <reference value="StructureDefinition/tr-br-breathing-medication-oxygen-procedure"/>
      </reference>
      <name value="Administration of Oxygen"/>
      <description value="Procedure to describe  the administration of Oxygen"/>
      <exampleBoolean value="false"/>
    </resource>
    <resource>
      <extension url="http://hl7.org/fhir/tools/StructureDefinition/resource-information">
        <valueString value="Procedure"/>
      </extension>
      <reference>
        <reference value="Procedure/uc1-TR-AW-Airway-Adjuncts-Procedure"/>
      </reference>
      <name value="Airway Adjuncts Procedure"/>
      <description value="Nasopharyngeal airway placed to maintain passage."/>
      <exampleCanonical value="http://example.org/StructureDefinition/tr-aw-airway-adjuncts-procedure"/>
    </resource>
    <resource>
      <extension url="http://hl7.org/fhir/tools/StructureDefinition/resource-information">
        <valueString value="StructureDefinition:resource"/>
      </extension>
      <reference>
        <reference value="StructureDefinition/tr-aw-airway-adjuncts-procedure"/>
      </reference>
      <name value="Airway Adjuncts Procedures"/>
      <description value="Procedures involving the insertion and management of airway adjuncts."/>
      <exampleBoolean value="false"/>
    </resource>
    <resource>
      <extension url="http://hl7.org/fhir/tools/StructureDefinition/resource-information">
        <valueString value="ValueSet"/>
      </extension>
      <reference>
        <reference value="ValueSet/TR-AW-Airway-Adjuncts-VS"/>
      </reference>
      <name value="Airway Adjuncts Procedures"/>
      <description value="Includes SNOMED CT codes for procedures related to airway adjuncts, such as oropharyngeal and nasopharyngeal airway insertion."/>
      <exampleBoolean value="false"/>
    </resource>
    <resource>
      <extension url="http://hl7.org/fhir/tools/StructureDefinition/resource-information">
        <valueString value="StructureDefinition:resource"/>
      </extension>
      <reference>
        <reference value="StructureDefinition/tr-aw-airway-clearance-procedure"/>
      </reference>
      <name value="Airway Clearance"/>
      <description value="Procedures to clear obstructions from the airway."/>
      <exampleBoolean value="false"/>
    </resource>
    <resource>
      <extension url="http://hl7.org/fhir/tools/StructureDefinition/resource-information">
        <valueString value="Procedure"/>
      </extension>
      <reference>
        <reference value="Procedure/uc1-TR-AW-Airway-Clearance-Procedure"/>
      </reference>
      <name value="Airway Clearance Procedure"/>
      <description value="Suctioning performed to clear blood, secretions, and foreign bodies."/>
      <exampleCanonical value="http://example.org/StructureDefinition/tr-aw-airway-clearance-procedure"/>
    </resource>
    <resource>
      <extension url="http://hl7.org/fhir/tools/StructureDefinition/resource-information">
        <valueString value="Procedure"/>
      </extension>
      <reference>
        <reference value="Procedure/uc1-TR-AW-Opening-Manuver-Procedure"/>
      </reference>
      <name value="Airway Opening Maneuver"/>
      <description value="Modified jaw thrust applied due to suspected neck injury."/>
      <exampleCanonical value="http://example.org/StructureDefinition/tr-aw-opening-maneuver-procedure"/>
    </resource>
    <resource>
      <extension url="http://hl7.org/fhir/tools/StructureDefinition/resource-information">
        <valueString value="StructureDefinition:resource"/>
      </extension>
      <reference>
        <reference value="StructureDefinition/tr-aw-opening-maneuver-procedure"/>
      </reference>
      <name value="Airway Opening Maneuvers"/>
      <description value="Procedures related to manual airway opening techniques."/>
      <exampleBoolean value="false"/>
    </resource>
    <resource>
      <extension url="http://hl7.org/fhir/tools/StructureDefinition/resource-information">
        <valueString value="Observation"/>
      </extension>
      <reference>
        <reference value="Observation/uc1-TR-GI-Airway-Patency-Observation"/>
      </reference>
      <name value="Airway Patency"/>
      <description value="Example for General Impression: Airway Patency - Patient unresponsive, does not speak"/>
      <exampleCanonical value="http://example.org/StructureDefinition/tr-gi-airwaypatencyobservation"/>
    </resource>
    <resource>
      <extension url="http://hl7.org/fhir/tools/StructureDefinition/resource-information">
        <valueString value="StructureDefinition:resource"/>
      </extension>
      <reference>
        <reference value="StructureDefinition/tr-aw-status-observation"/>
      </reference>
      <name value="Airway Status"/>
      <description value="Defines if the airway of the patient is obstructed or not"/>
      <exampleBoolean value="false"/>
    </resource>
    <resource>
      <extension url="http://hl7.org/fhir/tools/StructureDefinition/resource-information">
        <valueString value="StructureDefinition:resource"/>
      </extension>
      <reference>
        <reference value="StructureDefinition/trauma-encounter"/>
      </reference>
      <name value="Base Trauma Encounter"/>
      <description value="Profile for trauma-related clinical encounters."/>
      <exampleBoolean value="false"/>
    </resource>
    <resource>
      <extension url="http://hl7.org/fhir/tools/StructureDefinition/resource-information">
        <valueString value="StructureDefinition:resource"/>
      </extension>
      <reference>
        <reference value="StructureDefinition/trauma-observation"/>
      </reference>
      <name value="Base Trauma IG Observation"/>
      <description value="This profile defines how the Observation resource should be used to meet the needs of all trauma-related Observation profiles."/>
      <exampleBoolean value="false"/>
    </resource>
    <resource>
      <extension url="http://hl7.org/fhir/tools/StructureDefinition/resource-information">
        <valueString value="StructureDefinition:resource"/>
      </extension>
      <reference>
        <reference value="StructureDefinition/trauma-patient"/>
      </reference>
      <name value="Base Trauma Patient"/>
      <description value="A trauma patient based on the HL7 Austria Core Patient profile, with minimal demographic information enabled, since this is often the case in Trauma Care"/>
      <exampleBoolean value="false"/>
    </resource>
    <resource>
      <extension url="http://hl7.org/fhir/tools/StructureDefinition/resource-information">
        <valueString value="StructureDefinition:resource"/>
      </extension>
      <reference>
        <reference value="StructureDefinition/trauma-procedure"/>
      </reference>
      <name value="Base Trauma Procedure"/>
      <description value="This profile defines specific constraints on the Procedure resource in order to create the requirements for all specialized trauma procedure profiles."/>
      <exampleBoolean value="false"/>
    </resource>
    <resource>
      <extension url="http://hl7.org/fhir/tools/StructureDefinition/resource-information">
        <valueString value="ValueSet"/>
      </extension>
      <reference>
        <reference value="ValueSet/TR-AW-Airway-Obstruction-Causes-Breathing-Sounds-VS"/>
      </reference>
      <name value="Breathing Sounds"/>
      <description value="Certain breathing sounds are an indication for aw obstruction."/>
      <exampleBoolean value="false"/>
    </resource>
    <resource>
      <extension url="http://hl7.org/fhir/tools/StructureDefinition/resource-information">
        <valueString value="StructureDefinition:resource"/>
      </extension>
      <reference>
        <reference value="StructureDefinition/tr-aw-breathing-sound-observation"/>
      </reference>
      <name value="Breathing Sounds Observation"/>
      <description value="Observation related to breathing sounds, such as wheezing or stridor."/>
      <exampleBoolean value="false"/>
    </resource>
    <resource>
      <extension url="http://hl7.org/fhir/tools/StructureDefinition/resource-information">
        <valueString value="Observation"/>
      </extension>
      <reference>
        <reference value="Observation/uc1-TR-AW-Breathing-Sound-Observation"/>
      </reference>
      <name value="Breathing Sounds Observation"/>
      <description value="Observation related to breathing sounds, such as wheezing or stridor."/>
      <exampleCanonical value="http://example.org/StructureDefinition/tr-aw-breathing-sound-observation"/>
    </resource>
    <resource>
      <extension url="http://hl7.org/fhir/tools/StructureDefinition/resource-information">
        <valueString value="StructureDefinition:resource"/>
      </extension>
      <reference>
        <reference value="StructureDefinition/tr-circulation-cardiac-arrest-observation"/>
      </reference>
      <name value="Cardiac Arrest"/>
      <description value="Low Blood Pressure and absent pulse in arteria carotis is a sure sign of caardiac arrest."/>
      <exampleBoolean value="false"/>
    </resource>
    <resource>
      <extension url="http://hl7.org/fhir/tools/StructureDefinition/resource-information">
        <valueString value="StructureDefinition:resource"/>
      </extension>
      <reference>
        <reference value="StructureDefinition/tr-circulation-cpr-procedure"/>
      </reference>
      <name value="Cardiopulmonary resuscitation"/>
      <description value="Doing Cardiopulmonary resuscitation due to cardiac arrest"/>
      <exampleBoolean value="false"/>
    </resource>
    <resource>
      <extension url="http://hl7.org/fhir/tools/StructureDefinition/resource-information">
        <valueString value="ValueSet"/>
      </extension>
      <reference>
        <reference value="ValueSet/TR-AW-Cervical-Spine-Assessment-VS"/>
      </reference>
      <name value="Cervical Spine Assessment Codes"/>
      <description value="Includes SNOMED CT codes related to cervical spine injuries and assessments."/>
      <exampleBoolean value="false"/>
    </resource>
    <resource>
      <extension url="http://hl7.org/fhir/tools/StructureDefinition/resource-information">
        <valueString value="StructureDefinition:resource"/>
      </extension>
      <reference>
        <reference value="StructureDefinition/tr-aw-cervical-spine-assessment-observation"/>
      </reference>
      <name value="Cervical Spine Assessment Observation"/>
      <description value="Observation related to assessing injuries to the cervical spine."/>
      <exampleBoolean value="false"/>
    </resource>
    <resource>
      <extension url="http://hl7.org/fhir/tools/StructureDefinition/resource-information">
        <valueString value="Observation"/>
      </extension>
      <reference>
        <reference value="Observation/uc1-TR-AW-Cervical-Spine-Assessment-Observation"/>
      </reference>
      <name value="Cervical Spine Assessment Observation"/>
      <description value="Cervical spine found tender with instability."/>
      <exampleCanonical value="http://example.org/StructureDefinition/tr-aw-cervical-spine-assessment-observation"/>
    </resource>
    <resource>
      <extension url="http://hl7.org/fhir/tools/StructureDefinition/resource-information">
        <valueString value="StructureDefinition:resource"/>
      </extension>
      <reference>
        <reference value="StructureDefinition/tr-aw-cervical-spine-intervention-procedure"/>
      </reference>
      <name value="Cervical Spine Intervention"/>
      <description value="Procedures related to the immobilization and stabilization of the cervical spine."/>
      <exampleBoolean value="false"/>
    </resource>
    <resource>
      <extension url="http://hl7.org/fhir/tools/StructureDefinition/resource-information">
        <valueString value="Procedure"/>
      </extension>
      <reference>
        <reference value="Procedure/uc1-TR-AW-Cervical-Spine-Intervention-Procedure"/>
      </reference>
      <name value="Cervical Spine Intervention"/>
      <description value="Cervical collar applied for immobilization."/>
      <exampleCanonical value="http://example.org/StructureDefinition/tr-aw-cervical-spine-intervention-procedure"/>
    </resource>
    <resource>
      <extension url="http://hl7.org/fhir/tools/StructureDefinition/resource-information">
        <valueString value="ValueSet"/>
      </extension>
      <reference>
        <reference value="ValueSet/TR-AW-Cervical-Spine-Intervention-VS"/>
      </reference>
      <name value="Cervical Spine Intervention Codes"/>
      <description value="Includes SNOMED CT codes related to cervical spine immobilization and stabilization procedures."/>
      <exampleBoolean value="false"/>
    </resource>
    <resource>
      <extension url="http://hl7.org/fhir/tools/StructureDefinition/resource-information">
        <valueString value="Observation"/>
      </extension>
      <reference>
        <reference value="Observation/uc1-TR-GI-Circulatory-Impression-Observation"/>
      </reference>
      <name value="Circulatory Impression"/>
      <description value="Example for General Impression: Circulatory condition – Radial pulse weak and thready"/>
      <exampleCanonical value="http://example.org/StructureDefinition/tr-gi-circulatory-impression-observation"/>
    </resource>
    <resource>
      <extension url="http://hl7.org/fhir/tools/StructureDefinition/resource-information">
        <valueString value="Procedure"/>
      </extension>
      <reference>
        <reference value="Procedure/uc1-TR-GI-Circulatory-Impression-Procedure"/>
      </reference>
      <name value="Circulatory Impression Procedure"/>
      <description value="Example for General Impression: Manual pulse taking due to hemodynamic instability"/>
      <exampleCanonical value="http://example.org/StructureDefinition/tr-gi-circulatory-impression-procedure"/>
    </resource>
    <resource>
      <extension url="http://hl7.org/fhir/tools/StructureDefinition/resource-information">
        <valueString value="ValueSet"/>
      </extension>
      <reference>
        <reference value="ValueSet/TR-AW-Airway-Clearance-VS"/>
      </reference>
      <name value="Codes for clearing airway"/>
      <description value="Includes SNOMED CT codes related to airway clearance procedures and findings."/>
      <exampleBoolean value="false"/>
    </resource>
    <resource>
      <extension url="http://hl7.org/fhir/tools/StructureDefinition/resource-information">
        <valueString value="ValueSet"/>
      </extension>
      <reference>
        <reference value="ValueSet/TR-Conditions-VS"/>
      </reference>
      <name value="Conditons"/>
      <description value="This value set should have the most important arbeitsdiagnonsen"/>
      <exampleBoolean value="false"/>
    </resource>
    <resource>
      <extension url="http://hl7.org/fhir/tools/StructureDefinition/resource-information">
        <valueString value="ValueSet"/>
      </extension>
      <reference>
        <reference value="ValueSet/TR-GI-Decision-Making-VS"/>
      </reference>
      <name value="Decision Codes General Impression"/>
      <description value="Roughly defines what options after General Impression"/>
      <exampleBoolean value="false"/>
    </resource>
    <resource>
      <extension url="http://hl7.org/fhir/tools/StructureDefinition/resource-information">
        <valueString value="StructureDefinition:resource"/>
      </extension>
      <reference>
        <reference value="StructureDefinition/tr-gi-decision-making-procedure"/>
      </reference>
      <name value="Decision Making after General Impresission"/>
      <description value="Documentation of imediate Procedures after judging general state of patient"/>
      <exampleBoolean value="false"/>
    </resource>
    <resource>
      <extension url="http://hl7.org/fhir/tools/StructureDefinition/resource-information">
        <valueString value="Observation"/>
      </extension>
      <reference>
        <reference value="Observation/uc1-TR-GI-Decision-Making-Observation"/>
      </reference>
      <name value="Decision Making Impression"/>
      <description value="Example for General Impression: Urgent transfer to trauma center indicated"/>
      <exampleCanonical value="http://example.org/StructureDefinition/tr-gi-decision-making-observation"/>
    </resource>
    <resource>
      <extension url="http://hl7.org/fhir/tools/StructureDefinition/resource-information">
        <valueString value="StructureDefinition:resource"/>
      </extension>
      <reference>
        <reference value="StructureDefinition/tr-gi-decision-making-observation"/>
      </reference>
      <name value="Decision Making Observation"/>
      <description value="Observations of Immediate Actions"/>
      <exampleBoolean value="false"/>
    </resource>
    <resource>
      <extension url="http://hl7.org/fhir/tools/StructureDefinition/resource-information">
        <valueString value="ValueSet"/>
      </extension>
      <reference>
        <reference value="ValueSet/TR-Circulation-Bleeding-Control-VS"/>
      </reference>
      <name value="Different Codes for Bleeding Control"/>
      <description value="Getting the patient to stop bleeding with these different methods."/>
      <exampleBoolean value="false"/>
    </resource>
    <resource>
      <extension url="http://hl7.org/fhir/tools/StructureDefinition/resource-information">
        <valueString value="StructureDefinition:resource"/>
      </extension>
      <reference>
        <reference value="StructureDefinition/tr-br-breathing-disorder-of-thorax-observation"/>
      </reference>
      <name value="Disorder of thoracic cavity"/>
      <description value="Observation that can document Tension pneumothorax and hemothorax"/>
      <exampleBoolean value="false"/>
    </resource>
    <resource>
      <extension url="http://hl7.org/fhir/tools/StructureDefinition/resource-information">
        <valueString value="StructureDefinition:resource"/>
      </extension>
      <reference>
        <reference value="StructureDefinition/tr-bundle"/>
      </reference>
      <name value="Document Bundle"/>
      <description value="A document Bundle containing only tr-composition."/>
      <exampleBoolean value="false"/>
    </resource>
    <resource>
      <extension url="http://hl7.org/fhir/tools/StructureDefinition/resource-information">
        <valueString value="Bundle"/>
      </extension>
      <reference>
        <reference value="Bundle/uc1-bundle"/>
      </reference>
      <name value="Document Bundle Instance"/>
      <description value="An instance of a document Bundle containing use case 1 composition."/>
      <exampleCanonical value="http://example.org/StructureDefinition/tr-bundle"/>
    </resource>
    <resource>
      <extension url="http://hl7.org/fhir/tools/StructureDefinition/resource-information">
        <valueString value="Encounter"/>
      </extension>
      <reference>
        <reference value="Encounter/uc1-Motor-Vehicle-Collision"/>
      </reference>
      <name value="Encounter corresponding to MVC"/>
      <description value="Encounter made during the treatment of person in MVC"/>
      <exampleCanonical value="http://example.org/StructureDefinition/trauma-encounter"/>
    </resource>
    <resource>
      <extension url="http://hl7.org/fhir/tools/StructureDefinition/resource-information">
        <valueString value="StructureDefinition:resource"/>
      </extension>
      <reference>
        <reference value="StructureDefinition/tr-disability-neuro-fast-observations"/>
      </reference>
      <name value="Fast Assessment"/>
      <description value="Assessment to identify stroke (Insult) Symptoms in trauma patients."/>
      <exampleBoolean value="false"/>
    </resource>
    <resource>
      <extension url="http://hl7.org/fhir/tools/StructureDefinition/resource-information">
        <valueString value="Observation"/>
      </extension>
      <reference>
        <reference value="Observation/uc1-TR-Disability-Neuro-FAST-Observations"/>
      </reference>
      <name value="FAST Assessment"/>
      <description value="Assessment to identify stroke (Insult) symptoms in trauma patients."/>
      <exampleCanonical value="http://example.org/StructureDefinition/tr-disability-neuro-fast-observations"/>
    </resource>
    <resource>
      <extension url="http://hl7.org/fhir/tools/StructureDefinition/resource-information">
        <valueString value="ValueSet"/>
      </extension>
      <reference>
        <reference value="ValueSet/TR-AW-Airway-Obstruction-Causes-Fluid-VS"/>
      </reference>
      <name value="Fluid in the airway codes"/>
      <description value="Describes different ways of suffocating due to fluids in the upper AW"/>
      <exampleBoolean value="false"/>
    </resource>
    <resource>
      <extension url="http://hl7.org/fhir/tools/StructureDefinition/resource-information">
        <valueString value="StructureDefinition:resource"/>
      </extension>
      <reference>
        <reference value="StructureDefinition/tr-aw-fluids-in-aw-observation"/>
      </reference>
      <name value="Fluids in Airway Observation"/>
      <description value="Observation related to airway obstruction due to fluids."/>
      <exampleBoolean value="false"/>
    </resource>
    <resource>
      <extension url="http://hl7.org/fhir/tools/StructureDefinition/resource-information">
        <valueString value="Observation"/>
      </extension>
      <reference>
        <reference value="Observation/uc1-TR-AW-Fluids-In-AW-Observation"/>
      </reference>
      <name value="Fluids in Airway Observation"/>
      <description value="Observation related to airway obstruction due to fluids."/>
      <exampleCanonical value="http://example.org/StructureDefinition/tr-aw-fluids-in-aw-observation"/>
    </resource>
    <resource>
      <extension url="http://hl7.org/fhir/tools/StructureDefinition/resource-information">
        <valueString value="StructureDefinition:resource"/>
      </extension>
      <reference>
        <reference value="StructureDefinition/tr-aw-foreign-body-aw-observation"/>
      </reference>
      <name value="Foreign Body in Airway Observation"/>
      <description value="Observation of airway obstruction due to foreign bodies."/>
      <exampleBoolean value="false"/>
    </resource>
    <resource>
      <extension url="http://hl7.org/fhir/tools/StructureDefinition/resource-information">
        <valueString value="Observation"/>
      </extension>
      <reference>
        <reference value="Observation/uc1-TR-AW-Foreign-Body-AW-Observation"/>
      </reference>
      <name value="Foreign Body in Airway Observation"/>
      <description value="Observation of airway obstruction due to foreign bodies."/>
      <exampleCanonical value="http://example.org/StructureDefinition/tr-aw-foreign-body-aw-observation"/>
    </resource>
    <resource>
      <extension url="http://hl7.org/fhir/tools/StructureDefinition/resource-information">
        <valueString value="ValueSet"/>
      </extension>
      <reference>
        <reference value="ValueSet/TR-AW-Airway-Obstruction-Causes-Foreign-Body-VS"/>
      </reference>
      <name value="Foreign Body Obstruction of AW"/>
      <description value="Different foreign bodies that can cause an obstruction"/>
      <exampleBoolean value="false"/>
    </resource>
    <resource>
      <extension url="http://hl7.org/fhir/tools/StructureDefinition/resource-information">
        <valueString value="ValueSet"/>
      </extension>
      <reference>
        <reference value="ValueSet/TR-GI-AW-Patency-VS"/>
      </reference>
      <name value="General Impresion AW Patency"/>
      <description value="Codes related to Blickdiagnose AW Patency"/>
      <exampleBoolean value="false"/>
    </resource>
    <resource>
      <extension url="http://hl7.org/fhir/tools/StructureDefinition/resource-information">
        <valueString value="StructureDefinition:resource"/>
      </extension>
      <reference>
        <reference value="StructureDefinition/tr-gi-airwaypatencyobservation"/>
      </reference>
      <name value="General Impression Airway Patency"/>
      <description value="Impressions about Airway Patency"/>
      <exampleBoolean value="false"/>
    </resource>
    <resource>
      <extension url="http://hl7.org/fhir/tools/StructureDefinition/resource-information">
        <valueString value="StructureDefinition:resource"/>
      </extension>
      <reference>
        <reference value="StructureDefinition/tr-gi-circulatory-impression-observation"/>
      </reference>
      <name value="General Impression Circulatory Observation"/>
      <description value="Impressions about general Circulatory condition of patient"/>
      <exampleBoolean value="false"/>
    </resource>
    <resource>
      <extension url="http://hl7.org/fhir/tools/StructureDefinition/resource-information">
        <valueString value="ValueSet"/>
      </extension>
      <reference>
        <reference value="ValueSet/TR-GI-Mental-Status-VS"/>
      </reference>
      <name value="General Impression Mental Status"/>
      <description value="This value has some first impressions of the mental state of the patient."/>
      <exampleBoolean value="false"/>
    </resource>
    <resource>
      <extension url="http://hl7.org/fhir/tools/StructureDefinition/resource-information">
        <valueString value="ValueSet"/>
      </extension>
      <reference>
        <reference value="ValueSet/TR-GI-Circulation-Impression-VS"/>
      </reference>
      <name value="General Impression of Circulation"/>
      <description value="Used to judge if patient coulsd be in potential shock"/>
      <exampleBoolean value="false"/>
    </resource>
    <resource>
      <extension url="http://hl7.org/fhir/tools/StructureDefinition/resource-information">
        <valueString value="ValueSet"/>
      </extension>
      <reference>
        <reference value="ValueSet/TR-GI-Impression-Procedure-VS"/>
      </reference>
      <name value="General Impression of Circulation Procedures"/>
      <description value="Used to judge if patient coulsd be in potential shock"/>
      <exampleBoolean value="false"/>
    </resource>
    <resource>
      <extension url="http://hl7.org/fhir/tools/StructureDefinition/resource-information">
        <valueString value="StructureDefinition:resource"/>
      </extension>
      <reference>
        <reference value="StructureDefinition/tr-disability-gcs-observation"/>
      </reference>
      <name value="Glasgow Coma Scale"/>
      <description value="Simplyfied Swiss IG GCS Score Observation to reflect Austrian Red Cross Documentation Standards."/>
      <exampleBoolean value="false"/>
    </resource>
    <resource>
      <extension url="http://hl7.org/fhir/tools/StructureDefinition/resource-information">
        <valueString value="Procedure"/>
      </extension>
      <reference>
        <reference value="Procedure/uc1-Helicopter-Air-Ambulance-Activation"/>
      </reference>
      <name value="Helicopter Air Ambulance Activation"/>
      <description value="Provision of helicopter air ambulance after general impression and decision"/>
      <exampleCanonical value="http://example.org/StructureDefinition/tr-gi-decision-making-procedure"/>
    </resource>
    <resource>
      <extension url="http://hl7.org/fhir/tools/StructureDefinition/resource-information">
        <valueString value="StructureDefinition:resource"/>
      </extension>
      <reference>
        <reference value="StructureDefinition/tr-br-breathing-increased-breathing-effort-observation"/>
      </reference>
      <name value="Increased Breathing Effort"/>
      <description value="Observation that describes signs of increased breathing effort"/>
      <exampleBoolean value="false"/>
    </resource>
    <resource>
      <extension url="http://hl7.org/fhir/tools/StructureDefinition/resource-information">
        <valueString value="StructureDefinition:resource"/>
      </extension>
      <reference>
        <reference value="StructureDefinition/tr-br-breathing-medication-oxygen-ma"/>
      </reference>
      <name value="MedicationAdministration of Oxygen"/>
      <description value="Procedure to describe the administration of Oxygen."/>
      <exampleBoolean value="false"/>
    </resource>
    <resource>
      <extension url="http://hl7.org/fhir/tools/StructureDefinition/resource-information">
        <valueString value="Observation"/>
      </extension>
      <reference>
        <reference value="Observation/uc1-TR-GI-Mental-Status-Impression-Observation"/>
      </reference>
      <name value="Mental Status Impression"/>
      <description value="Example for General Impression: Poor response to external stimuli"/>
      <exampleCanonical value="http://example.org/StructureDefinition/tr-gi-mental-status-impression-observation"/>
    </resource>
    <resource>
      <extension url="http://hl7.org/fhir/tools/StructureDefinition/resource-information">
        <valueString value="StructureDefinition:resource"/>
      </extension>
      <reference>
        <reference value="StructureDefinition/tr-br-breathing-intervention-tension-pneumothorax-procedure"/>
      </reference>
      <name value="Needle decomp because of tension pneumothorax"/>
      <description value="Performing needle decompression because of tension pneumothorax"/>
      <exampleBoolean value="false"/>
    </resource>
    <resource>
      <extension url="http://hl7.org/fhir/tools/StructureDefinition/resource-information">
        <valueString value="StructureDefinition:resource"/>
      </extension>
      <reference>
        <reference value="StructureDefinition/tr-br-breathing-finding-respiration-rate-observation"/>
      </reference>
      <name value="Observation of Breathing rate"/>
      <description value="Observation of the breathing rate of the patient. Slow - Normal - Fast."/>
      <exampleBoolean value="false"/>
    </resource>
    <resource>
      <extension url="http://hl7.org/fhir/tools/StructureDefinition/resource-information">
        <valueString value="StructureDefinition:resource"/>
      </extension>
      <reference>
        <reference value="StructureDefinition/tr-gi-mental-status-impression-observation"/>
      </reference>
      <name value="Observation of General Impression of Mental State of Patient"/>
      <description value="Quick overview of patient mental state."/>
      <exampleBoolean value="false"/>
    </resource>
    <resource>
      <extension url="http://hl7.org/fhir/tools/StructureDefinition/resource-information">
        <valueString value="StructureDefinition:resource"/>
      </extension>
      <reference>
        <reference value="StructureDefinition/tr-circulation-bleeding-control-ps-observation"/>
      </reference>
      <name value="Observation of Pelvic Fracture"/>
      <description value="Pelvic Fracture needs Pelvic Sling Procedure to stop critical bleeding."/>
      <exampleBoolean value="false"/>
    </resource>
    <resource>
      <extension url="http://hl7.org/fhir/tools/StructureDefinition/resource-information">
        <valueString value="StructureDefinition:resource"/>
      </extension>
      <reference>
        <reference value="StructureDefinition/tr-br-breathing-finding-oxygen-saturation-observation"/>
      </reference>
      <name value="Observation of SpO2"/>
      <description value="Observation of Oxygen Saturation"/>
      <exampleBoolean value="false"/>
    </resource>
    <resource>
      <extension url="http://hl7.org/fhir/tools/StructureDefinition/resource-information">
        <valueString value="ValueSet"/>
      </extension>
      <reference>
        <reference value="ValueSet/TR-AW-Airway-Obstruction-Causes-Structure-VS"/>
      </reference>
      <name value="Obstruction caused due to change in Neck Structure"/>
      <description value="Trauma to the neck or head can cause airway to close up."/>
      <exampleBoolean value="false"/>
    </resource>
    <resource>
      <extension url="http://hl7.org/fhir/tools/StructureDefinition/resource-information">
        <valueString value="ValueSet"/>
      </extension>
      <reference>
        <reference value="ValueSet/TR-AW-Airway-Opening-Maneuvers-VS"/>
      </reference>
      <name value="Opening Maneuvers"/>
      <description value="Different Ways of opening the patients mouth"/>
      <exampleBoolean value="false"/>
    </resource>
    <resource>
      <extension url="http://hl7.org/fhir/tools/StructureDefinition/resource-information">
        <valueString value="StructureDefinition:extension"/>
      </extension>
      <reference>
        <reference value="StructureDefinition/pathologic-side"/>
      </reference>
      <name value="Pathologic Side"/>
      <description value="Specifies the anatomical side affected by the finding or observation"/>
      <exampleBoolean value="false"/>
    </resource>
    <resource>
      <extension url="http://hl7.org/fhir/tools/StructureDefinition/resource-information">
        <valueString value="StructureDefinition:resource"/>
      </extension>
      <reference>
        <reference value="StructureDefinition/tr-circulation-bleeding-control-ps-procedure"/>
      </reference>
      <name value="Pelvic Sling Procedure"/>
      <description value="Application of Pelvic Sling due to Pelvic Fracture"/>
      <exampleBoolean value="false"/>
    </resource>
    <resource>
      <extension url="http://hl7.org/fhir/tools/StructureDefinition/resource-information">
        <valueString value="StructureDefinition:resource"/>
      </extension>
      <reference>
        <reference value="StructureDefinition/tr-circulation-bleeding-control-vs"/>
      </reference>
      <name value="Procedure for Bleeding Control"/>
      <description value="Procedures to control bleeding of patient."/>
      <exampleBoolean value="false"/>
    </resource>
    <resource>
      <extension url="http://hl7.org/fhir/tools/StructureDefinition/resource-information">
        <valueString value="StructureDefinition:resource"/>
      </extension>
      <reference>
        <reference value="StructureDefinition/tr-gi-circulatory-impression-procedure"/>
      </reference>
      <name value="Procedures to obtain a circulatory impression"/>
      <description value="Procedures to get an impression of the circulatory situation of a patient"/>
      <exampleBoolean value="false"/>
    </resource>
    <resource>
      <extension url="http://hl7.org/fhir/tools/StructureDefinition/resource-information">
        <valueString value="StructureDefinition:resource"/>
      </extension>
      <reference>
        <reference value="StructureDefinition/tr-br-breathing-bag-mask-procedure"/>
      </reference>
      <name value="Respiratory assist, manual"/>
      <description value="Performing needle decompression because of tension pneumothorax"/>
      <exampleBoolean value="false"/>
    </resource>
    <resource>
      <extension url="http://hl7.org/fhir/tools/StructureDefinition/resource-information">
        <valueString value="Observation"/>
      </extension>
      <reference>
        <reference value="Observation/uc1-TR-Br-Breathing-Disorder-Of-Thorax-Observation"/>
      </reference>
      <name value="Respiratory chest wall movement"/>
      <description value="Chest wall movement noted to be asymmetric on the left. Haematothorax observed."/>
      <exampleCanonical value="http://example.org/StructureDefinition/tr-br-breathing-disorder-of-thorax-observation"/>
    </resource>
    <resource>
      <extension url="http://hl7.org/fhir/tools/StructureDefinition/resource-information">
        <valueString value="StructureDefinition:resource"/>
      </extension>
      <reference>
        <reference value="StructureDefinition/tr-circulation-signs-of-schock-observation"/>
      </reference>
      <name value="Signs of Schock"/>
      <description value="This Observation covers the indicators for schock."/>
      <exampleBoolean value="false"/>
    </resource>
    <resource>
      <extension url="http://hl7.org/fhir/tools/StructureDefinition/resource-information">
        <valueString value="StructureDefinition:resource"/>
      </extension>
      <reference>
        <reference value="StructureDefinition/tr-circulation-skin-assessment-observation"/>
      </reference>
      <name value="Skin assessment"/>
      <description value="Skin assessment for trauma using LOINC 72284-3 Panel."/>
      <exampleBoolean value="false"/>
    </resource>
    <resource>
      <extension url="http://hl7.org/fhir/tools/StructureDefinition/resource-information">
        <valueString value="Observation"/>
      </extension>
      <reference>
        <reference value="Observation/uc1-TR-Circulation-Skin-Assessment-Observation"/>
      </reference>
      <name value="Skin assessment"/>
      <description value="Skin assessment for trauma using LOINC 72284-3 Panel."/>
      <exampleCanonical value="http://example.org/StructureDefinition/tr-circulation-skin-assessment-observation"/>
    </resource>
    <resource>
      <extension url="http://hl7.org/fhir/tools/StructureDefinition/resource-information">
        <valueString value="ValueSet"/>
      </extension>
      <reference>
        <reference value="ValueSet/TR-C-Skin-Assessment-VS"/>
      </reference>
      <name value="Skin Assessment Values"/>
      <description value="Includes LOINC codes related to the Skin assessment panel 72284-3."/>
      <exampleBoolean value="false"/>
    </resource>
    <resource>
      <extension url="http://hl7.org/fhir/tools/StructureDefinition/resource-information">
        <valueString value="StructureDefinition:resource"/>
      </extension>
      <reference>
        <reference value="StructureDefinition/tr-aw-soft-tissue-collaps-observation"/>
      </reference>
      <name value="Soft Tissue Collapse in Airway Observation"/>
      <description value="Observation related to airway obstruction due to soft tissue collapse."/>
      <exampleBoolean value="false"/>
    </resource>
    <resource>
      <extension url="http://hl7.org/fhir/tools/StructureDefinition/resource-information">
        <valueString value="Observation"/>
      </extension>
      <reference>
        <reference value="Observation/uc1-TR-AW-Soft-Tissue-Collaps-Observation"/>
      </reference>
      <name value="Soft Tissue Collapse in Airway Observation"/>
      <description value="Observation related to airway obstruction due to soft tissue collapse."/>
      <exampleCanonical value="http://example.org/StructureDefinition/tr-aw-soft-tissue-collaps-observation"/>
    </resource>
    <resource>
      <extension url="http://hl7.org/fhir/tools/StructureDefinition/resource-information">
        <valueString value="ValueSet"/>
      </extension>
      <reference>
        <reference value="ValueSet/TR-AW-Airway-Obstruction-Causes-VS"/>
      </reference>
      <name value="Softtissue AW Obstruction"/>
      <description value="Obstruction of Airway due to Softtissue without head or neck trauma"/>
      <exampleBoolean value="false"/>
    </resource>
    <resource>
      <extension url="http://hl7.org/fhir/tools/StructureDefinition/resource-information">
        <valueString value="ValueSet"/>
      </extension>
      <reference>
        <reference value="ValueSet/TR-AW-AW-Status-VS"/>
      </reference>
      <name value="Status of Airway"/>
      <description value="Codes to define if theres not a A problem"/>
      <exampleBoolean value="false"/>
    </resource>
    <resource>
      <extension url="http://hl7.org/fhir/tools/StructureDefinition/resource-information">
        <valueString value="StructureDefinition:resource"/>
      </extension>
      <reference>
        <reference value="StructureDefinition/tr-aw-structual-change-in-aw-observation"/>
      </reference>
      <name value="Structural Changes in Airway Observation"/>
      <description value="Observation of airway obstructions due to structural changes like swelling or trauma."/>
      <exampleBoolean value="false"/>
    </resource>
    <resource>
      <extension url="http://hl7.org/fhir/tools/StructureDefinition/resource-information">
        <valueString value="Observation"/>
      </extension>
      <reference>
        <reference value="Observation/uc1-TR-AW-Structual-Change-In-AW-Observation"/>
      </reference>
      <name value="Structural Changes in Airway Observation"/>
      <description value="Observation of airway obstructions due to structural changes like swelling or trauma."/>
      <exampleCanonical value="http://example.org/StructureDefinition/tr-aw-structual-change-in-aw-observation"/>
    </resource>
    <resource>
      <extension url="http://hl7.org/fhir/tools/StructureDefinition/resource-information">
        <valueString value="CodeSystem"/>
      </extension>
      <reference>
        <reference value="CodeSystem/tr-general-codes-cs"/>
      </reference>
      <name value="TR CodeSystem"/>
      <description value="All custom codes relevant for IG"/>
      <exampleBoolean value="false"/>
    </resource>
    <resource>
      <extension url="http://hl7.org/fhir/tools/StructureDefinition/resource-information">
        <valueString value="StructureDefinition:resource"/>
      </extension>
      <reference>
        <reference value="StructureDefinition/tr-composition"/>
      </reference>
      <name value="TR Composition"/>
      <description value="Structured documentation of the primary clinical assessment including airway, breathing, circulation and disability."/>
      <exampleBoolean value="false"/>
    </resource>
    <resource>
      <extension url="http://hl7.org/fhir/tools/StructureDefinition/resource-information">
        <valueString value="StructureDefinition:resource"/>
      </extension>
      <reference>
        <reference value="StructureDefinition/tr-exp-examination-procedure"/>
      </reference>
      <name value="Trauma Check"/>
      <description value="Procedure of checking patient for signs of trauma."/>
      <exampleBoolean value="false"/>
    </resource>
    <resource>
      <extension url="http://hl7.org/fhir/tools/StructureDefinition/resource-information">
        <valueString value="Composition"/>
      </extension>
      <reference>
        <reference value="Composition/uc1-tr-composition"/>
      </reference>
      <name value="UC1 TR Composition"/>
      <description value="Structured documentation of the primary clinical assessment."/>
      <exampleCanonical value="http://example.org/StructureDefinition/tr-composition"/>
    </resource>
    <resource>
      <extension url="http://hl7.org/fhir/tools/StructureDefinition/resource-information">
        <valueString value="Patient"/>
      </extension>
      <reference>
        <reference value="Patient/uc1-Nomen-Nescio"/>
      </reference>
      <name value="uc1-Nomen-Nescio"/>
      <exampleCanonical value="http://example.org/StructureDefinition/trauma-patient"/>
    </resource>
    <resource>
      <extension url="http://hl7.org/fhir/tools/StructureDefinition/resource-information">
        <valueString value="ValueSet"/>
      </extension>
      <reference>
        <reference value="ValueSet/Severity-VS"/>
      </reference>
      <name value="VS  Severity"/>
      <description value="ValueSet expressing the severity or presence of something"/>
      <exampleBoolean value="false"/>
    </resource>
    <resource>
      <extension url="http://hl7.org/fhir/tools/StructureDefinition/resource-information">
        <valueString value="ValueSet"/>
      </extension>
      <reference>
        <reference value="ValueSet/Anatomical-Terminology"/>
      </reference>
      <name value="VS Anatomical Terminology"/>
      <description value="Anatomical Terminology"/>
      <exampleBoolean value="false"/>
    </resource>
    <resource>
      <extension url="http://hl7.org/fhir/tools/StructureDefinition/resource-information">
        <valueString value="ValueSet"/>
      </extension>
      <reference>
        <reference value="ValueSet/TR-D-Fast-VS"/>
      </reference>
      <name value="VS for FAST Assessment"/>
      <description value="ValueSet for  SNOMED CT concepts used for a FAST assessment."/>
      <exampleBoolean value="false"/>
    </resource>
    <page>
      <extension url="http://hl7.org/fhir/tools/StructureDefinition/ig-page-name">
        <valueUrl value="toc.html"/>
      </extension>
      <nameUrl value="toc.html"/>
      <title value="Table of Contents"/>
      <generation value="html"/>
      <page>
        <extension url="http://hl7.org/fhir/tools/StructureDefinition/ig-page-name">
          <valueUrl value="index.html"/>
        </extension>
        <nameUrl value="index.html"/>
        <title value="Home"/>
        <generation value="markdown"/>
      </page>
      <page>
        <extension url="http://hl7.org/fhir/tools/StructureDefinition/ig-page-name">
          <valueUrl value="background.html"/>
        </extension>
        <nameUrl value="background.html"/>
        <title value="Background"/>
        <generation value="markdown"/>
      </page>
      <page>
        <extension url="http://hl7.org/fhir/tools/StructureDefinition/ig-page-name">
          <valueUrl value="examples.html"/>
        </extension>
        <nameUrl value="examples.html"/>
        <title value="Examples"/>
        <generation value="markdown"/>
      </page>
      <page>
        <extension url="http://hl7.org/fhir/tools/StructureDefinition/ig-page-name">
          <valueUrl value="usecase.html"/>
        </extension>
        <nameUrl value="usecase.html"/>
        <title value="Usecase"/>
        <generation value="markdown"/>
      </page>
    </page>
    <parameter>
      <code value="path-resource"/>
      <value value="input/capabilities"/>
    </parameter>
    <parameter>
      <code value="path-resource"/>
      <value value="input/examples"/>
    </parameter>
    <parameter>
      <code value="path-resource"/>
      <value value="input/extensions"/>
    </parameter>
    <parameter>
      <code value="path-resource"/>
      <value value="input/models"/>
    </parameter>
    <parameter>
      <code value="path-resource"/>
      <value value="input/operations"/>
    </parameter>
    <parameter>
      <code value="path-resource"/>
      <value value="input/profiles"/>
    </parameter>
    <parameter>
      <code value="path-resource"/>
      <value value="input/resources"/>
    </parameter>
    <parameter>
      <code value="path-resource"/>
      <value value="input/vocabulary"/>
    </parameter>
    <parameter>
      <code value="path-resource"/>
      <value value="input/maps"/>
    </parameter>
    <parameter>
      <code value="path-resource"/>
      <value value="input/testing"/>
    </parameter>
    <parameter>
      <code value="path-resource"/>
      <value value="input/history"/>
    </parameter>
    <parameter>
      <code value="path-resource"/>
      <value value="fsh-generated/resources"/>
    </parameter>
    <parameter>
      <code value="path-pages"/>
      <value value="template/config"/>
    </parameter>
    <parameter>
      <code value="path-pages"/>
      <value value="input/images"/>
    </parameter>
    <parameter>
      <code value="path-tx-cache"/>
      <value value="input-cache/txcache"/>
    </parameter>
  </definition>
</ImplementationGuide>