<?xml version="1.0" encoding="UTF-8"?>

<Observation xmlns="http://hl7.org/fhir">
  <id value="uc1-TR-GI-Airway-Patency-Observation"/>
  <meta>
    <profile value="http://example.org/StructureDefinition/tr-gi-airwaypatencyobservation"/>
  </meta>
  <text>
    <status value="generated"/><div xmlns="http://www.w3.org/1999/xhtml"><p class="res-header-id"><b>Generated Narrative: Observation uc1-TR-GI-Airway-Patency-Observation</b></p><a name="uc1-TR-GI-Airway-Patency-Observation"> </a><a name="hcuc1-TR-GI-Airway-Patency-Observation"> </a><a name="uc1-TR-GI-Airway-Patency-Observation-en-US"> </a><div style="display: inline-block; background-color: #d9e0e7; padding: 6px; margin: 4px; border: 1px solid #8da1b4; border-radius: 5px; line-height: 60%"><p style="margin-bottom: 0px"/><p style="margin-bottom: 0px">Profile: <a href="StructureDefinition-tr-gi-airwaypatencyobservation.html">General Impression Airway Patency</a></p></div><p><b>status</b>: Final</p><p><b>code</b>: <span title="Codes:{http://snomed.info/sct 301252002}">Observation of patency of airway</span></p><p><b>subject</b>: <a href="Patient-uc1-Nomen-Nescio.html">Nescio Nomen  Female, DoB: 1990-01-01 ( Social Security number: 9999090909)</a></p><p><b>encounter</b>: <code>Encounter/uc1-Motor-vehicle_collision</code></p><p><b>effective</b>: 2025-01-01 12:10:00+0200</p><p><b>value</b>: <span title="Codes:{http://snomed.info/sct 286371003}">Does not speak</span></p></div>
  </text>
  <status value="final"/>
  <code>
    <coding>
      <system value="http://snomed.info/sct"/>
      <code value="301252002"/>
      <display value="Observation of patency of airway"/>
    </coding>
  </code>
  <subject>
    <reference value="Patient/uc1-Nomen-Nescio"/>
  </subject>
  <encounter>
    <reference value="Encounter/uc1-Motor-vehicle_collision"/>
  </encounter>
  <effectiveDateTime value="2025-01-01T12:10:00.000+02:00"/>
  <valueCodeableConcept>
    <coding>
      <system value="http://snomed.info/sct"/>
      <code value="286371003"/>
      <display value="Does not speak"/>
    </coding>
    <text value="Does not speak"/>
  </valueCodeableConcept>
</Observation>