<?xml version="1.0" encoding="UTF-8"?>

<Observation xmlns="http://hl7.org/fhir">
  <id value="uc1-TR-Br-Breathing-Finding-Oxygen-Saturation-Observation"/>
  <meta>
    <profile value="http://example.org/StructureDefinition/tr-br-breathing-finding-oxygen-saturation-observation"/>
  </meta>
  <text>
    <status value="generated"/><div xmlns="http://www.w3.org/1999/xhtml"><p class="res-header-id"><b>Generated Narrative: Observation uc1-TR-Br-Breathing-Finding-Oxygen-Saturation-Observation</b></p><a name="uc1-TR-Br-Breathing-Finding-Oxygen-Saturation-Observation"> </a><a name="hcuc1-TR-Br-Breathing-Finding-Oxygen-Saturation-Observation"> </a><a name="uc1-TR-Br-Breathing-Finding-Oxygen-Saturation-Observation-en-US"> </a><div style="display: inline-block; background-color: #d9e0e7; padding: 6px; margin: 4px; border: 1px solid #8da1b4; border-radius: 5px; line-height: 60%"><p style="margin-bottom: 0px"/><p style="margin-bottom: 0px">Profile: <a href="StructureDefinition-tr-br-breathing-finding-oxygen-saturation-observation.html">Observation of SpO2</a></p></div><p><b>status</b>: Final</p><p><b>code</b>: <span title="Codes:{http://snomed.info/sct 103228002}">Hemoglobin saturation with oxygen (observable entity)</span></p><p><b>subject</b>: <a href="Patient-uc1-Nomen-Nescio.html">Nescio Nomen  Female, DoB: 1990-01-01 ( Social Security number: 9999090909)</a></p><p><b>encounter</b>: <a href="Encounter-uc1-Motor-Vehicle-Collision.html">Encounter: status = final; class = emergency (ActEncounterCode#EMER)</a></p><p><b>effective</b>: 2025-01-01 12:33:00+0200</p><p><b>value</b>: 84-92 %</p></div>
  </text>
  <status value="final"/>
  <code>
    <coding>
      <system value="http://snomed.info/sct"/>
      <code value="103228002"/>
      <display value="Hemoglobin saturation with oxygen (observable entity)"/>
    </coding>
  </code>
  <subject>
    <reference value="Patient/uc1-Nomen-Nescio"/>
  </subject>
  <encounter>
    <reference value="Encounter/uc1-Motor-Vehicle-Collision"/>
  </encounter>
  <effectiveDateTime value="2025-01-01T12:33:00+02:00"/>
  <valueRange>
    <low>
      <value value="84"/>
      <unit value="%"/>
      <system value="http://unitsofmeasure.org"/>
      <code value="%"/>
    </low>
    <high>
      <value value="92"/>
      <unit value="%"/>
      <system value="http://unitsofmeasure.org"/>
      <code value="%"/>
    </high>
  </valueRange>
</Observation>