<?xml version="1.0" encoding="UTF-8"?>

<Observation xmlns="http://hl7.org/fhir">
  <id value="uc1-TR-AW-Breathing-Sound-Observation"/>
  <meta>
    <profile value="http://example.org/StructureDefinition/tr-aw-breathing-sound-observation"/>
  </meta>
  <text>
    <status value="generated"/><div xmlns="http://www.w3.org/1999/xhtml"><p class="res-header-id"><b>Generated Narrative: Observation uc1-TR-AW-Breathing-Sound-Observation</b></p><a name="uc1-TR-AW-Breathing-Sound-Observation"> </a><a name="hcuc1-TR-AW-Breathing-Sound-Observation"> </a><a name="uc1-TR-AW-Breathing-Sound-Observation-en-US"> </a><div style="display: inline-block; background-color: #d9e0e7; padding: 6px; margin: 4px; border: 1px solid #8da1b4; border-radius: 5px; line-height: 60%"><p style="margin-bottom: 0px"/><p style="margin-bottom: 0px">Profile: <a href="StructureDefinition-tr-aw-breathing-sound-observation.html">Breathing Sounds Observation</a></p></div><p><b>status</b>: Final</p><p><b>code</b>: <span title="Codes:{http://snomed.info/sct 52653008}">Respiratory sounds</span></p><p><b>subject</b>: <a href="Patient-uc1-Nomen-Nescio.html">Nescio Nomen  Male, DoB: 1990-01-01</a></p><p><b>encounter</b>: <a href="Encounter-uc1-Motor-Vehicle-Collision.html">Encounter: status = final; class = emergency (ActEncounterCode#EMER)</a></p><p><b>effective</b>: 2025-01-01 12:20:00+0200</p><p><b>value</b>: <span title="Codes:{http://snomed.info/sct 248573009}">Rattling breathing</span></p></div>
  </text>
  <status value="final"/>
  <code>
    <coding>
      <system value="http://snomed.info/sct"/>
      <code value="52653008"/>
      <display value="Respiratory sounds"/>
    </coding>
  </code>
  <subject>
    <reference value="Patient/uc1-Nomen-Nescio"/>
  </subject>
  <encounter>
    <reference value="Encounter/uc1-Motor-Vehicle-Collision"/>
  </encounter>
  <effectiveDateTime value="2025-01-01T12:20:00.000+02:00"/>
  <valueCodeableConcept>
    <coding>
      <system value="http://snomed.info/sct"/>
      <code value="248573009"/>
      <display value="Rattling breathing"/>
    </coding>
    <text value="Rattling breathing"/>
  </valueCodeableConcept>
</Observation>