<?xml version="1.0" encoding="UTF-8"?>

<Observation xmlns="http://hl7.org/fhir">
  <id value="uc1-TR-Circulation-Signs-Of-Shock-Observation"/>
  <meta>
    <profile value="http://example.org/StructureDefinition/tr-circulation-signs-of-schock-observation"/>
  </meta>
  <text>
    <status value="extensions"/><div xmlns="http://www.w3.org/1999/xhtml"><p class="res-header-id"><b>Generated Narrative: Observation uc1-TR-Circulation-Signs-Of-Shock-Observation</b></p><a name="uc1-TR-Circulation-Signs-Of-Shock-Observation"> </a><a name="hcuc1-TR-Circulation-Signs-Of-Shock-Observation"> </a><a name="uc1-TR-Circulation-Signs-Of-Shock-Observation-en-US"> </a><div style="display: inline-block; background-color: #d9e0e7; padding: 6px; margin: 4px; border: 1px solid #8da1b4; border-radius: 5px; line-height: 60%"><p style="margin-bottom: 0px"/><p style="margin-bottom: 0px">Profile: <a href="StructureDefinition-tr-circulation-signs-of-schock-observation.html">Signs of Schock</a></p></div><p><b>status</b>: Final</p><p><b>code</b>: <span title="Codes:{http://snomed.info/sct 27942005}">Shock (disorder)</span></p><p><b>subject</b>: <a href="Patient-uc1-Nomen-Nescio.html">Nescio Nomen  Female, DoB: 1990-01-01 ( Social Security number: 9999090909)</a></p><p><b>encounter</b>: <a href="Encounter-uc1-Motor-Vehicle-Collision.html">Encounter: status = final; class = emergency (ActEncounterCode#EMER)</a></p><p><b>effective</b>: 2025-01-01 12:47:00+0200</p><blockquote><p><b>component</b></p><p><b>Pathologic Side</b>: <span title="Codes:{http://example.com/ValueSet/Anatomical-Terminology 119567009}">Structure of artery of head (body structure)</span></p><p><b>code</b>: <span title="Codes:{http://snomed.info/sct 45007003}">Low blood pressure (disorder)</span></p><p><b>value</b>: <span title="Codes:{http://snomed.info/sct 54518005}">Absent pulse (finding)</span></p></blockquote><blockquote><p><b>component</b></p><p><b>code</b>: <span title="Codes:{http://snomed.info/sct 3424008}">Tachycardia (finding)</span></p><p><b>value</b>: true</p></blockquote><blockquote><p><b>component</b></p><p><b>code</b>: <span title="Codes:{http://snomed.info/sct 45332005}">Normal capillary filling (finding)</span></p><p><b>value</b>: false</p></blockquote></div>
  </text>
  <status value="final"/>
  <code>
    <coding>
      <system value="http://snomed.info/sct"/>
      <code value="27942005"/>
      <display value="Shock (disorder)"/>
    </coding>
  </code>
  <subject>
    <reference value="Patient/uc1-Nomen-Nescio"/>
  </subject>
  <encounter>
    <reference value="Encounter/uc1-Motor-Vehicle-Collision"/>
  </encounter>
  <effectiveDateTime value="2025-01-01T12:47:00+02:00"/>
  <component>
    <extension url="http://example.org/StructureDefinition/pathologic-side">
      <valueCodeableConcept>
        <coding>
          <system value="http://example.com/ValueSet/Anatomical-Terminology"/>
          <code value="119567009"/>
          <display value="Structure of artery of head (body structure)"/>
        </coding>
      </valueCodeableConcept>
    </extension>
    <code>
      <coding>
        <system value="http://snomed.info/sct"/>
        <code value="45007003"/>
        <display value="Low blood pressure (disorder)"/>
      </coding>
    </code>
    <valueCodeableConcept>
      <coding>
        <system value="http://snomed.info/sct"/>
        <code value="54518005"/>
        <display value="Absent pulse (finding)"/>
      </coding>
    </valueCodeableConcept>
  </component>
  <component>
    <code>
      <coding>
        <system value="http://snomed.info/sct"/>
        <code value="3424008"/>
        <display value="Tachycardia (finding)"/>
      </coding>
    </code>
    <valueBoolean value="true"/>
  </component>
  <component>
    <code>
      <coding>
        <system value="http://snomed.info/sct"/>
        <code value="45332005"/>
        <display value="Normal capillary filling (finding)"/>
      </coding>
    </code>
    <valueBoolean value="false"/>
  </component>
</Observation>