<?xml version="1.0" encoding="UTF-8"?>

<Patient xmlns="http://hl7.org/fhir">
  <id value="uc1-Nomen-Nescio"/>
  <meta>
    <profile value="http://example.org/StructureDefinition/trauma-patient"/>
  </meta>
  <text>
    <status value="generated"/><div xmlns="http://www.w3.org/1999/xhtml"><p class="res-header-id"><b>Generated Narrative: Patient uc1-Nomen-Nescio</b></p><a name="uc1-Nomen-Nescio"> </a><a name="hcuc1-Nomen-Nescio"> </a><a name="uc1-Nomen-Nescio-en-US"> </a><div style="display: inline-block; background-color: #d9e0e7; padding: 6px; margin: 4px; border: 1px solid #8da1b4; border-radius: 5px; line-height: 60%"><p style="margin-bottom: 0px"/><p style="margin-bottom: 0px">Profile: <a href="StructureDefinition-trauma-patient.html">Base Trauma Patient</a></p></div><p style="border: 1px #661aff solid; background-color: #e6e6ff; padding: 10px;">Nescio Nomen  Male, DoB: 1990-01-01</p><hr/></div>
  </text>
  <name>
    <family value="Nomen"/>
    <given value="Nescio"/>
  </name>
  <gender value="male"/>
  <birthDate value="1990-01-01"/>
</Patient>