<?xml version="1.0" encoding="UTF-8"?>

<Practitioner xmlns="http://hl7.org/fhir">
  <id value="uc1-Practitioner"/>
  <meta>
    <profile value="http://hl7.at/fhir/HL7ATCoreProfiles/4.0.1/StructureDefinition/at-core-practitioner"/>
  </meta>
  <text>
    <status value="generated"/><div xmlns="http://www.w3.org/1999/xhtml"><p class="res-header-id"><b>Generated Narrative: Practitioner uc1-Practitioner</b></p><a name="uc1-Practitioner"> </a><a name="hcuc1-Practitioner"> </a><a name="uc1-Practitioner-en-US"> </a><div style="display: inline-block; background-color: #d9e0e7; padding: 6px; margin: 4px; border: 1px solid #8da1b4; border-radius: 5px; line-height: 60%"><p style="margin-bottom: 0px"/><p style="margin-bottom: 0px">Profile: <a href="http://hl7.at/fhir/HL7ATCoreProfiles/4.0.1/2.0.0/StructureDefinition-at-core-practitioner.html">HL7® AT Core Practitioner Profile</a></p></div><p><b>identifier</b>: <a href="http://terminology.hl7.org/6.2.0/NamingSystem-uri.html" title="As defined by RFC 3986 (http://www.ietf.org/rfc/rfc3986.txt)(with many schemes defined in many RFCs). For OIDs and UUIDs, use the URN form (urn:oid:(note: lowercase) and urn:uuid:). See http://www.ietf.org/rfc/rfc3001.txt and http://www.ietf.org/rfc/rfc4122.txt 

This oid is used as an identifier II.root to indicate the the extension is an absolute URI (technically, an IRI). Typically, this is used for OIDs and GUIDs. Note that when this OID is used with OIDs and GUIDs, the II.extension should start with urn:oid or urn:uuid: 

Note that this OID is created to aid with interconversion between CDA and FHIR - FHIR uses urn:ietf:rfc:3986 as equivalent to this OID. URIs as identifiers appear more commonly in FHIR.

This OID may also be used in CD.codeSystem.">Uniform Resource Identifier (URI)</a>/urn:oid:1.2.40.0.34.99.4613.4, <code>urn:oid:1.2.40.0.10.1.4.3.2</code>/1234</p><p><b>active</b>: true</p><p><b>name</b>: Nora Notärztin </p><p><b>gender</b>: Female</p></div>
  </text>
  <identifier>
    <system value="urn:ietf:rfc:3986"/>
    <value value="urn:oid:1.2.40.0.34.99.4613.4"/>
    <assigner>
      <display value="Bundesministerium für Gesundheit"/>
    </assigner>
  </identifier>
  <identifier>
    <system value="urn:oid:1.2.40.0.10.1.4.3.2"/>
    <value value="1234"/>
    <assigner>
      <display value="Dachverband der österreichischen Sozialversicherungsträger"/>
    </assigner>
  </identifier>
  <active value="true"/>
  <name>
    <family value="Notärztin"/>
    <given value="Nora"/>
    <prefix value="Prof. Dr."/>
  </name>
  <gender value="female"/>
</Practitioner>