<?xml version="1.0" encoding="UTF-8"?>

<Procedure xmlns="http://hl7.org/fhir">
  <id value="uc1-TR-Circulation-Bleeding-Control-Procedure"/>
  <meta>
    <profile value="http://example.org/StructureDefinition/tr-circulation-bleeding-control-vs"/>
  </meta>
  <text>
    <status value="generated"/><div xmlns="http://www.w3.org/1999/xhtml"><p class="res-header-id"><b>Generated Narrative: Procedure uc1-TR-Circulation-Bleeding-Control-Procedure</b></p><a name="uc1-TR-Circulation-Bleeding-Control-Procedure"> </a><a name="hcuc1-TR-Circulation-Bleeding-Control-Procedure"> </a><a name="uc1-TR-Circulation-Bleeding-Control-Procedure-en-US"> </a><div style="display: inline-block; background-color: #d9e0e7; padding: 6px; margin: 4px; border: 1px solid #8da1b4; border-radius: 5px; line-height: 60%"><p style="margin-bottom: 0px"/><p style="margin-bottom: 0px">Profile: <a href="StructureDefinition-tr-circulation-bleeding-control-vs.html">Procedure for Bleeding Control</a></p></div><p><b>status</b>: Completed</p><p><b>category</b>: <span title="Codes:{http://snomed.info/sct 51241000}">Control of hemorrhage (procedure)</span></p><p><b>code</b>: <span title="Codes:{http://snomed.info/sct 26906007}">Application of dressing, pressure (procedure)</span></p><p><b>subject</b>: <a href="Patient-uc1-Nomen-Nescio.html">Nescio Nomen  Female, DoB: 1990-01-01 ( Social Security number: 9999090909)</a></p><p><b>encounter</b>: <a href="Encounter-uc1-Motor-Vehicle-Collision.html">Encounter: status = final; class = emergency (ActEncounterCode#EMER)</a></p><p><b>performed</b>: 2025-01-01 12:56:00+0200</p></div>
  </text>
  <status value="completed"/>
  <category>
    <coding>
      <system value="http://snomed.info/sct"/>
      <code value="51241000"/>
      <display value="Control of hemorrhage (procedure)"/>
    </coding>
  </category>
  <code>
    <coding>
      <system value="http://snomed.info/sct"/>
      <code value="26906007"/>
      <display value="Application of dressing, pressure (procedure)"/>
    </coding>
  </code>
  <subject>
    <reference value="Patient/uc1-Nomen-Nescio"/>
  </subject>
  <encounter>
    <reference value="Encounter/uc1-Motor-Vehicle-Collision"/>
  </encounter>
  <performedDateTime value="2025-01-01T12:56:00+02:00"/>
</Procedure>