<?xml version="1.0" encoding="UTF-8"?>

<Procedure xmlns="http://hl7.org/fhir">
  <id value="uc1-TR-Br-Breathing-Procedure-Medication-Oxygen-Procedure"/>
  <meta>
    <profile value="http://example.org/StructureDefinition/tr-br-breathing-medication-oxygen-procedure"/>
  </meta>
  <text>
    <status value="generated"/><div xmlns="http://www.w3.org/1999/xhtml"><p class="res-header-id"><b>Generated Narrative: Procedure uc1-TR-Br-Breathing-Procedure-Medication-Oxygen-Procedure</b></p><a name="uc1-TR-Br-Breathing-Procedure-Medication-Oxygen-Procedure"> </a><a name="hcuc1-TR-Br-Breathing-Procedure-Medication-Oxygen-Procedure"> </a><a name="uc1-TR-Br-Breathing-Procedure-Medication-Oxygen-Procedure-en-US"> </a><div style="display: inline-block; background-color: #d9e0e7; padding: 6px; margin: 4px; border: 1px solid #8da1b4; border-radius: 5px; line-height: 60%"><p style="margin-bottom: 0px"/><p style="margin-bottom: 0px">Profile: <a href="StructureDefinition-tr-br-breathing-medication-oxygen-procedure.html">Administration of Oxygen</a></p></div><p><b>partOf</b>: <a href="MedicationAdministration-uc1-TR-Br-Breathing-Procedure-Medication-Oxygen-MA.html">MedicationAdministration: status = completed; category = outpatient; medication[x] = Oxygen (substance); effective[x] = 2025-01-01 12:55:00+0200</a></p><p><b>status</b>: Completed</p><p><b>category</b>: <span title="Codes:{http://snomed.info/sct 57485005}">Oxygen therapy (procedure)</span></p><p><b>code</b>: <span title="Codes:{http://snomed.info/sct 371908008}">Oxygen administration by mask</span></p><p><b>subject</b>: <a href="Patient-uc1-Nomen-Nescio.html">Nescio Nomen  Female, DoB: 1990-01-01 ( Social Security number: 9999090909)</a></p><p><b>encounter</b>: <a href="Encounter-uc1-Motor-Vehicle-Collision.html">Encounter: status = final; class = emergency (ActEncounterCode#EMER)</a></p><p><b>performed</b>: 2025-01-01 12:54:10+0200</p></div>
  </text>
  <partOf>
    <reference value="MedicationAdministration/uc1-TR-Br-Breathing-Procedure-Medication-Oxygen-MA"/>
  </partOf>
  <status value="completed"/>
  <category>
    <coding>
      <system value="http://snomed.info/sct"/>
      <code value="57485005"/>
      <display value="Oxygen therapy (procedure)"/>
    </coding>
  </category>
  <code>
    <coding>
      <system value="http://snomed.info/sct"/>
      <code value="371908008"/>
      <display value="Oxygen administration by mask (procedure)"/>
    </coding>
    <text value="Oxygen administration by mask"/>
  </code>
  <subject>
    <reference value="Patient/uc1-Nomen-Nescio"/>
  </subject>
  <encounter>
    <reference value="Encounter/uc1-Motor-Vehicle-Collision"/>
  </encounter>
  <performedDateTime value="2025-01-01T12:54:10+02:00"/>
</Procedure>