<?xml version="1.0" encoding="UTF-8"?>

<Procedure xmlns="http://hl7.org/fhir">
  <id value="uc1-Helicopter-Air-Ambulance-Activation"/>
  <meta>
    <profile value="http://example.org/StructureDefinition/tr-gi-decision-making-procedure"/>
  </meta>
  <text>
    <status value="generated"/><div xmlns="http://www.w3.org/1999/xhtml"><p class="res-header-id"><b>Generated Narrative: Procedure uc1-Helicopter-Air-Ambulance-Activation</b></p><a name="uc1-Helicopter-Air-Ambulance-Activation"> </a><a name="hcuc1-Helicopter-Air-Ambulance-Activation"> </a><a name="uc1-Helicopter-Air-Ambulance-Activation-en-US"> </a><div style="display: inline-block; background-color: #d9e0e7; padding: 6px; margin: 4px; border: 1px solid #8da1b4; border-radius: 5px; line-height: 60%"><p style="margin-bottom: 0px"/><p style="margin-bottom: 0px">Profile: <a href="StructureDefinition-tr-gi-decision-making-procedure.html">Decision Making after General Impresission</a></p></div><p><b>status</b>: final</p><p><b>category</b>: <span title="Codes:{http://snomed.info/sct 129264002}">Clinical action</span></p><p><b>code</b>: <span title="Codes:{http://snomed.info/sct 716734002}">Provision of helicopter air ambulance</span></p><p><b>subject</b>: <a href="Patient-uc1-Nomen-Nescio.html">Nescio Nomen  Female, DoB: 1990-01-01 ( Social Security number: 9999090909)</a></p><p><b>encounter</b>: <a href="Encounter-uc1-Motor-Vehicle-Collision.html">Encounter: status = final; class = emergency (ActEncounterCode#EMER)</a></p></div>
  </text>
  <status value="final"/>
  <category>
    <coding>
      <system value="http://snomed.info/sct"/>
      <code value="129264002"/>
      <display value="Clinical action"/>
    </coding>
  </category>
  <code>
    <coding>
      <system value="http://snomed.info/sct"/>
      <code value="716734002"/>
      <display value="Provision of helicopter air ambulance"/>
    </coding>
  </code>
  <subject>
    <reference value="Patient/uc1-Nomen-Nescio"/>
  </subject>
  <encounter>
    <reference value="Encounter/uc1-Motor-Vehicle-Collision"/>
  </encounter>
</Procedure>