<?xml version="1.0" encoding="UTF-8"?>

<Procedure xmlns="http://hl7.org/fhir">
  <id value="uc1-TR-Br-Breathing-Bag-Mask-Procedure"/>
  <meta>
    <profile value="http://example.org/StructureDefinition/tr-br-breathing-bag-mask-procedure"/>
  </meta>
  <text>
    <status value="generated"/><div xmlns="http://www.w3.org/1999/xhtml"><p class="res-header-id"><b>Generated Narrative: Procedure uc1-TR-Br-Breathing-Bag-Mask-Procedure</b></p><a name="uc1-TR-Br-Breathing-Bag-Mask-Procedure"> </a><a name="hcuc1-TR-Br-Breathing-Bag-Mask-Procedure"> </a><a name="uc1-TR-Br-Breathing-Bag-Mask-Procedure-en-US"> </a><div style="display: inline-block; background-color: #d9e0e7; padding: 6px; margin: 4px; border: 1px solid #8da1b4; border-radius: 5px; line-height: 60%"><p style="margin-bottom: 0px"/><p style="margin-bottom: 0px">Profile: <a href="StructureDefinition-tr-br-breathing-bag-mask-procedure.html">Respiratory assist, manual</a></p></div><p><b>partOf</b>: <a href="Observation/uc1-TR-Br-Finding-Respiration-Rate-Observation">Observation/uc1-TR-Br-Finding-Respiration-Rate-Observation</a></p><p><b>status</b>: Completed</p><p><b>category</b>: <span title="Codes:">outpatient</span></p><p><b>code</b>: <span title="Codes:{http://snomed.info/sct 425696007}">Manual respiratory assistance using bag and mask</span></p><p><b>subject</b>: <a href="Patient-uc1-Nomen-Nescio.html">Nescio Nomen  Female, DoB: 1990-01-01 ( Social Security number: 9999090909)</a></p><p><b>encounter</b>: <a href="Encounter-uc1-Motor-Vehicle-Collision.html">Encounter: status = final; class = emergency (ActEncounterCode#EMER)</a></p><p><b>performed</b>: 2025-01-01 12:53:00+0200</p></div>
  </text>
  <partOf>
    <reference value="Observation/uc1-TR-Br-Finding-Respiration-Rate-Observation"/>
  </partOf>
  <status value="completed"/>
  <category>
    <coding>
      <code value="outpatient"/>
    </coding>
  </category>
  <code>
    <coding>
      <system value="http://snomed.info/sct"/>
      <code value="425696007"/>
      <display value="Manual respiratory assistance using bag and mask (procedure)"/>
    </coding>
    <text value="Manual respiratory assistance using bag and mask"/>
  </code>
  <subject>
    <reference value="Patient/uc1-Nomen-Nescio"/>
  </subject>
  <encounter>
    <reference value="Encounter/uc1-Motor-Vehicle-Collision"/>
  </encounter>
  <performedDateTime value="2025-01-01T12:53:00+02:00"/>
</Procedure>