<?xml version="1.0" encoding="UTF-8"?>

<ValueSet xmlns="http://hl7.org/fhir">
  <id value="Severity-VS"/>
  <text>
    <status value="generated"/><div xmlns="http://www.w3.org/1999/xhtml"><p class="res-header-id"><b>Generated Narrative: ValueSet Severity-VS</b></p><a name="Severity-VS"> </a><a name="hcSeverity-VS"> </a><a name="Severity-VS-en-US"> </a><ul><li>Include these codes as defined in <a href="http://www.snomed.org/"><code>http://snomed.info/sct</code></a> version <code>http://snomed.info/sct/version/2025-02-01</code><table class="none"><tr><td style="white-space:nowrap"><b>Code</b></td><td><b>Display</b></td></tr><tr><td><a href="http://snomed.info/id/52101004">52101004</a></td><td>Present (qualifier value)</td></tr><tr><td><a href="http://snomed.info/id/255604002">255604002</a></td><td>Mild (qualifier value)</td></tr><tr><td><a href="http://snomed.info/id/2667000">2667000</a></td><td>Absent (qualifier value)</td></tr><tr><td><a href="http://snomed.info/id/255361000">255361000</a></td><td>Slow (qualifier value)</td></tr><tr><td><a href="http://snomed.info/id/277748003">277748003</a></td><td>Fast (qualifier value)</td></tr><tr><td><a href="http://snomed.info/id/17621005">17621005</a></td><td>  Normal (qualifier value)</td></tr></table></li></ul></div>
  </text>
  <url value="http://example.org/ValueSet/Severity-VS"/>
  <version value="0.1.0"/>
  <title value="VS  Severity"/>
  <status value="draft"/>
  <experimental value="false"/>
  <date value="2025-05-14T23:21:35+02:00"/>
  <publisher value="Constantin Renner"/>
  <contact>
    <name value="Constantin Renner"/>
    <telecom>
      <system value="url"/>
      <value value="https://github.com/cdeveHealth"/>
    </telecom>
    <telecom>
      <system value="email"/>
      <value value="constantinrenner1@gmail.com"/>
    </telecom>
  </contact>
  <description value="ValueSet expressing the severity or presence of something"/>
  <compose>
    <include>
      <system value="http://snomed.info/sct"/>
      <version value="http://snomed.info/sct/version/2025-02-01"/>
      <concept>
        <code value="52101004"/>
        <display value="Present (qualifier value)"/>
      </concept>
      <concept>
        <code value="255604002"/>
        <display value="Mild (qualifier value)"/>
      </concept>
      <concept>
        <code value="2667000"/>
        <display value="Absent (qualifier value)"/>
      </concept>
      <concept>
        <code value="255361000"/>
        <display value="Slow (qualifier value)"/>
      </concept>
      <concept>
        <code value="277748003"/>
        <display value="Fast (qualifier value)"/>
      </concept>
      <concept>
        <code value="17621005"/>
        <display value="  Normal (qualifier value)"/>
      </concept>
    </include>
  </compose>
</ValueSet>