<?xml version="1.0" encoding="UTF-8"?>

<ValueSet xmlns="http://hl7.org/fhir">
  <id value="TR-Circulation-Bleeding-Control-VS"/>
  <text>
    <status value="generated"/><div xmlns="http://www.w3.org/1999/xhtml"><p class="res-header-id"><b>Generated Narrative: ValueSet TR-Circulation-Bleeding-Control-VS</b></p><a name="TR-Circulation-Bleeding-Control-VS"> </a><a name="hcTR-Circulation-Bleeding-Control-VS"> </a><a name="TR-Circulation-Bleeding-Control-VS-en-US"> </a><ul><li>Include these codes as defined in <a href="http://www.snomed.org/"><code>http://snomed.info/sct</code></a><table class="none"><tr><td style="white-space:nowrap"><b>Code</b></td><td><b>Display</b></td></tr><tr><td><a href="http://snomed.info/id/26906007">26906007</a></td><td>Application of dressing, pressure (procedure)</td></tr><tr><td><a href="http://snomed.info/id/20655006">20655006</a></td><td>Application of tourniquet (procedure)</td></tr><tr><td><a href="http://snomed.info/id/735346000">735346000</a></td><td>Control of hemorrhage by application of direct pressure (procedure)</td></tr><tr><td><a href="http://snomed.info/id/3895009">3895009</a></td><td>Application of dressing (procedure)</td></tr><tr><td><a href="http://snomed.info/id/51241000">51241000</a></td><td>Control of hemorrhage (procedure)</td></tr></table></li></ul></div>
  </text>
  <url value="http://example.org/ValueSet/TR-Circulation-Bleeding-Control-VS"/>
  <version value="0.1.0"/>
  <title value="Different Codes for Bleeding Control"/>
  <status value="draft"/>
  <experimental value="false"/>
  <date value="2025-05-19T18:20:06+02:00"/>
  <publisher value="Constantin Renner"/>
  <contact>
    <name value="Constantin Renner"/>
    <telecom>
      <system value="url"/>
      <value value="https://github.com/medinterop-renner/TraumaIG"/>
    </telecom>
    <telecom>
      <system value="email"/>
      <value value="constantinrenner1@gmail.com"/>
    </telecom>
  </contact>
  <description value="Getting the patient to stop bleeding with these different methods."/>
  <compose>
    <include>
      <system value="http://snomed.info/sct"/>
      <concept>
        <code value="26906007"/>
        <display value="Application of dressing, pressure (procedure)"/>
      </concept>
      <concept>
        <code value="20655006"/>
        <display value="Application of tourniquet (procedure)"/>
      </concept>
      <concept>
        <code value="735346000"/>
        <display value="Control of hemorrhage by application of direct pressure (procedure)"/>
      </concept>
      <concept>
        <code value="3895009"/>
        <display value="Application of dressing (procedure)"/>
      </concept>
      <concept>
        <code value="51241000"/>
        <display value="Control of hemorrhage (procedure)"/>
      </concept>
    </include>
  </compose>
</ValueSet>