<?xml version="1.0" encoding="UTF-8"?>

<ValueSet xmlns="http://hl7.org/fhir">
  <id value="TR-AW-Airway-Clearance-VS"/>
  <text>
    <status value="generated"/><div xmlns="http://www.w3.org/1999/xhtml"><p class="res-header-id"><b>Generated Narrative: ValueSet TR-AW-Airway-Clearance-VS</b></p><a name="TR-AW-Airway-Clearance-VS"> </a><a name="hcTR-AW-Airway-Clearance-VS"> </a><a name="TR-AW-Airway-Clearance-VS-en-US"> </a><ul><li>Include these codes as defined in <a href="http://www.snomed.org/"><code>http://snomed.info/sct</code></a> version <code>http://snomed.info/sct/version/2025-02-01</code><table class="none"><tr><td style="white-space:nowrap"><b>Code</b></td><td><b>Display</b></td></tr><tr><td><a href="http://snomed.info/id/10849003">10849003</a></td><td>Removal of foreign body</td></tr><tr><td><a href="http://snomed.info/id/300231003">300231003</a></td><td>Removal of foreign body from mouth</td></tr><tr><td><a href="http://snomed.info/id/274414006">274414006</a></td><td>Laryngoscopy to remove object</td></tr><tr><td><a href="http://snomed.info/id/1338041004">1338041004</a></td><td>Wheeze clears with coughing</td></tr><tr><td><a href="http://snomed.info/id/53950000">53950000</a></td><td>Respiratory therapy</td></tr><tr><td><a href="http://snomed.info/id/230040009">230040009</a></td><td>Airway suction technique</td></tr></table></li></ul></div>
  </text>
  <url value="http://example.org/ValueSet/TR-AW-Airway-Clearance-VS"/>
  <version value="0.1.0"/>
  <title value="Codes for clearing airway"/>
  <status value="draft"/>
  <experimental value="false"/>
  <date value="2025-05-07T20:15:41+02:00"/>
  <publisher value="Constantin Renner"/>
  <contact>
    <name value="Constantin Renner"/>
    <telecom>
      <system value="url"/>
      <value value="http://example.org/example-publisher"/>
    </telecom>
    <telecom>
      <system value="email"/>
      <value value="constantinrenner1@gmail.com"/>
    </telecom>
  </contact>
  <description value="Includes SNOMED CT codes related to airway clearance procedures and findings."/>
  <compose>
    <include>
      <system value="http://snomed.info/sct"/>
      <version value="http://snomed.info/sct/version/2025-02-01"/>
      <concept>
        <code value="10849003"/>
        <display value="Removal of foreign body"/>
      </concept>
      <concept>
        <code value="300231003"/>
        <display value="Removal of foreign body from mouth"/>
      </concept>
      <concept>
        <code value="274414006"/>
        <display value="Laryngoscopy to remove object"/>
      </concept>
      <concept>
        <code value="1338041004"/>
        <display value="Wheeze clears with coughing"/>
      </concept>
      <concept>
        <code value="53950000"/>
        <display value="Respiratory therapy"/>
      </concept>
      <concept>
        <code value="230040009"/>
        <display value="Airway suction technique"/>
      </concept>
    </include>
  </compose>
</ValueSet>