<?xml version="1.0" encoding="UTF-8"?><ImplementationGuide xmlns="http://hl7.org/fhir"><id value="fhir.example"/><text><status value="generated"/><div xmlns="http://www.w3.org/1999/xhtml"><p class="res-header-id"><b>Generated Narrative: ImplementationGuide fhir.example</b></p><a name="fhir.example"> </a><a name="hcfhir.example"> </a><a name="fhir.example-en-US"> </a><h2>TraumaIG</h2><p>The official URL for this implementation guide is: </p><pre>http://example.org/ImplementationGuide/fhir.example</pre></div></text><url value="http://example.org/ImplementationGuide/fhir.example"/><version value="0.1.0"/><name value="TraumaIG"/><status value="draft"/><date value="2025-05-07T20:15:41+02:00"/><publisher value="Constantin Renner"/><contact><name value="Constantin Renner"/><telecom><system value="url"/><value value="http://example.org/example-publisher"/></telecom><telecom><system value="email"/><value value="constantinrenner1@gmail.com"/></telecom></contact><packageId value="fhir.example"/><license value="CC0-1.0"/><fhirVersion value="4.0.1"/><dependsOn id="hl7tx"><extension url="http://hl7.org/fhir/tools/StructureDefinition/implementationguide-dependency-comment"><valueMarkdown value="Automatically added as a dependency - all IGs depend on HL7 Terminology"/></extension><uri value="http://terminology.hl7.org/ImplementationGuide/hl7.terminology"/><packageId value="hl7.terminology.r4"/><version value="6.3.0"/></dependsOn><dependsOn id="hl7ext"><extension url="http://hl7.org/fhir/tools/StructureDefinition/implementationguide-dependency-comment"><valueMarkdown value="Automatically added as a dependency - all IGs depend on the HL7 Extension Pack"/></extension><uri value="http://hl7.org/fhir/extensions/ImplementationGuide/hl7.fhir.uv.extensions"/><packageId value="hl7.fhir.uv.extensions.r4"/><version value="5.2.0"/></dependsOn><dependsOn id="hl7_at_fhir_core_r4"><uri value="http://hl7.at/fhir/HL7ATCoreProfiles/4.0.1/ImplementationGuide/hl7.at.fhir.core.r4"/><packageId value="hl7.at.fhir.core.r4"/><version value="2.0.0"/></dependsOn><definition><extension url="http://hl7.org/fhir/tools/StructureDefinition/ig-parameter"><extension url="code"><valueString value="copyrightyear"/></extension><extension url="value"><valueString value="2025+"/></extension></extension><extension url="http://hl7.org/fhir/tools/StructureDefinition/ig-parameter"><extension url="code"><valueString value="releaselabel"/></extension><extension url="value"><valueString value="ci-build"/></extension></extension><extension url="http://hl7.org/fhir/tools/StructureDefinition/ig-parameter"><extension url="code"><valueString value="autoload-resources"/></extension><extension url="value"><valueString value="true"/></extension></extension><extension url="http://hl7.org/fhir/tools/StructureDefinition/ig-parameter"><extension url="code"><valueString value="path-liquid"/></extension><extension url="value"><valueString value="template/liquid"/></extension></extension><extension url="http://hl7.org/fhir/tools/StructureDefinition/ig-parameter"><extension url="code"><valueString value="path-liquid"/></extension><extension url="value"><valueString value="input/liquid"/></extension></extension><extension url="http://hl7.org/fhir/tools/StructureDefinition/ig-parameter"><extension url="code"><valueString value="path-qa"/></extension><extension url="value"><valueString value="temp/qa"/></extension></extension><extension url="http://hl7.org/fhir/tools/StructureDefinition/ig-parameter"><extension url="code"><valueString value="path-temp"/></extension><extension url="value"><valueString value="temp/pages"/></extension></extension><extension url="http://hl7.org/fhir/tools/StructureDefinition/ig-parameter"><extension url="code"><valueString value="path-output"/></extension><extension url="value"><valueString value="output"/></extension></extension><extension url="http://hl7.org/fhir/tools/StructureDefinition/ig-parameter"><extension url="code"><valueString value="path-suppressed-warnings"/></extension><extension url="value"><valueString value="input/ignoreWarnings.txt"/></extension></extension><extension url="http://hl7.org/fhir/tools/StructureDefinition/ig-parameter"><extension url="code"><valueString value="path-history"/></extension><extension url="value"><valueString value="http://example.org/history.html"/></extension></extension><extension url="http://hl7.org/fhir/tools/StructureDefinition/ig-parameter"><extension url="code"><valueString value="template-html"/></extension><extension url="value"><valueString value="template-page.html"/></extension></extension><extension url="http://hl7.org/fhir/tools/StructureDefinition/ig-parameter"><extension url="code"><valueString value="template-md"/></extension><extension url="value"><valueString value="template-page-md.html"/></extension></extension><extension url="http://hl7.org/fhir/tools/StructureDefinition/ig-parameter"><extension url="code"><valueString value="apply-contact"/></extension><extension url="value"><valueString value="true"/></extension></extension><extension url="http://hl7.org/fhir/tools/StructureDefinition/ig-parameter"><extension url="code"><valueString value="apply-context"/></extension><extension url="value"><valueString value="true"/></extension></extension><extension url="http://hl7.org/fhir/tools/StructureDefinition/ig-parameter"><extension url="code"><valueString value="apply-copyright"/></extension><extension url="value"><valueString value="true"/></extension></extension><extension url="http://hl7.org/fhir/tools/StructureDefinition/ig-parameter"><extension url="code"><valueString value="apply-jurisdiction"/></extension><extension url="value"><valueString value="true"/></extension></extension><extension url="http://hl7.org/fhir/tools/StructureDefinition/ig-parameter"><extension url="code"><valueString value="apply-license"/></extension><extension url="value"><valueString value="true"/></extension></extension><extension url="http://hl7.org/fhir/tools/StructureDefinition/ig-parameter"><extension url="code"><valueString value="apply-publisher"/></extension><extension url="value"><valueString value="true"/></extension></extension><extension url="http://hl7.org/fhir/tools/StructureDefinition/ig-parameter"><extension url="code"><valueString value="apply-version"/></extension><extension url="value"><valueString value="true"/></extension></extension><extension url="http://hl7.org/fhir/tools/StructureDefinition/ig-parameter"><extension url="code"><valueString value="apply-wg"/></extension><extension url="value"><valueString value="true"/></extension></extension><extension url="http://hl7.org/fhir/tools/StructureDefinition/ig-parameter"><extension url="code"><valueString value="active-tables"/></extension><extension url="value"><valueString value="true"/></extension></extension><extension url="http://hl7.org/fhir/tools/StructureDefinition/ig-parameter"><extension url="code"><valueString value="fmm-definition"/></extension><extension url="value"><valueString value="http://hl7.org/fhir/versions.html#maturity"/></extension></extension><extension url="http://hl7.org/fhir/tools/StructureDefinition/ig-parameter"><extension url="code"><valueString value="propagate-status"/></extension><extension url="value"><valueString value="true"/></extension></extension><extension url="http://hl7.org/fhir/tools/StructureDefinition/ig-parameter"><extension url="code"><valueString value="excludelogbinaryformat"/></extension><extension url="value"><valueString value="true"/></extension></extension><extension url="http://hl7.org/fhir/tools/StructureDefinition/ig-parameter"><extension url="code"><valueString value="tabbed-snapshots"/></extension><extension url="value"><valueString value="true"/></extension></extension><extension url="http://hl7.org/fhir/tools/StructureDefinition/ig-internal-dependency"><valueCode value="hl7.fhir.uv.tools.r4#0.3.0"/></extension><extension url="http://hl7.org/fhir/tools/StructureDefinition/ig-parameter"><extension url="code"><valueCode value="copyrightyear"/></extension><extension url="value"><valueString value="2025+"/></extension></extension><extension url="http://hl7.org/fhir/tools/StructureDefinition/ig-parameter"><extension url="code"><valueCode value="releaselabel"/></extension><extension url="value"><valueString value="ci-build"/></extension></extension><extension url="http://hl7.org/fhir/tools/StructureDefinition/ig-parameter"><extension url="code"><valueCode value="autoload-resources"/></extension><extension url="value"><valueString value="true"/></extension></extension><extension url="http://hl7.org/fhir/tools/StructureDefinition/ig-parameter"><extension url="code"><valueCode value="path-liquid"/></extension><extension url="value"><valueString value="template/liquid"/></extension></extension><extension url="http://hl7.org/fhir/tools/StructureDefinition/ig-parameter"><extension url="code"><valueCode value="path-liquid"/></extension><extension url="value"><valueString value="input/liquid"/></extension></extension><extension url="http://hl7.org/fhir/tools/StructureDefinition/ig-parameter"><extension url="code"><valueCode value="path-qa"/></extension><extension url="value"><valueString value="temp/qa"/></extension></extension><extension url="http://hl7.org/fhir/tools/StructureDefinition/ig-parameter"><extension url="code"><valueCode value="path-temp"/></extension><extension url="value"><valueString value="temp/pages"/></extension></extension><extension url="http://hl7.org/fhir/tools/StructureDefinition/ig-parameter"><extension url="code"><valueCode value="path-output"/></extension><extension url="value"><valueString value="output"/></extension></extension><extension url="http://hl7.org/fhir/tools/StructureDefinition/ig-parameter"><extension url="code"><valueCode value="path-suppressed-warnings"/></extension><extension url="value"><valueString value="input/ignoreWarnings.txt"/></extension></extension><extension url="http://hl7.org/fhir/tools/StructureDefinition/ig-parameter"><extension url="code"><valueCode value="path-history"/></extension><extension url="value"><valueString value="http://example.org/history.html"/></extension></extension><extension url="http://hl7.org/fhir/tools/StructureDefinition/ig-parameter"><extension url="code"><valueCode value="template-html"/></extension><extension url="value"><valueString value="template-page.html"/></extension></extension><extension url="http://hl7.org/fhir/tools/StructureDefinition/ig-parameter"><extension url="code"><valueCode value="template-md"/></extension><extension url="value"><valueString value="template-page-md.html"/></extension></extension><extension url="http://hl7.org/fhir/tools/StructureDefinition/ig-parameter"><extension url="code"><valueCode value="apply-contact"/></extension><extension url="value"><valueString value="true"/></extension></extension><extension url="http://hl7.org/fhir/tools/StructureDefinition/ig-parameter"><extension url="code"><valueCode value="apply-context"/></extension><extension url="value"><valueString value="true"/></extension></extension><extension url="http://hl7.org/fhir/tools/StructureDefinition/ig-parameter"><extension url="code"><valueCode value="apply-copyright"/></extension><extension url="value"><valueString value="true"/></extension></extension><extension url="http://hl7.org/fhir/tools/StructureDefinition/ig-parameter"><extension url="code"><valueCode value="apply-jurisdiction"/></extension><extension url="value"><valueString value="true"/></extension></extension><extension url="http://hl7.org/fhir/tools/StructureDefinition/ig-parameter"><extension url="code"><valueCode value="apply-license"/></extension><extension url="value"><valueString value="true"/></extension></extension><extension url="http://hl7.org/fhir/tools/StructureDefinition/ig-parameter"><extension url="code"><valueCode value="apply-publisher"/></extension><extension url="value"><valueString value="true"/></extension></extension><extension url="http://hl7.org/fhir/tools/StructureDefinition/ig-parameter"><extension url="code"><valueCode value="apply-version"/></extension><extension url="value"><valueString value="true"/></extension></extension><extension url="http://hl7.org/fhir/tools/StructureDefinition/ig-parameter"><extension url="code"><valueCode value="apply-wg"/></extension><extension url="value"><valueString value="true"/></extension></extension><extension url="http://hl7.org/fhir/tools/StructureDefinition/ig-parameter"><extension url="code"><valueCode value="active-tables"/></extension><extension url="value"><valueString value="true"/></extension></extension><extension url="http://hl7.org/fhir/tools/StructureDefinition/ig-parameter"><extension url="code"><valueCode value="fmm-definition"/></extension><extension url="value"><valueString value="http://hl7.org/fhir/versions.html#maturity"/></extension></extension><extension url="http://hl7.org/fhir/tools/StructureDefinition/ig-parameter"><extension url="code"><valueCode value="propagate-status"/></extension><extension url="value"><valueString value="true"/></extension></extension><extension url="http://hl7.org/fhir/tools/StructureDefinition/ig-parameter"><extension url="code"><valueCode value="excludelogbinaryformat"/></extension><extension url="value"><valueString value="true"/></extension></extension><extension url="http://hl7.org/fhir/tools/StructureDefinition/ig-parameter"><extension url="code"><valueCode value="tabbed-snapshots"/></extension><extension url="value"><valueString value="true"/></extension></extension><extension url="http://hl7.org/fhir/tools/StructureDefinition/ig-parameter"><extension url="code"><valueCode value="copyrightyear"/></extension><extension url="value"><valueString value="2025+"/></extension></extension><extension url="http://hl7.org/fhir/tools/StructureDefinition/ig-parameter"><extension url="code"><valueCode value="releaselabel"/></extension><extension url="value"><valueString value="ci-build"/></extension></extension><extension url="http://hl7.org/fhir/tools/StructureDefinition/ig-parameter"><extension url="code"><valueCode value="autoload-resources"/></extension><extension url="value"><valueString value="true"/></extension></extension><extension url="http://hl7.org/fhir/tools/StructureDefinition/ig-parameter"><extension url="code"><valueCode value="path-liquid"/></extension><extension url="value"><valueString value="template/liquid"/></extension></extension><extension url="http://hl7.org/fhir/tools/StructureDefinition/ig-parameter"><extension url="code"><valueCode value="path-liquid"/></extension><extension url="value"><valueString value="input/liquid"/></extension></extension><extension url="http://hl7.org/fhir/tools/StructureDefinition/ig-parameter"><extension url="code"><valueCode value="path-qa"/></extension><extension url="value"><valueString value="temp/qa"/></extension></extension><extension url="http://hl7.org/fhir/tools/StructureDefinition/ig-parameter"><extension url="code"><valueCode value="path-temp"/></extension><extension url="value"><valueString value="temp/pages"/></extension></extension><extension url="http://hl7.org/fhir/tools/StructureDefinition/ig-parameter"><extension url="code"><valueCode value="path-output"/></extension><extension url="value"><valueString value="output"/></extension></extension><extension url="http://hl7.org/fhir/tools/StructureDefinition/ig-parameter"><extension url="code"><valueCode value="path-suppressed-warnings"/></extension><extension url="value"><valueString value="input/ignoreWarnings.txt"/></extension></extension><extension url="http://hl7.org/fhir/tools/StructureDefinition/ig-parameter"><extension url="code"><valueCode value="path-history"/></extension><extension url="value"><valueString value="http://example.org/history.html"/></extension></extension><extension url="http://hl7.org/fhir/tools/StructureDefinition/ig-parameter"><extension url="code"><valueCode value="template-html"/></extension><extension url="value"><valueString value="template-page.html"/></extension></extension><extension url="http://hl7.org/fhir/tools/StructureDefinition/ig-parameter"><extension url="code"><valueCode value="template-md"/></extension><extension url="value"><valueString value="template-page-md.html"/></extension></extension><extension url="http://hl7.org/fhir/tools/StructureDefinition/ig-parameter"><extension url="code"><valueCode value="apply-contact"/></extension><extension url="value"><valueString value="true"/></extension></extension><extension url="http://hl7.org/fhir/tools/StructureDefinition/ig-parameter"><extension url="code"><valueCode value="apply-context"/></extension><extension url="value"><valueString value="true"/></extension></extension><extension url="http://hl7.org/fhir/tools/StructureDefinition/ig-parameter"><extension url="code"><valueCode value="apply-copyright"/></extension><extension url="value"><valueString value="true"/></extension></extension><extension url="http://hl7.org/fhir/tools/StructureDefinition/ig-parameter"><extension url="code"><valueCode value="apply-jurisdiction"/></extension><extension url="value"><valueString value="true"/></extension></extension><extension url="http://hl7.org/fhir/tools/StructureDefinition/ig-parameter"><extension url="code"><valueCode value="apply-license"/></extension><extension url="value"><valueString value="true"/></extension></extension><extension url="http://hl7.org/fhir/tools/StructureDefinition/ig-parameter"><extension url="code"><valueCode value="apply-publisher"/></extension><extension url="value"><valueString value="true"/></extension></extension><extension url="http://hl7.org/fhir/tools/StructureDefinition/ig-parameter"><extension url="code"><valueCode value="apply-version"/></extension><extension url="value"><valueString value="true"/></extension></extension><extension url="http://hl7.org/fhir/tools/StructureDefinition/ig-parameter"><extension url="code"><valueCode value="apply-wg"/></extension><extension url="value"><valueString value="true"/></extension></extension><extension url="http://hl7.org/fhir/tools/StructureDefinition/ig-parameter"><extension url="code"><valueCode value="active-tables"/></extension><extension url="value"><valueString value="true"/></extension></extension><extension url="http://hl7.org/fhir/tools/StructureDefinition/ig-parameter"><extension url="code"><valueCode value="fmm-definition"/></extension><extension url="value"><valueString value="http://hl7.org/fhir/versions.html#maturity"/></extension></extension><extension url="http://hl7.org/fhir/tools/StructureDefinition/ig-parameter"><extension url="code"><valueCode value="propagate-status"/></extension><extension url="value"><valueString value="true"/></extension></extension><extension url="http://hl7.org/fhir/tools/StructureDefinition/ig-parameter"><extension url="code"><valueCode value="excludelogbinaryformat"/></extension><extension url="value"><valueString value="true"/></extension></extension><extension url="http://hl7.org/fhir/tools/StructureDefinition/ig-parameter"><extension url="code"><valueCode value="tabbed-snapshots"/></extension><extension url="value"><valueString value="true"/></extension></extension><grouping id="-str-profile"><name value="Structures: Resource Profiles"/><description value="These define constraints on FHIR resources for systems conforming to this implementation guide."/></grouping><grouping id="-str-extension"><name value="Structures: Extension Definitions"/><description value="These define constraints on FHIR data types for systems conforming to this implementation guide."/></grouping><grouping id="-term-valueset"><name value="Terminology: Value Sets"/><description value="These define sets of codes used by systems conforming to this implementation guide."/></grouping><grouping id="-term-codesystem"><name value="Terminology: Code Systems"/><description value="These define new code systems used by systems conforming to this implementation guide."/></grouping><grouping id="-ex-example"><name value="Example: Example Instances"/><description value="These are example instances that show what data produced and consumed by systems conforming with this implementation guide might look like."/></grouping><resource><extension url="http://hl7.org/fhir/tools/StructureDefinition/resource-sort"><valueInteger value="999999999"/></extension><extension url="http://hl7.org/fhir/StructureDefinition/implementationguide-page"><valueUri value="StructureDefinition-tr-aw-airway-adjuncts-procedure.html"/></extension><reference><reference value="StructureDefinition/tr-aw-airway-adjuncts-procedure"/></reference><name value="Airway Adjuncts Procedures"/><description value="Procedures involving the insertion and management of airway adjuncts."/><exampleBoolean value="false"/><groupingId value="-str-profile"/></resource><resource><extension url="http://hl7.org/fhir/tools/StructureDefinition/resource-sort"><valueInteger value="999999999"/></extension><extension url="http://hl7.org/fhir/StructureDefinition/implementationguide-page"><valueUri value="StructureDefinition-tr-aw-airway-clearance-procedure.html"/></extension><reference><reference value="StructureDefinition/tr-aw-airway-clearance-procedure"/></reference><name value="Airway Clearance"/><description value="Procedures to clear obstructions from the airway."/><exampleBoolean value="false"/><groupingId value="-str-profile"/></resource><resource><extension url="http://hl7.org/fhir/tools/StructureDefinition/resource-sort"><valueInteger value="999999999"/></extension><extension url="http://hl7.org/fhir/StructureDefinition/implementationguide-page"><valueUri value="StructureDefinition-tr-aw-opening-maneuver-procedure.html"/></extension><reference><reference value="StructureDefinition/tr-aw-opening-maneuver-procedure"/></reference><name value="Airway Opening Maneuvers"/><description value="Procedures related to manual airway opening techniques."/><exampleBoolean value="false"/><groupingId value="-str-profile"/></resource><resource><extension url="http://hl7.org/fhir/tools/StructureDefinition/resource-sort"><valueInteger value="999999999"/></extension><extension url="http://hl7.org/fhir/StructureDefinition/implementationguide-page"><valueUri value="StructureDefinition-tr-aw-status-observation.html"/></extension><reference><reference value="StructureDefinition/tr-aw-status-observation"/></reference><name value="Airway Status"/><description value="Defines if the airway of the patient is obstructed or not"/><exampleBoolean value="false"/><groupingId value="-str-profile"/></resource><resource><extension url="http://hl7.org/fhir/tools/StructureDefinition/resource-sort"><valueInteger value="999999999"/></extension><extension url="http://hl7.org/fhir/StructureDefinition/implementationguide-page"><valueUri value="StructureDefinition-trauma-encounter.html"/></extension><reference><reference value="StructureDefinition/trauma-encounter"/></reference><name value="Base Trauma Encounter"/><description value="Profile for trauma-related clinical encounters."/><exampleBoolean value="false"/><groupingId value="-str-profile"/></resource><resource><extension url="http://hl7.org/fhir/tools/StructureDefinition/resource-sort"><valueInteger value="999999999"/></extension><extension url="http://hl7.org/fhir/StructureDefinition/implementationguide-page"><valueUri value="StructureDefinition-trauma-observation.html"/></extension><reference><reference value="StructureDefinition/trauma-observation"/></reference><name value="Base Trauma IG Observation"/><description value="This profile defines how the Observation resource should be used to meet the needs of all trauma-related Observation profiles."/><exampleBoolean value="false"/><groupingId value="-str-profile"/></resource><resource><extension url="http://hl7.org/fhir/tools/StructureDefinition/resource-sort"><valueInteger value="999999999"/></extension><extension url="http://hl7.org/fhir/StructureDefinition/implementationguide-page"><valueUri value="StructureDefinition-trauma-patient.html"/></extension><reference><reference value="StructureDefinition/trauma-patient"/></reference><name value="Base Trauma Patient"/><description value="A trauma patient based on the HL7 Austria Core Patient profile, with minimal demographic information enabled, since this is often the case in Trauma Care"/><exampleBoolean value="false"/><groupingId value="-str-profile"/></resource><resource><extension url="http://hl7.org/fhir/tools/StructureDefinition/resource-sort"><valueInteger value="999999999"/></extension><extension url="http://hl7.org/fhir/StructureDefinition/implementationguide-page"><valueUri value="StructureDefinition-trauma-procedure.html"/></extension><reference><reference value="StructureDefinition/trauma-procedure"/></reference><name value="Base Trauma Procedure"/><description value="This profile defines specific constraints on the Procedure resource in order to create the requirements for all specialized trauma procedure profiles."/><exampleBoolean value="false"/><groupingId value="-str-profile"/></resource><resource><extension url="http://hl7.org/fhir/tools/StructureDefinition/resource-sort"><valueInteger value="999999999"/></extension><extension url="http://hl7.org/fhir/StructureDefinition/implementationguide-page"><valueUri value="StructureDefinition-tr-aw-breathing-sound-observation.html"/></extension><reference><reference value="StructureDefinition/tr-aw-breathing-sound-observation"/></reference><name value="Breathing Sounds Observation"/><description value="Observation related to breathing sounds, such as wheezing or stridor."/><exampleBoolean value="false"/><groupingId value="-str-profile"/></resource><resource><extension url="http://hl7.org/fhir/tools/StructureDefinition/resource-sort"><valueInteger value="999999999"/></extension><extension url="http://hl7.org/fhir/StructureDefinition/implementationguide-page"><valueUri value="StructureDefinition-tr-aw-cervical-spine-assessment-observation.html"/></extension><reference><reference value="StructureDefinition/tr-aw-cervical-spine-assessment-observation"/></reference><name value="Cervical Spine Assessment Observation"/><description value="Observation related to assessing injuries to the cervical spine."/><exampleBoolean value="false"/><groupingId value="-str-profile"/></resource><resource><extension url="http://hl7.org/fhir/tools/StructureDefinition/resource-sort"><valueInteger value="999999999"/></extension><extension url="http://hl7.org/fhir/StructureDefinition/implementationguide-page"><valueUri value="StructureDefinition-tr-aw-cervical-spine-intervention-procedure.html"/></extension><reference><reference value="StructureDefinition/tr-aw-cervical-spine-intervention-procedure"/></reference><name value="Cervical Spine Intervention"/><description value="Procedures related to the immobilization and stabilization of the cervical spine."/><exampleBoolean value="false"/><groupingId value="-str-profile"/></resource><resource><extension url="http://hl7.org/fhir/tools/StructureDefinition/resource-sort"><valueInteger value="999999999"/></extension><extension url="http://hl7.org/fhir/StructureDefinition/implementationguide-page"><valueUri value="StructureDefinition-tr-gi-decision-making-observation.html"/></extension><reference><reference value="StructureDefinition/tr-gi-decision-making-observation"/></reference><name value="Decision Making Observation"/><description value="Observations of Immediate Actions"/><exampleBoolean value="false"/><groupingId value="-str-profile"/></resource><resource><extension url="http://hl7.org/fhir/tools/StructureDefinition/resource-sort"><valueInteger value="999999999"/></extension><extension url="http://hl7.org/fhir/StructureDefinition/implementationguide-page"><valueUri value="StructureDefinition-tr-gi-decision-making-procedure.html"/></extension><reference><reference value="StructureDefinition/tr-gi-decision-making-procedure"/></reference><name value="Decision Making after General Impresission"/><description value="Documentation of imediate Procedures after judging general state of patient"/><exampleBoolean value="false"/><groupingId value="-str-profile"/></resource><resource><extension url="http://hl7.org/fhir/tools/StructureDefinition/resource-sort"><valueInteger value="999999999"/></extension><extension url="http://hl7.org/fhir/StructureDefinition/implementationguide-page"><valueUri value="StructureDefinition-tr-bundle.html"/></extension><reference><reference value="StructureDefinition/tr-bundle"/></reference><name value="Document Bundle"/><description value="A document Bundle containing only tr-composition."/><exampleBoolean value="false"/><groupingId value="-str-profile"/></resource><resource><extension url="http://hl7.org/fhir/tools/StructureDefinition/resource-sort"><valueInteger value="999999999"/></extension><extension url="http://hl7.org/fhir/StructureDefinition/implementationguide-page"><valueUri value="StructureDefinition-tr-d-neuro-fast-observations.html"/></extension><reference><reference value="StructureDefinition/tr-d-neuro-fast-observations"/></reference><name value="Fast Assessment"/><description value="Assessment to identify stroke (Insult) Symptoms in trauma patients."/><exampleBoolean value="false"/><groupingId value="-str-profile"/></resource><resource><extension url="http://hl7.org/fhir/tools/StructureDefinition/resource-sort"><valueInteger value="999999999"/></extension><extension url="http://hl7.org/fhir/StructureDefinition/implementationguide-page"><valueUri value="StructureDefinition-tr-aw-fluids-in-aw-observation.html"/></extension><reference><reference value="StructureDefinition/tr-aw-fluids-in-aw-observation"/></reference><name value="Fluids in Airway Observation"/><description value="Observation related to airway obstruction due to fluids."/><exampleBoolean value="false"/><groupingId value="-str-profile"/></resource><resource><extension url="http://hl7.org/fhir/tools/StructureDefinition/resource-sort"><valueInteger value="999999999"/></extension><extension url="http://hl7.org/fhir/StructureDefinition/implementationguide-page"><valueUri value="StructureDefinition-tr-aw-foreign-body-aw-observation.html"/></extension><reference><reference value="StructureDefinition/tr-aw-foreign-body-aw-observation"/></reference><name value="Foreign Body in Airway Observation"/><description value="Observation of airway obstruction due to foreign bodies."/><exampleBoolean value="false"/><groupingId value="-str-profile"/></resource><resource><extension url="http://hl7.org/fhir/tools/StructureDefinition/resource-sort"><valueInteger value="999999999"/></extension><extension url="http://hl7.org/fhir/StructureDefinition/implementationguide-page"><valueUri value="StructureDefinition-tr-gi-airwaypatencyobservation.html"/></extension><reference><reference value="StructureDefinition/tr-gi-airwaypatencyobservation"/></reference><name value="General Impression Airway Patency"/><description value="Impressions about Airway Patency"/><exampleBoolean value="false"/><groupingId value="-str-profile"/></resource><resource><extension url="http://hl7.org/fhir/tools/StructureDefinition/resource-sort"><valueInteger value="999999999"/></extension><extension url="http://hl7.org/fhir/StructureDefinition/implementationguide-page"><valueUri value="StructureDefinition-tr-gi-circulatory-impression-observation.html"/></extension><reference><reference value="StructureDefinition/tr-gi-circulatory-impression-observation"/></reference><name value="General Impression Circulatory Observation"/><description value="Impressions about general Circulatory condition of patient"/><exampleBoolean value="false"/><groupingId value="-str-profile"/></resource><resource><extension url="http://hl7.org/fhir/tools/StructureDefinition/resource-sort"><valueInteger value="999999999"/></extension><extension url="http://hl7.org/fhir/StructureDefinition/implementationguide-page"><valueUri value="StructureDefinition-tr-gi-mental-status-impression-observation.html"/></extension><reference><reference value="StructureDefinition/tr-gi-mental-status-impression-observation"/></reference><name value="Observation of General Impression of Mental State of Patient"/><description value="Quick overview of patient mental state."/><exampleBoolean value="false"/><groupingId value="-str-profile"/></resource><resource><extension url="http://hl7.org/fhir/tools/StructureDefinition/resource-sort"><valueInteger value="999999999"/></extension><extension url="http://hl7.org/fhir/StructureDefinition/implementationguide-page"><valueUri value="StructureDefinition-tr-gi-circulatory-impression-procedure.html"/></extension><reference><reference value="StructureDefinition/tr-gi-circulatory-impression-procedure"/></reference><name value="Procedures to obtain a circulatory impression"/><description value="Procedures to get an impression of the circulatory situation of a patient"/><exampleBoolean value="false"/><groupingId value="-str-profile"/></resource><resource><extension url="http://hl7.org/fhir/tools/StructureDefinition/resource-sort"><valueInteger value="999999999"/></extension><extension url="http://hl7.org/fhir/StructureDefinition/implementationguide-page"><valueUri value="StructureDefinition-tr-br-rise-observation.html"/></extension><reference><reference value="StructureDefinition/tr-br-rise-observation"/></reference><name value="Respiratory chest wall movement"/><description value="Assessment of the rise of the chest to check for trauma"/><exampleBoolean value="false"/><groupingId value="-str-profile"/></resource><resource><extension url="http://hl7.org/fhir/tools/StructureDefinition/resource-sort"><valueInteger value="999999999"/></extension><extension url="http://hl7.org/fhir/StructureDefinition/implementationguide-page"><valueUri value="StructureDefinition-tr-c-skin-assessment-observation.html"/></extension><reference><reference value="StructureDefinition/tr-c-skin-assessment-observation"/></reference><name value="Skin assessment"/><description value="Skin assessment for trauma using LOINC 72284-3 Panel."/><exampleBoolean value="false"/><groupingId value="-str-profile"/></resource><resource><extension url="http://hl7.org/fhir/tools/StructureDefinition/resource-sort"><valueInteger value="999999999"/></extension><extension url="http://hl7.org/fhir/StructureDefinition/implementationguide-page"><valueUri value="StructureDefinition-tr-aw-soft-tissue-collaps-observation.html"/></extension><reference><reference value="StructureDefinition/tr-aw-soft-tissue-collaps-observation"/></reference><name value="Soft Tissue Collapse in Airway Observation"/><description value="Observation related to airway obstruction due to soft tissue collapse."/><exampleBoolean value="false"/><groupingId value="-str-profile"/></resource><resource><extension url="http://hl7.org/fhir/tools/StructureDefinition/resource-sort"><valueInteger value="999999999"/></extension><extension url="http://hl7.org/fhir/StructureDefinition/implementationguide-page"><valueUri value="StructureDefinition-tr-aw-structual-change-in-aw-observation.html"/></extension><reference><reference value="StructureDefinition/tr-aw-structual-change-in-aw-observation"/></reference><name value="Structural Changes in Airway Observation"/><description value="Observation of airway obstructions due to structural changes like swelling or trauma."/><exampleBoolean value="false"/><groupingId value="-str-profile"/></resource><resource><extension url="http://hl7.org/fhir/tools/StructureDefinition/resource-sort"><valueInteger value="999999999"/></extension><extension url="http://hl7.org/fhir/StructureDefinition/implementationguide-page"><valueUri value="StructureDefinition-tr-composition.html"/></extension><reference><reference value="StructureDefinition/tr-composition"/></reference><name value="TR Composition"/><description value="Structured documentation of the primary clinical assessment including airway, breathing, circulation and disability."/><exampleBoolean value="false"/><groupingId value="-str-profile"/></resource><resource><extension url="http://hl7.org/fhir/tools/StructureDefinition/resource-sort"><valueInteger value="999999999"/></extension><extension url="http://hl7.org/fhir/StructureDefinition/implementationguide-page"><valueUri value="StructureDefinition-pathologic-side.html"/></extension><reference><reference value="StructureDefinition/pathologic-side"/></reference><name value="Pathologic Side"/><description value="Specifies the anatomical side affected by the finding or observation"/><exampleBoolean value="false"/><groupingId value="-str-extension"/></resource><resource><extension url="http://hl7.org/fhir/tools/StructureDefinition/resource-sort"><valueInteger value="999999999"/></extension><extension url="http://hl7.org/fhir/StructureDefinition/implementationguide-page"><valueUri value="ValueSet-TR-AW-Airway-Adjuncts-VS.html"/></extension><reference><reference value="ValueSet/TR-AW-Airway-Adjuncts-VS"/></reference><name value="Airway Adjuncts Procedures"/><description value="Includes SNOMED CT codes for procedures related to airway adjuncts, such as oropharyngeal and nasopharyngeal airway insertion."/><exampleBoolean value="false"/><groupingId value="-term-valueset"/></resource><resource><extension url="http://hl7.org/fhir/tools/StructureDefinition/resource-sort"><valueInteger value="999999999"/></extension><extension url="http://hl7.org/fhir/StructureDefinition/implementationguide-page"><valueUri value="ValueSet-TR-AW-Airway-Obstruction-Causes-Breathing-Sounds-VS.html"/></extension><reference><reference value="ValueSet/TR-AW-Airway-Obstruction-Causes-Breathing-Sounds-VS"/></reference><name value="Breathing Sounds"/><description value="Certain breathing sounds are an indication for aw obstruction."/><exampleBoolean value="false"/><groupingId value="-term-valueset"/></resource><resource><extension url="http://hl7.org/fhir/tools/StructureDefinition/resource-sort"><valueInteger value="999999999"/></extension><extension url="http://hl7.org/fhir/StructureDefinition/implementationguide-page"><valueUri value="ValueSet-TR-AW-Cervical-Spine-Assessment-VS.html"/></extension><reference><reference value="ValueSet/TR-AW-Cervical-Spine-Assessment-VS"/></reference><name value="Cervical Spine Assessment Codes"/><description value="Includes SNOMED CT codes related to cervical spine injuries and assessments."/><exampleBoolean value="false"/><groupingId value="-term-valueset"/></resource><resource><extension url="http://hl7.org/fhir/tools/StructureDefinition/resource-sort"><valueInteger value="999999999"/></extension><extension url="http://hl7.org/fhir/StructureDefinition/implementationguide-page"><valueUri value="ValueSet-TR-AW-Cervical-Spine-Intervention-VS.html"/></extension><reference><reference value="ValueSet/TR-AW-Cervical-Spine-Intervention-VS"/></reference><name value="Cervical Spine Intervention Codes"/><description value="Includes SNOMED CT codes related to cervical spine immobilization and stabilization procedures."/><exampleBoolean value="false"/><groupingId value="-term-valueset"/></resource><resource><extension url="http://hl7.org/fhir/tools/StructureDefinition/resource-sort"><valueInteger value="999999999"/></extension><extension url="http://hl7.org/fhir/StructureDefinition/implementationguide-page"><valueUri value="ValueSet-TR-AW-Airway-Clearance-VS.html"/></extension><reference><reference value="ValueSet/TR-AW-Airway-Clearance-VS"/></reference><name value="Codes for clearing airway"/><description value="Includes SNOMED CT codes related to airway clearance procedures and findings."/><exampleBoolean value="false"/><groupingId value="-term-valueset"/></resource><resource><extension url="http://hl7.org/fhir/tools/StructureDefinition/resource-sort"><valueInteger value="999999999"/></extension><extension url="http://hl7.org/fhir/StructureDefinition/implementationguide-page"><valueUri value="ValueSet-TR-Conditions-VS.html"/></extension><reference><reference value="ValueSet/TR-Conditions-VS"/></reference><name value="Conditons"/><description value="This value set should have the most important arbeitsdiagnonsen"/><exampleBoolean value="false"/><groupingId value="-term-valueset"/></resource><resource><extension url="http://hl7.org/fhir/tools/StructureDefinition/resource-sort"><valueInteger value="999999999"/></extension><extension url="http://hl7.org/fhir/StructureDefinition/implementationguide-page"><valueUri value="ValueSet-TR-GI-Decision-Making-VS.html"/></extension><reference><reference value="ValueSet/TR-GI-Decision-Making-VS"/></reference><name value="Decision Codes General Impression"/><description value="Roughly defines what options after General Impression"/><exampleBoolean value="false"/><groupingId value="-term-valueset"/></resource><resource><extension url="http://hl7.org/fhir/tools/StructureDefinition/resource-sort"><valueInteger value="999999999"/></extension><extension url="http://hl7.org/fhir/StructureDefinition/implementationguide-page"><valueUri value="ValueSet-TR-AW-Airway-Obstruction-Causes-Fluid-VS.html"/></extension><reference><reference value="ValueSet/TR-AW-Airway-Obstruction-Causes-Fluid-VS"/></reference><name value="Fluid in the airway codes"/><description value="Describes different ways of suffocating due to fluids in the upper AW"/><exampleBoolean value="false"/><groupingId value="-term-valueset"/></resource><resource><extension url="http://hl7.org/fhir/tools/StructureDefinition/resource-sort"><valueInteger value="999999999"/></extension><extension url="http://hl7.org/fhir/StructureDefinition/implementationguide-page"><valueUri value="ValueSet-TR-AW-Airway-Obstruction-Causes-Foreign-Body-VS.html"/></extension><reference><reference value="ValueSet/TR-AW-Airway-Obstruction-Causes-Foreign-Body-VS"/></reference><name value="Foreign Body Obstruction of AW"/><description value="Different foreign bodies that can cause an obstruction"/><exampleBoolean value="false"/><groupingId value="-term-valueset"/></resource><resource><extension url="http://hl7.org/fhir/tools/StructureDefinition/resource-sort"><valueInteger value="999999999"/></extension><extension url="http://hl7.org/fhir/StructureDefinition/implementationguide-page"><valueUri value="ValueSet-TR-GI-AW-Patency-VS.html"/></extension><reference><reference value="ValueSet/TR-GI-AW-Patency-VS"/></reference><name value="General Impresion AW Patency"/><description value="Codes related to Blickdiagnose AW Patency"/><exampleBoolean value="false"/><groupingId value="-term-valueset"/></resource><resource><extension url="http://hl7.org/fhir/tools/StructureDefinition/resource-sort"><valueInteger value="999999999"/></extension><extension url="http://hl7.org/fhir/StructureDefinition/implementationguide-page"><valueUri value="ValueSet-TR-GI-Mental-Status-VS.html"/></extension><reference><reference value="ValueSet/TR-GI-Mental-Status-VS"/></reference><name value="General Impression Mental Status"/><description value="This value has some first impressions of the mental state of the patient."/><exampleBoolean value="false"/><groupingId value="-term-valueset"/></resource><resource><extension url="http://hl7.org/fhir/tools/StructureDefinition/resource-sort"><valueInteger value="999999999"/></extension><extension url="http://hl7.org/fhir/StructureDefinition/implementationguide-page"><valueUri value="ValueSet-TR-GI-Circulation-Impression-VS.html"/></extension><reference><reference value="ValueSet/TR-GI-Circulation-Impression-VS"/></reference><name value="General Impression of Circulation"/><description value="Used to judge if patient coulsd be in potential shock"/><exampleBoolean value="false"/><groupingId value="-term-valueset"/></resource><resource><extension url="http://hl7.org/fhir/tools/StructureDefinition/resource-sort"><valueInteger value="999999999"/></extension><extension url="http://hl7.org/fhir/StructureDefinition/implementationguide-page"><valueUri value="ValueSet-TR-GI-Impression-Procedure-VS.html"/></extension><reference><reference value="ValueSet/TR-GI-Impression-Procedure-VS"/></reference><name value="General Impression of Circulation Procedures"/><description value="Used to judge if patient coulsd be in potential shock"/><exampleBoolean value="false"/><groupingId value="-term-valueset"/></resource><resource><extension url="http://hl7.org/fhir/tools/StructureDefinition/resource-sort"><valueInteger value="999999999"/></extension><extension url="http://hl7.org/fhir/StructureDefinition/implementationguide-page"><valueUri value="ValueSet-TR-AW-Airway-Obstruction-Causes-Structure-VS.html"/></extension><reference><reference value="ValueSet/TR-AW-Airway-Obstruction-Causes-Structure-VS"/></reference><name value="Obstruction caused due to change in Neck Structure"/><description value="Trauma to the neck or head can cause airway to close up."/><exampleBoolean value="false"/><groupingId value="-term-valueset"/></resource><resource><extension url="http://hl7.org/fhir/tools/StructureDefinition/resource-sort"><valueInteger value="999999999"/></extension><extension url="http://hl7.org/fhir/StructureDefinition/implementationguide-page"><valueUri value="ValueSet-TR-AW-Airway-Opening-Maneuvers-VS.html"/></extension><reference><reference value="ValueSet/TR-AW-Airway-Opening-Maneuvers-VS"/></reference><name value="Opening Maneuvers"/><description value="Different Ways of opening the patients mouth"/><exampleBoolean value="false"/><groupingId value="-term-valueset"/></resource><resource><extension url="http://hl7.org/fhir/tools/StructureDefinition/resource-sort"><valueInteger value="999999999"/></extension><extension url="http://hl7.org/fhir/StructureDefinition/implementationguide-page"><valueUri value="ValueSet-TR-C-Skin-Assessment-VS.html"/></extension><reference><reference value="ValueSet/TR-C-Skin-Assessment-VS"/></reference><name value="Skin Assessment Values"/><description value="Includes LOINC codes related to the Skin assessment panel 72284-3."/><exampleBoolean value="false"/><groupingId value="-term-valueset"/></resource><resource><extension url="http://hl7.org/fhir/tools/StructureDefinition/resource-sort"><valueInteger value="999999999"/></extension><extension url="http://hl7.org/fhir/StructureDefinition/implementationguide-page"><valueUri value="ValueSet-TR-AW-Airway-Obstruction-Causes-VS.html"/></extension><reference><reference value="ValueSet/TR-AW-Airway-Obstruction-Causes-VS"/></reference><name value="Softtissue AW Obstruction"/><description value="Obstruction of Airway due to Softtissue without head or neck trauma"/><exampleBoolean value="false"/><groupingId value="-term-valueset"/></resource><resource><extension url="http://hl7.org/fhir/tools/StructureDefinition/resource-sort"><valueInteger value="999999999"/></extension><extension url="http://hl7.org/fhir/StructureDefinition/implementationguide-page"><valueUri value="ValueSet-TR-AW-AW-Status-VS.html"/></extension><reference><reference value="ValueSet/TR-AW-AW-Status-VS"/></reference><name value="Status of Airway"/><description value="Codes to define if theres not a A problem"/><exampleBoolean value="false"/><groupingId value="-term-valueset"/></resource><resource><extension url="http://hl7.org/fhir/tools/StructureDefinition/resource-sort"><valueInteger value="999999999"/></extension><extension url="http://hl7.org/fhir/StructureDefinition/implementationguide-page"><valueUri value="ValueSet-Severity-VS.html"/></extension><reference><reference value="ValueSet/Severity-VS"/></reference><name value="VS  Severity"/><description value="ValueSet expressing the severity or presence of something"/><exampleBoolean value="false"/><groupingId value="-term-valueset"/></resource><resource><extension url="http://hl7.org/fhir/tools/StructureDefinition/resource-sort"><valueInteger value="999999999"/></extension><extension url="http://hl7.org/fhir/StructureDefinition/implementationguide-page"><valueUri value="ValueSet-Anatomical-Terminology.html"/></extension><reference><reference value="ValueSet/Anatomical-Terminology"/></reference><name value="VS Anatomical Terminology"/><description value="Anatomical Terminology"/><exampleBoolean value="false"/><groupingId value="-term-valueset"/></resource><resource><extension url="http://hl7.org/fhir/tools/StructureDefinition/resource-sort"><valueInteger value="999999999"/></extension><extension url="http://hl7.org/fhir/StructureDefinition/implementationguide-page"><valueUri value="ValueSet-TR-D-Fast-VS.html"/></extension><reference><reference value="ValueSet/TR-D-Fast-VS"/></reference><name value="VS for FAST Assessment"/><description value="ValueSet for  SNOMED CT concepts used for a FAST assessment."/><exampleBoolean value="false"/><groupingId value="-term-valueset"/></resource><resource><extension url="http://hl7.org/fhir/tools/StructureDefinition/resource-sort"><valueInteger value="999999999"/></extension><extension url="http://hl7.org/fhir/StructureDefinition/implementationguide-page"><valueUri value="CodeSystem-tr-general-codes-cs.html"/></extension><reference><reference value="CodeSystem/tr-general-codes-cs"/></reference><name value="TR CodeSystem"/><description value="All custom codes relevant for IG"/><exampleBoolean value="false"/><groupingId value="-term-codesystem"/></resource><resource><extension url="http://hl7.org/fhir/tools/StructureDefinition/resource-sort"><valueInteger value="999999999"/></extension><extension url="http://hl7.org/fhir/StructureDefinition/implementationguide-page"><valueUri value="Procedure-uc1-TR-AW-Airway-Adjuncts-Procedure.html"/></extension><reference><reference value="Procedure/uc1-TR-AW-Airway-Adjuncts-Procedure"/></reference><name value="Airway Adjuncts Procedure"/><description value="Nasopharyngeal airway placed to maintain passage."/><exampleCanonical value="http://example.org/StructureDefinition/tr-aw-airway-adjuncts-procedure"/><groupingId value="-ex-example"/></resource><resource><extension url="http://hl7.org/fhir/tools/StructureDefinition/resource-sort"><valueInteger value="999999999"/></extension><extension url="http://hl7.org/fhir/StructureDefinition/implementationguide-page"><valueUri value="Procedure-uc1-TR-AW-Airway-Clearance-Procedure.html"/></extension><reference><reference value="Procedure/uc1-TR-AW-Airway-Clearance-Procedure"/></reference><name value="Airway Clearance Procedure"/><description value="Suctioning performed to clear blood, secretions, and foreign bodies."/><exampleCanonical value="http://example.org/StructureDefinition/tr-aw-airway-clearance-procedure"/><groupingId value="-ex-example"/></resource><resource><extension url="http://hl7.org/fhir/tools/StructureDefinition/resource-sort"><valueInteger value="999999999"/></extension><extension url="http://hl7.org/fhir/StructureDefinition/implementationguide-page"><valueUri value="Procedure-uc1-TR-AW-Opening-Manuver-Procedure.html"/></extension><reference><reference value="Procedure/uc1-TR-AW-Opening-Manuver-Procedure"/></reference><name value="Airway Opening Maneuver"/><description value="Modified jaw thrust applied due to suspected neck injury."/><exampleCanonical value="http://example.org/StructureDefinition/tr-aw-opening-maneuver-procedure"/><groupingId value="-ex-example"/></resource><resource><extension url="http://hl7.org/fhir/tools/StructureDefinition/resource-sort"><valueInteger value="999999999"/></extension><extension url="http://hl7.org/fhir/StructureDefinition/implementationguide-page"><valueUri value="Observation-uc1-TR-GI-Airway-Patency-Observation.html"/></extension><reference><reference value="Observation/uc1-TR-GI-Airway-Patency-Observation"/></reference><name value="Airway Patency"/><description value="Example for General Impression: Airway Patency - Patient unresponsive, does not speak"/><exampleCanonical value="http://example.org/StructureDefinition/tr-gi-airwaypatencyobservation"/><groupingId value="-ex-example"/></resource><resource><extension url="http://hl7.org/fhir/tools/StructureDefinition/resource-sort"><valueInteger value="999999999"/></extension><extension url="http://hl7.org/fhir/StructureDefinition/implementationguide-page"><valueUri value="Observation-uc1-TR-AW-Breathing-Sound-Observation.html"/></extension><reference><reference value="Observation/uc1-TR-AW-Breathing-Sound-Observation"/></reference><name value="Breathing Sounds Observation"/><description value="Observation related to breathing sounds, such as wheezing or stridor."/><exampleCanonical value="http://example.org/StructureDefinition/tr-aw-breathing-sound-observation"/><groupingId value="-ex-example"/></resource><resource><extension url="http://hl7.org/fhir/tools/StructureDefinition/resource-sort"><valueInteger value="999999999"/></extension><extension url="http://hl7.org/fhir/StructureDefinition/implementationguide-page"><valueUri value="Observation-uc1-TR-AW-Cervical-Spine-Assessment-Observation.html"/></extension><reference><reference value="Observation/uc1-TR-AW-Cervical-Spine-Assessment-Observation"/></reference><name value="Cervical Spine Assessment Observation"/><description value="Cervical spine found tender with instability."/><exampleCanonical value="http://example.org/StructureDefinition/tr-aw-cervical-spine-assessment-observation"/><groupingId value="-ex-example"/></resource><resource><extension url="http://hl7.org/fhir/tools/StructureDefinition/resource-sort"><valueInteger value="999999999"/></extension><extension url="http://hl7.org/fhir/StructureDefinition/implementationguide-page"><valueUri value="Procedure-uc1-TR-AW-Cervical-Spine-Intervention-Procedure.html"/></extension><reference><reference value="Procedure/uc1-TR-AW-Cervical-Spine-Intervention-Procedure"/></reference><name value="Cervical Spine Intervention"/><description value="Cervical collar applied for immobilization."/><exampleCanonical value="http://example.org/StructureDefinition/tr-aw-cervical-spine-intervention-procedure"/><groupingId value="-ex-example"/></resource><resource><extension url="http://hl7.org/fhir/tools/StructureDefinition/resource-sort"><valueInteger value="999999999"/></extension><extension url="http://hl7.org/fhir/StructureDefinition/implementationguide-page"><valueUri value="Observation-uc1-TR-GI-Circulatory-Impression-Observation.html"/></extension><reference><reference value="Observation/uc1-TR-GI-Circulatory-Impression-Observation"/></reference><name value="Circulatory Impression"/><description value="Example for General Impression: Circulatory condition – Radial pulse weak and thready"/><exampleCanonical value="http://example.org/StructureDefinition/tr-gi-circulatory-impression-observation"/><groupingId value="-ex-example"/></resource><resource><extension url="http://hl7.org/fhir/tools/StructureDefinition/resource-sort"><valueInteger value="999999999"/></extension><extension url="http://hl7.org/fhir/StructureDefinition/implementationguide-page"><valueUri value="Procedure-uc1-TR-GI-Circulatory-Impression-Procedure.html"/></extension><reference><reference value="Procedure/uc1-TR-GI-Circulatory-Impression-Procedure"/></reference><name value="Circulatory Impression Procedure"/><description value="Example for General Impression: Manual pulse taking due to hemodynamic instability"/><exampleCanonical value="http://example.org/StructureDefinition/tr-gi-circulatory-impression-procedure"/><groupingId value="-ex-example"/></resource><resource><extension url="http://hl7.org/fhir/tools/StructureDefinition/resource-sort"><valueInteger value="999999999"/></extension><extension url="http://hl7.org/fhir/StructureDefinition/implementationguide-page"><valueUri value="Observation-uc1-TR-GI-Decision-Making-Observation.html"/></extension><reference><reference value="Observation/uc1-TR-GI-Decision-Making-Observation"/></reference><name value="Decision Making Impression"/><description value="Example for General Impression: Urgent transfer to trauma center indicated"/><exampleCanonical value="http://example.org/StructureDefinition/tr-gi-decision-making-observation"/><groupingId value="-ex-example"/></resource><resource><extension url="http://hl7.org/fhir/tools/StructureDefinition/resource-sort"><valueInteger value="999999999"/></extension><extension url="http://hl7.org/fhir/StructureDefinition/implementationguide-page"><valueUri value="Bundle-uc1-bundle.html"/></extension><reference><reference value="Bundle/uc1-bundle"/></reference><name value="Document Bundle Instance"/><description value="An instance of a document Bundle containing use case 1 composition."/><exampleCanonical value="http://example.org/StructureDefinition/tr-bundle"/><groupingId value="-ex-example"/></resource><resource><extension url="http://hl7.org/fhir/tools/StructureDefinition/resource-sort"><valueInteger value="999999999"/></extension><extension url="http://hl7.org/fhir/StructureDefinition/implementationguide-page"><valueUri value="Encounter-uc1-Motor-Vehicle-Collision.html"/></extension><reference><reference value="Encounter/uc1-Motor-Vehicle-Collision"/></reference><name value="Encounter corresponding to MVC"/><description value="Encounter made during the treatment of person in MVC"/><exampleCanonical value="http://example.org/StructureDefinition/trauma-encounter"/><groupingId value="-ex-example"/></resource><resource><extension url="http://hl7.org/fhir/tools/StructureDefinition/resource-sort"><valueInteger value="999999999"/></extension><extension url="http://hl7.org/fhir/StructureDefinition/implementationguide-page"><valueUri value="Observation-uc1-TR-D-Neuro-FAST-Observations.html"/></extension><reference><reference value="Observation/uc1-TR-D-Neuro-FAST-Observations"/></reference><name value="FAST Assessment"/><description value="Assessment to identify stroke (Insult) symptoms in trauma patients."/><exampleCanonical value="http://example.org/StructureDefinition/tr-d-neuro-fast-observations"/><groupingId value="-ex-example"/></resource><resource><extension url="http://hl7.org/fhir/tools/StructureDefinition/resource-sort"><valueInteger value="999999999"/></extension><extension url="http://hl7.org/fhir/StructureDefinition/implementationguide-page"><valueUri value="Observation-uc1-TR-AW-Fluids-In-AW-Observation.html"/></extension><reference><reference value="Observation/uc1-TR-AW-Fluids-In-AW-Observation"/></reference><name value="Fluids in Airway Observation"/><description value="Observation related to airway obstruction due to fluids."/><exampleCanonical value="http://example.org/StructureDefinition/tr-aw-fluids-in-aw-observation"/><groupingId value="-ex-example"/></resource><resource><extension url="http://hl7.org/fhir/tools/StructureDefinition/resource-sort"><valueInteger value="999999999"/></extension><extension url="http://hl7.org/fhir/StructureDefinition/implementationguide-page"><valueUri value="Observation-uc1-TR-AW-Foreign-Body-AW-Observation.html"/></extension><reference><reference value="Observation/uc1-TR-AW-Foreign-Body-AW-Observation"/></reference><name value="Foreign Body in Airway Observation"/><description value="Observation of airway obstruction due to foreign bodies."/><exampleCanonical value="http://example.org/StructureDefinition/tr-aw-foreign-body-aw-observation"/><groupingId value="-ex-example"/></resource><resource><extension url="http://hl7.org/fhir/tools/StructureDefinition/resource-sort"><valueInteger value="999999999"/></extension><extension url="http://hl7.org/fhir/StructureDefinition/implementationguide-page"><valueUri value="Procedure-uc1-Helicopter-Air-Ambulance-Activation.html"/></extension><reference><reference value="Procedure/uc1-Helicopter-Air-Ambulance-Activation"/></reference><name value="Helicopter Air Ambulance Activation"/><description value="Provision of helicopter air ambulance after general impression and decision"/><exampleCanonical value="http://example.org/StructureDefinition/tr-gi-decision-making-procedure"/><groupingId value="-ex-example"/></resource><resource><extension url="http://hl7.org/fhir/tools/StructureDefinition/resource-sort"><valueInteger value="999999999"/></extension><extension url="http://hl7.org/fhir/StructureDefinition/implementationguide-page"><valueUri value="Observation-uc1-TR-GI-Mental-Status-Impression-Observation.html"/></extension><reference><reference value="Observation/uc1-TR-GI-Mental-Status-Impression-Observation"/></reference><name value="Mental Status Impression"/><description value="Example for General Impression: Poor response to external stimuli"/><exampleCanonical value="http://example.org/StructureDefinition/tr-gi-mental-status-impression-observation"/><groupingId value="-ex-example"/></resource><resource><extension url="http://hl7.org/fhir/tools/StructureDefinition/resource-sort"><valueInteger value="999999999"/></extension><extension url="http://hl7.org/fhir/StructureDefinition/implementationguide-page"><valueUri value="Observation-uc1-TR-Br-Rise-Observation.html"/></extension><reference><reference value="Observation/uc1-TR-Br-Rise-Observation"/></reference><name value="Respiratory chest wall movement"/><description value="Chest wall movement noted to be asymmetric on the left. Haematothorax observed."/><exampleCanonical value="http://example.org/StructureDefinition/tr-br-rise-observation"/><groupingId value="-ex-example"/></resource><resource><extension url="http://hl7.org/fhir/tools/StructureDefinition/resource-sort"><valueInteger value="999999999"/></extension><extension url="http://hl7.org/fhir/StructureDefinition/implementationguide-page"><valueUri value="Observation-uc1-TR-C-Skin-Assessment-Observation.html"/></extension><reference><reference value="Observation/uc1-TR-C-Skin-Assessment-Observation"/></reference><name value="Skin assessment"/><description value="Skin assessment for trauma using LOINC 72284-3 Panel."/><exampleCanonical value="http://example.org/StructureDefinition/tr-c-skin-assessment-observation"/><groupingId value="-ex-example"/></resource><resource><extension url="http://hl7.org/fhir/tools/StructureDefinition/resource-sort"><valueInteger value="999999999"/></extension><extension url="http://hl7.org/fhir/StructureDefinition/implementationguide-page"><valueUri value="Observation-uc1-TR-AW-Soft-Tissue-Collaps-Observation.html"/></extension><reference><reference value="Observation/uc1-TR-AW-Soft-Tissue-Collaps-Observation"/></reference><name value="Soft Tissue Collapse in Airway Observation"/><description value="Observation related to airway obstruction due to soft tissue collapse."/><exampleCanonical value="http://example.org/StructureDefinition/tr-aw-soft-tissue-collaps-observation"/><groupingId value="-ex-example"/></resource><resource><extension url="http://hl7.org/fhir/tools/StructureDefinition/resource-sort"><valueInteger value="999999999"/></extension><extension url="http://hl7.org/fhir/StructureDefinition/implementationguide-page"><valueUri value="Observation-uc1-TR-AW-Structual-Change-In-AW-Observation.html"/></extension><reference><reference value="Observation/uc1-TR-AW-Structual-Change-In-AW-Observation"/></reference><name value="Structural Changes in Airway Observation"/><description value="Observation of airway obstructions due to structural changes like swelling or trauma."/><exampleCanonical value="http://example.org/StructureDefinition/tr-aw-structual-change-in-aw-observation"/><groupingId value="-ex-example"/></resource><resource><extension url="http://hl7.org/fhir/tools/StructureDefinition/resource-sort"><valueInteger value="999999999"/></extension><extension url="http://hl7.org/fhir/StructureDefinition/implementationguide-page"><valueUri value="Composition-uc1-tr-composition.html"/></extension><reference><reference value="Composition/uc1-tr-composition"/></reference><name value="UC1 TR Composition"/><description value="Structured documentation of the primary clinical assessment."/><exampleCanonical value="http://example.org/StructureDefinition/tr-composition"/><groupingId value="-ex-example"/></resource><resource><extension url="http://hl7.org/fhir/tools/StructureDefinition/resource-sort"><valueInteger value="999999999"/></extension><extension url="http://hl7.org/fhir/StructureDefinition/implementationguide-page"><valueUri value="Patient-uc1-Nomen-Nescio.html"/></extension><reference><reference value="Patient/uc1-Nomen-Nescio"/></reference><name value="uc1-Nomen-Nescio"/><exampleCanonical value="http://example.org/StructureDefinition/trauma-patient"/><groupingId value="-ex-example"/></resource><page><extension url="http://hl7.org/fhir/tools/StructureDefinition/ig-page-name"><valueUrl value="toc.html"/></extension><nameUrl value="toc.html"/><title value="Table of Contents"/><generation value="html"/><page><extension url="http://hl7.org/fhir/tools/StructureDefinition/ig-page-name"><valueUrl value="index.html"/></extension><nameUrl value="index.html"/><title value="Home"/><generation value="markdown"/></page><page><extension url="http://hl7.org/fhir/tools/StructureDefinition/ig-page-name"><valueUrl value="background.html"/></extension><nameUrl value="background.html"/><title value="Background"/><generation value="markdown"/></page><page><extension url="http://hl7.org/fhir/tools/StructureDefinition/ig-page-name"><valueUrl value="examples.html"/></extension><nameUrl value="examples.html"/><title value="Examples"/><generation value="markdown"/></page><page><extension url="http://hl7.org/fhir/tools/StructureDefinition/ig-page-name"><valueUrl value="usecase.html"/></extension><nameUrl value="usecase.html"/><title value="Usecase"/><generation value="markdown"/></page><page><extension url="http://hl7.org/fhir/tools/StructureDefinition/ig-page-name"><valueUrl value="artifacts.html"/></extension><nameUrl value="artifacts.html"/><title value="Artifacts Summary"/><generation value="html"/><page><extension url="http://hl7.org/fhir/tools/StructureDefinition/ig-page-name"><valueUrl value="StructureDefinition-tr-aw-airway-adjuncts-procedure.html"/></extension><nameUrl value="StructureDefinition-tr-aw-airway-adjuncts-procedure.html"/><title value="Airway Adjuncts Procedures"/><generation value="generated"/></page><page><extension url="http://hl7.org/fhir/tools/StructureDefinition/ig-page-name"><valueUrl value="StructureDefinition-tr-aw-airway-clearance-procedure.html"/></extension><nameUrl value="StructureDefinition-tr-aw-airway-clearance-procedure.html"/><title value="Airway Clearance"/><generation value="generated"/></page><page><extension url="http://hl7.org/fhir/tools/StructureDefinition/ig-page-name"><valueUrl value="StructureDefinition-tr-aw-opening-maneuver-procedure.html"/></extension><nameUrl value="StructureDefinition-tr-aw-opening-maneuver-procedure.html"/><title value="Airway Opening Maneuvers"/><generation value="generated"/></page><page><extension url="http://hl7.org/fhir/tools/StructureDefinition/ig-page-name"><valueUrl value="StructureDefinition-tr-aw-status-observation.html"/></extension><nameUrl value="StructureDefinition-tr-aw-status-observation.html"/><title value="Airway Status"/><generation value="generated"/></page><page><extension url="http://hl7.org/fhir/tools/StructureDefinition/ig-page-name"><valueUrl value="StructureDefinition-trauma-encounter.html"/></extension><nameUrl value="StructureDefinition-trauma-encounter.html"/><title value="Base Trauma Encounter"/><generation value="generated"/></page><page><extension url="http://hl7.org/fhir/tools/StructureDefinition/ig-page-name"><valueUrl value="StructureDefinition-trauma-observation.html"/></extension><nameUrl value="StructureDefinition-trauma-observation.html"/><title value="Base Trauma IG Observation"/><generation value="generated"/></page><page><extension url="http://hl7.org/fhir/tools/StructureDefinition/ig-page-name"><valueUrl value="StructureDefinition-trauma-patient.html"/></extension><nameUrl value="StructureDefinition-trauma-patient.html"/><title value="Base Trauma Patient"/><generation value="generated"/></page><page><extension url="http://hl7.org/fhir/tools/StructureDefinition/ig-page-name"><valueUrl value="StructureDefinition-trauma-procedure.html"/></extension><nameUrl value="StructureDefinition-trauma-procedure.html"/><title value="Base Trauma Procedure"/><generation value="generated"/></page><page><extension url="http://hl7.org/fhir/tools/StructureDefinition/ig-page-name"><valueUrl value="StructureDefinition-tr-aw-breathing-sound-observation.html"/></extension><nameUrl value="StructureDefinition-tr-aw-breathing-sound-observation.html"/><title value="Breathing Sounds Observation"/><generation value="generated"/></page><page><extension url="http://hl7.org/fhir/tools/StructureDefinition/ig-page-name"><valueUrl value="StructureDefinition-tr-aw-cervical-spine-assessment-observation.html"/></extension><nameUrl value="StructureDefinition-tr-aw-cervical-spine-assessment-observation.html"/><title value="Cervical Spine Assessment Observation"/><generation value="generated"/></page><page><extension url="http://hl7.org/fhir/tools/StructureDefinition/ig-page-name"><valueUrl value="StructureDefinition-tr-aw-cervical-spine-intervention-procedure.html"/></extension><nameUrl value="StructureDefinition-tr-aw-cervical-spine-intervention-procedure.html"/><title value="Cervical Spine Intervention"/><generation value="generated"/></page><page><extension url="http://hl7.org/fhir/tools/StructureDefinition/ig-page-name"><valueUrl value="StructureDefinition-tr-gi-decision-making-procedure.html"/></extension><nameUrl value="StructureDefinition-tr-gi-decision-making-procedure.html"/><title value="Decision Making after General Impresission"/><generation value="generated"/></page><page><extension url="http://hl7.org/fhir/tools/StructureDefinition/ig-page-name"><valueUrl value="StructureDefinition-tr-gi-decision-making-observation.html"/></extension><nameUrl value="StructureDefinition-tr-gi-decision-making-observation.html"/><title value="Decision Making Observation"/><generation value="generated"/></page><page><extension url="http://hl7.org/fhir/tools/StructureDefinition/ig-page-name"><valueUrl value="StructureDefinition-tr-bundle.html"/></extension><nameUrl value="StructureDefinition-tr-bundle.html"/><title value="Document Bundle"/><generation value="generated"/></page><page><extension url="http://hl7.org/fhir/tools/StructureDefinition/ig-page-name"><valueUrl value="StructureDefinition-tr-d-neuro-fast-observations.html"/></extension><nameUrl value="StructureDefinition-tr-d-neuro-fast-observations.html"/><title value="Fast Assessment"/><generation value="generated"/></page><page><extension url="http://hl7.org/fhir/tools/StructureDefinition/ig-page-name"><valueUrl value="StructureDefinition-tr-aw-fluids-in-aw-observation.html"/></extension><nameUrl value="StructureDefinition-tr-aw-fluids-in-aw-observation.html"/><title value="Fluids in Airway Observation"/><generation value="generated"/></page><page><extension url="http://hl7.org/fhir/tools/StructureDefinition/ig-page-name"><valueUrl value="StructureDefinition-tr-aw-foreign-body-aw-observation.html"/></extension><nameUrl value="StructureDefinition-tr-aw-foreign-body-aw-observation.html"/><title value="Foreign Body in Airway Observation"/><generation value="generated"/></page><page><extension url="http://hl7.org/fhir/tools/StructureDefinition/ig-page-name"><valueUrl value="StructureDefinition-tr-gi-airwaypatencyobservation.html"/></extension><nameUrl value="StructureDefinition-tr-gi-airwaypatencyobservation.html"/><title value="General Impression Airway Patency"/><generation value="generated"/></page><page><extension url="http://hl7.org/fhir/tools/StructureDefinition/ig-page-name"><valueUrl value="StructureDefinition-tr-gi-circulatory-impression-observation.html"/></extension><nameUrl value="StructureDefinition-tr-gi-circulatory-impression-observation.html"/><title value="General Impression Circulatory Observation"/><generation value="generated"/></page><page><extension url="http://hl7.org/fhir/tools/StructureDefinition/ig-page-name"><valueUrl value="StructureDefinition-tr-gi-mental-status-impression-observation.html"/></extension><nameUrl value="StructureDefinition-tr-gi-mental-status-impression-observation.html"/><title value="Observation of General Impression of Mental State of Patient"/><generation value="generated"/></page><page><extension url="http://hl7.org/fhir/tools/StructureDefinition/ig-page-name"><valueUrl value="StructureDefinition-tr-gi-circulatory-impression-procedure.html"/></extension><nameUrl value="StructureDefinition-tr-gi-circulatory-impression-procedure.html"/><title value="Procedures to obtain a circulatory impression"/><generation value="generated"/></page><page><extension url="http://hl7.org/fhir/tools/StructureDefinition/ig-page-name"><valueUrl value="StructureDefinition-tr-br-rise-observation.html"/></extension><nameUrl value="StructureDefinition-tr-br-rise-observation.html"/><title value="Respiratory chest wall movement"/><generation value="generated"/></page><page><extension url="http://hl7.org/fhir/tools/StructureDefinition/ig-page-name"><valueUrl value="StructureDefinition-tr-c-skin-assessment-observation.html"/></extension><nameUrl value="StructureDefinition-tr-c-skin-assessment-observation.html"/><title value="Skin assessment"/><generation value="generated"/></page><page><extension url="http://hl7.org/fhir/tools/StructureDefinition/ig-page-name"><valueUrl value="StructureDefinition-tr-aw-soft-tissue-collaps-observation.html"/></extension><nameUrl value="StructureDefinition-tr-aw-soft-tissue-collaps-observation.html"/><title value="Soft Tissue Collapse in Airway Observation"/><generation value="generated"/></page><page><extension url="http://hl7.org/fhir/tools/StructureDefinition/ig-page-name"><valueUrl value="StructureDefinition-tr-aw-structual-change-in-aw-observation.html"/></extension><nameUrl value="StructureDefinition-tr-aw-structual-change-in-aw-observation.html"/><title value="Structural Changes in Airway Observation"/><generation value="generated"/></page><page><extension url="http://hl7.org/fhir/tools/StructureDefinition/ig-page-name"><valueUrl value="StructureDefinition-tr-composition.html"/></extension><nameUrl value="StructureDefinition-tr-composition.html"/><title value="TR Composition"/><generation value="generated"/></page><page><extension url="http://hl7.org/fhir/tools/StructureDefinition/ig-page-name"><valueUrl value="StructureDefinition-pathologic-side.html"/></extension><nameUrl value="StructureDefinition-pathologic-side.html"/><title value="Pathologic Side"/><generation value="generated"/></page><page><extension url="http://hl7.org/fhir/tools/StructureDefinition/ig-page-name"><valueUrl value="ValueSet-TR-AW-Airway-Adjuncts-VS.html"/></extension><nameUrl value="ValueSet-TR-AW-Airway-Adjuncts-VS.html"/><title value="Airway Adjuncts Procedures"/><generation value="generated"/></page><page><extension url="http://hl7.org/fhir/tools/StructureDefinition/ig-page-name"><valueUrl value="ValueSet-TR-AW-Airway-Obstruction-Causes-Breathing-Sounds-VS.html"/></extension><nameUrl value="ValueSet-TR-AW-Airway-Obstruction-Causes-Breathing-Sounds-VS.html"/><title value="Breathing Sounds"/><generation value="generated"/></page><page><extension url="http://hl7.org/fhir/tools/StructureDefinition/ig-page-name"><valueUrl value="ValueSet-TR-AW-Cervical-Spine-Assessment-VS.html"/></extension><nameUrl value="ValueSet-TR-AW-Cervical-Spine-Assessment-VS.html"/><title value="Cervical Spine Assessment Codes"/><generation value="generated"/></page><page><extension url="http://hl7.org/fhir/tools/StructureDefinition/ig-page-name"><valueUrl value="ValueSet-TR-AW-Cervical-Spine-Intervention-VS.html"/></extension><nameUrl value="ValueSet-TR-AW-Cervical-Spine-Intervention-VS.html"/><title value="Cervical Spine Intervention Codes"/><generation value="generated"/></page><page><extension url="http://hl7.org/fhir/tools/StructureDefinition/ig-page-name"><valueUrl value="ValueSet-TR-AW-Airway-Clearance-VS.html"/></extension><nameUrl value="ValueSet-TR-AW-Airway-Clearance-VS.html"/><title value="Codes for clearing airway"/><generation value="generated"/></page><page><extension url="http://hl7.org/fhir/tools/StructureDefinition/ig-page-name"><valueUrl value="ValueSet-TR-Conditions-VS.html"/></extension><nameUrl value="ValueSet-TR-Conditions-VS.html"/><title value="Conditons"/><generation value="generated"/></page><page><extension url="http://hl7.org/fhir/tools/StructureDefinition/ig-page-name"><valueUrl value="ValueSet-TR-GI-Decision-Making-VS.html"/></extension><nameUrl value="ValueSet-TR-GI-Decision-Making-VS.html"/><title value="Decision Codes General Impression"/><generation value="generated"/></page><page><extension url="http://hl7.org/fhir/tools/StructureDefinition/ig-page-name"><valueUrl value="ValueSet-TR-AW-Airway-Obstruction-Causes-Fluid-VS.html"/></extension><nameUrl value="ValueSet-TR-AW-Airway-Obstruction-Causes-Fluid-VS.html"/><title value="Fluid in the airway codes"/><generation value="generated"/></page><page><extension url="http://hl7.org/fhir/tools/StructureDefinition/ig-page-name"><valueUrl value="ValueSet-TR-AW-Airway-Obstruction-Causes-Foreign-Body-VS.html"/></extension><nameUrl value="ValueSet-TR-AW-Airway-Obstruction-Causes-Foreign-Body-VS.html"/><title value="Foreign Body Obstruction of AW"/><generation value="generated"/></page><page><extension url="http://hl7.org/fhir/tools/StructureDefinition/ig-page-name"><valueUrl value="ValueSet-TR-GI-AW-Patency-VS.html"/></extension><nameUrl value="ValueSet-TR-GI-AW-Patency-VS.html"/><title value="General Impresion AW Patency"/><generation value="generated"/></page><page><extension url="http://hl7.org/fhir/tools/StructureDefinition/ig-page-name"><valueUrl value="ValueSet-TR-GI-Mental-Status-VS.html"/></extension><nameUrl value="ValueSet-TR-GI-Mental-Status-VS.html"/><title value="General Impression Mental Status"/><generation value="generated"/></page><page><extension url="http://hl7.org/fhir/tools/StructureDefinition/ig-page-name"><valueUrl value="ValueSet-TR-GI-Circulation-Impression-VS.html"/></extension><nameUrl value="ValueSet-TR-GI-Circulation-Impression-VS.html"/><title value="General Impression of Circulation"/><generation value="generated"/></page><page><extension url="http://hl7.org/fhir/tools/StructureDefinition/ig-page-name"><valueUrl value="ValueSet-TR-GI-Impression-Procedure-VS.html"/></extension><nameUrl value="ValueSet-TR-GI-Impression-Procedure-VS.html"/><title value="General Impression of Circulation Procedures"/><generation value="generated"/></page><page><extension url="http://hl7.org/fhir/tools/StructureDefinition/ig-page-name"><valueUrl value="ValueSet-TR-AW-Airway-Obstruction-Causes-Structure-VS.html"/></extension><nameUrl value="ValueSet-TR-AW-Airway-Obstruction-Causes-Structure-VS.html"/><title value="Obstruction caused due to change in Neck Structure"/><generation value="generated"/></page><page><extension url="http://hl7.org/fhir/tools/StructureDefinition/ig-page-name"><valueUrl value="ValueSet-TR-AW-Airway-Opening-Maneuvers-VS.html"/></extension><nameUrl value="ValueSet-TR-AW-Airway-Opening-Maneuvers-VS.html"/><title value="Opening Maneuvers"/><generation value="generated"/></page><page><extension url="http://hl7.org/fhir/tools/StructureDefinition/ig-page-name"><valueUrl value="ValueSet-TR-C-Skin-Assessment-VS.html"/></extension><nameUrl value="ValueSet-TR-C-Skin-Assessment-VS.html"/><title value="Skin Assessment Values"/><generation value="generated"/></page><page><extension url="http://hl7.org/fhir/tools/StructureDefinition/ig-page-name"><valueUrl value="ValueSet-TR-AW-Airway-Obstruction-Causes-VS.html"/></extension><nameUrl value="ValueSet-TR-AW-Airway-Obstruction-Causes-VS.html"/><title value="Softtissue AW Obstruction"/><generation value="generated"/></page><page><extension url="http://hl7.org/fhir/tools/StructureDefinition/ig-page-name"><valueUrl value="ValueSet-TR-AW-AW-Status-VS.html"/></extension><nameUrl value="ValueSet-TR-AW-AW-Status-VS.html"/><title value="Status of Airway"/><generation value="generated"/></page><page><extension url="http://hl7.org/fhir/tools/StructureDefinition/ig-page-name"><valueUrl value="ValueSet-Severity-VS.html"/></extension><nameUrl value="ValueSet-Severity-VS.html"/><title value="VS  Severity"/><generation value="generated"/></page><page><extension url="http://hl7.org/fhir/tools/StructureDefinition/ig-page-name"><valueUrl value="ValueSet-Anatomical-Terminology.html"/></extension><nameUrl value="ValueSet-Anatomical-Terminology.html"/><title value="VS Anatomical Terminology"/><generation value="generated"/></page><page><extension url="http://hl7.org/fhir/tools/StructureDefinition/ig-page-name"><valueUrl value="ValueSet-TR-D-Fast-VS.html"/></extension><nameUrl value="ValueSet-TR-D-Fast-VS.html"/><title value="VS for FAST Assessment"/><generation value="generated"/></page><page><extension url="http://hl7.org/fhir/tools/StructureDefinition/ig-page-name"><valueUrl value="CodeSystem-tr-general-codes-cs.html"/></extension><nameUrl value="CodeSystem-tr-general-codes-cs.html"/><title value="TR CodeSystem"/><generation value="generated"/></page><page><extension url="http://hl7.org/fhir/tools/StructureDefinition/ig-page-name"><valueUrl value="Procedure-uc1-TR-AW-Airway-Adjuncts-Procedure.html"/></extension><nameUrl value="Procedure-uc1-TR-AW-Airway-Adjuncts-Procedure.html"/><title value="Airway Adjuncts Procedure"/><generation value="generated"/></page><page><extension url="http://hl7.org/fhir/tools/StructureDefinition/ig-page-name"><valueUrl value="Procedure-uc1-TR-AW-Airway-Clearance-Procedure.html"/></extension><nameUrl value="Procedure-uc1-TR-AW-Airway-Clearance-Procedure.html"/><title value="Airway Clearance Procedure"/><generation value="generated"/></page><page><extension url="http://hl7.org/fhir/tools/StructureDefinition/ig-page-name"><valueUrl value="Procedure-uc1-TR-AW-Opening-Manuver-Procedure.html"/></extension><nameUrl value="Procedure-uc1-TR-AW-Opening-Manuver-Procedure.html"/><title value="Airway Opening Maneuver"/><generation value="generated"/></page><page><extension url="http://hl7.org/fhir/tools/StructureDefinition/ig-page-name"><valueUrl value="Observation-uc1-TR-GI-Airway-Patency-Observation.html"/></extension><nameUrl value="Observation-uc1-TR-GI-Airway-Patency-Observation.html"/><title value="Airway Patency"/><generation value="generated"/></page><page><extension url="http://hl7.org/fhir/tools/StructureDefinition/ig-page-name"><valueUrl value="Observation-uc1-TR-AW-Breathing-Sound-Observation.html"/></extension><nameUrl value="Observation-uc1-TR-AW-Breathing-Sound-Observation.html"/><title value="Breathing Sounds Observation"/><generation value="generated"/></page><page><extension url="http://hl7.org/fhir/tools/StructureDefinition/ig-page-name"><valueUrl value="Observation-uc1-TR-AW-Cervical-Spine-Assessment-Observation.html"/></extension><nameUrl value="Observation-uc1-TR-AW-Cervical-Spine-Assessment-Observation.html"/><title value="Cervical Spine Assessment Observation"/><generation value="generated"/></page><page><extension url="http://hl7.org/fhir/tools/StructureDefinition/ig-page-name"><valueUrl value="Procedure-uc1-TR-AW-Cervical-Spine-Intervention-Procedure.html"/></extension><nameUrl value="Procedure-uc1-TR-AW-Cervical-Spine-Intervention-Procedure.html"/><title value="Cervical Spine Intervention"/><generation value="generated"/></page><page><extension url="http://hl7.org/fhir/tools/StructureDefinition/ig-page-name"><valueUrl value="Observation-uc1-TR-GI-Circulatory-Impression-Observation.html"/></extension><nameUrl value="Observation-uc1-TR-GI-Circulatory-Impression-Observation.html"/><title value="Circulatory Impression"/><generation value="generated"/></page><page><extension url="http://hl7.org/fhir/tools/StructureDefinition/ig-page-name"><valueUrl value="Procedure-uc1-TR-GI-Circulatory-Impression-Procedure.html"/></extension><nameUrl value="Procedure-uc1-TR-GI-Circulatory-Impression-Procedure.html"/><title value="Circulatory Impression Procedure"/><generation value="generated"/></page><page><extension url="http://hl7.org/fhir/tools/StructureDefinition/ig-page-name"><valueUrl value="Observation-uc1-TR-GI-Decision-Making-Observation.html"/></extension><nameUrl value="Observation-uc1-TR-GI-Decision-Making-Observation.html"/><title value="Decision Making Impression"/><generation value="generated"/></page><page><extension url="http://hl7.org/fhir/tools/StructureDefinition/ig-page-name"><valueUrl value="Bundle-uc1-bundle.html"/></extension><nameUrl value="Bundle-uc1-bundle.html"/><title value="Document Bundle Instance"/><generation value="generated"/></page><page><extension url="http://hl7.org/fhir/tools/StructureDefinition/ig-page-name"><valueUrl value="Encounter-uc1-Motor-Vehicle-Collision.html"/></extension><nameUrl value="Encounter-uc1-Motor-Vehicle-Collision.html"/><title value="Encounter corresponding to MVC"/><generation value="generated"/></page><page><extension url="http://hl7.org/fhir/tools/StructureDefinition/ig-page-name"><valueUrl value="Observation-uc1-TR-D-Neuro-FAST-Observations.html"/></extension><nameUrl value="Observation-uc1-TR-D-Neuro-FAST-Observations.html"/><title value="FAST Assessment"/><generation value="generated"/></page><page><extension url="http://hl7.org/fhir/tools/StructureDefinition/ig-page-name"><valueUrl value="Observation-uc1-TR-AW-Fluids-In-AW-Observation.html"/></extension><nameUrl value="Observation-uc1-TR-AW-Fluids-In-AW-Observation.html"/><title value="Fluids in Airway Observation"/><generation value="generated"/></page><page><extension url="http://hl7.org/fhir/tools/StructureDefinition/ig-page-name"><valueUrl value="Observation-uc1-TR-AW-Foreign-Body-AW-Observation.html"/></extension><nameUrl value="Observation-uc1-TR-AW-Foreign-Body-AW-Observation.html"/><title value="Foreign Body in Airway Observation"/><generation value="generated"/></page><page><extension url="http://hl7.org/fhir/tools/StructureDefinition/ig-page-name"><valueUrl value="Procedure-uc1-Helicopter-Air-Ambulance-Activation.html"/></extension><nameUrl value="Procedure-uc1-Helicopter-Air-Ambulance-Activation.html"/><title value="Helicopter Air Ambulance Activation"/><generation value="generated"/></page><page><extension url="http://hl7.org/fhir/tools/StructureDefinition/ig-page-name"><valueUrl value="Observation-uc1-TR-GI-Mental-Status-Impression-Observation.html"/></extension><nameUrl value="Observation-uc1-TR-GI-Mental-Status-Impression-Observation.html"/><title value="Mental Status Impression"/><generation value="generated"/></page><page><extension url="http://hl7.org/fhir/tools/StructureDefinition/ig-page-name"><valueUrl value="Observation-uc1-TR-Br-Rise-Observation.html"/></extension><nameUrl value="Observation-uc1-TR-Br-Rise-Observation.html"/><title value="Respiratory chest wall movement"/><generation value="generated"/></page><page><extension url="http://hl7.org/fhir/tools/StructureDefinition/ig-page-name"><valueUrl value="Observation-uc1-TR-C-Skin-Assessment-Observation.html"/></extension><nameUrl value="Observation-uc1-TR-C-Skin-Assessment-Observation.html"/><title value="Skin assessment"/><generation value="generated"/></page><page><extension url="http://hl7.org/fhir/tools/StructureDefinition/ig-page-name"><valueUrl value="Observation-uc1-TR-AW-Soft-Tissue-Collaps-Observation.html"/></extension><nameUrl value="Observation-uc1-TR-AW-Soft-Tissue-Collaps-Observation.html"/><title value="Soft Tissue Collapse in Airway Observation"/><generation value="generated"/></page><page><extension url="http://hl7.org/fhir/tools/StructureDefinition/ig-page-name"><valueUrl value="Observation-uc1-TR-AW-Structual-Change-In-AW-Observation.html"/></extension><nameUrl value="Observation-uc1-TR-AW-Structual-Change-In-AW-Observation.html"/><title value="Structural Changes in Airway Observation"/><generation value="generated"/></page><page><extension url="http://hl7.org/fhir/tools/StructureDefinition/ig-page-name"><valueUrl value="Composition-uc1-tr-composition.html"/></extension><nameUrl value="Composition-uc1-tr-composition.html"/><title value="UC1 TR Composition"/><generation value="generated"/></page><page><extension url="http://hl7.org/fhir/tools/StructureDefinition/ig-page-name"><valueUrl value="Patient-uc1-Nomen-Nescio.html"/></extension><nameUrl value="Patient-uc1-Nomen-Nescio.html"/><title value="uc1-Nomen-Nescio"/><generation value="generated"/></page></page></page><parameter><code value="path-resource"/><value value="input/capabilities"/></parameter><parameter><code value="path-resource"/><value value="input/examples"/></parameter><parameter><code value="path-resource"/><value value="input/extensions"/></parameter><parameter><code value="path-resource"/><value value="input/models"/></parameter><parameter><code value="path-resource"/><value value="input/operations"/></parameter><parameter><code value="path-resource"/><value value="input/profiles"/></parameter><parameter><code value="path-resource"/><value value="input/resources"/></parameter><parameter><code value="path-resource"/><value value="input/vocabulary"/></parameter><parameter><code value="path-resource"/><value value="input/maps"/></parameter><parameter><code value="path-resource"/><value value="input/testing"/></parameter><parameter><code value="path-resource"/><value value="input/history"/></parameter><parameter><code value="path-resource"/><value value="fsh-generated/resources"/></parameter><parameter><code value="path-pages"/><value value="template/config"/></parameter><parameter><code value="path-pages"/><value value="input/images"/></parameter><parameter><code value="path-tx-cache"/><value value="input-cache/txcache"/></parameter></definition></ImplementationGuide>