<?xml version="1.0" encoding="UTF-8"?><ValueSet xmlns="http://hl7.org/fhir"><id value="TR-Conditions-VS"/><text><status value="generated"/><div xmlns="http://www.w3.org/1999/xhtml"><p class="res-header-id"><b>Generated Narrative: ValueSet TR-Conditions-VS</b></p><a name="TR-Conditions-VS"> </a><a name="hcTR-Conditions-VS"> </a><a name="TR-Conditions-VS-en-US"> </a><ul><li>Include these codes as defined in <a href="http://www.snomed.org/"><code>http://snomed.info/sct</code></a> version <code>http://snomed.info/sct/version/2025-02-01</code><table class="none"><tr><td style="white-space:nowrap"><b>Code</b></td><td><b>Display</b></td></tr><tr><td><a href="http://snomed.info/id/27942005">27942005</a></td><td>Shock</td></tr></table></li></ul></div></text><url value="http://example.org/ValueSet/TR-Conditions-VS"/><version value="0.1.0"/><title value="Conditons"/><status value="draft"/><experimental value="false"/><date value="2025-05-19T18:20:06+02:00"/><publisher value="Constantin Renner"/><contact><name value="Constantin Renner"/><telecom><system value="url"/><value value="https://github.com/medinterop-renner/TraumaIG"/></telecom><telecom><system value="email"/><value value="constantinrenner1@gmail.com"/></telecom></contact><description value="This value set should have the most important arbeitsdiagnonsen"/><compose><include><system value="http://snomed.info/sct"/><version value="http://snomed.info/sct/version/2025-02-01"/><concept><code value="27942005"/><display value="Shock"/></concept></include></compose></ValueSet>