<?xml version="1.0" encoding="UTF-8"?><ValueSet xmlns="http://hl7.org/fhir"><id value="TR-AW-Airway-Obstruction-Causes-Structure-VS"/><text><status value="generated"/><div xmlns="http://www.w3.org/1999/xhtml"><p class="res-header-id"><b>Generated Narrative: ValueSet TR-AW-Airway-Obstruction-Causes-Structure-VS</b></p><a name="TR-AW-Airway-Obstruction-Causes-Structure-VS"> </a><a name="hcTR-AW-Airway-Obstruction-Causes-Structure-VS"> </a><a name="TR-AW-Airway-Obstruction-Causes-Structure-VS-en-US"> </a><ul><li>Include these codes as defined in <a href="http://www.snomed.org/"><code>http://snomed.info/sct</code></a> version <code>http://snomed.info/sct/version/2025-02-01</code><table class="none"><tr><td style="white-space:nowrap"><b>Code</b></td><td><b>Display</b></td></tr><tr><td><a href="http://snomed.info/id/52653008">52653008</a></td><td>Animal bite wound of neck</td></tr><tr><td><a href="http://snomed.info/id/428152007">428152007</a></td><td>Penetrating wound of neck</td></tr><tr><td><a href="http://snomed.info/id/283653006">283653006</a></td><td>Nail wound of neck</td></tr><tr><td><a href="http://snomed.info/id/397180001">397180001</a></td><td>Open wound of head and/or neck</td></tr><tr><td><a href="http://snomed.info/id/283789008">283789008</a></td><td>Animal bite wound of head and neck</td></tr><tr><td><a href="http://snomed.info/id/10954491000119108">10954491000119108</a></td><td>Gunshot wound of neck</td></tr><tr><td><a href="http://snomed.info/id/722635008">722635008</a></td><td>Traumatic amputation of part of head</td></tr><tr><td><a href="http://snomed.info/id/417163006">417163006</a></td><td>Traumatic or non-traumatic injury</td></tr><tr><td><a href="http://snomed.info/id/82271004">82271004</a></td><td>Injury of head</td></tr></table></li></ul></div></text><url value="http://example.org/ValueSet/TR-AW-Airway-Obstruction-Causes-Structure-VS"/><version value="0.1.0"/><title value="Obstruction caused due to change in Neck Structure"/><status value="draft"/><experimental value="false"/><date value="2025-05-14T23:43:24+02:00"/><publisher value="Constantin Renner"/><contact><name value="Constantin Renner"/><telecom><system value="url"/><value value="https://github.com/cdeveHealth"/></telecom><telecom><system value="email"/><value value="constantinrenner1@gmail.com"/></telecom></contact><description value="Trauma to the neck or head can cause airway to close up."/><compose><include><system value="http://snomed.info/sct"/><version value="http://snomed.info/sct/version/2025-02-01"/><concept><code value="52653008"/><display value="Animal bite wound of neck"/></concept><concept><code value="428152007"/><display value="Penetrating wound of neck"/></concept><concept><code value="283653006"/><display value="Nail wound of neck"/></concept><concept><code value="397180001"/><display value="Open wound of head and/or neck"/></concept><concept><code value="283789008"/><display value="Animal bite wound of head and neck"/></concept><concept><code value="10954491000119108"/><display value="Gunshot wound of neck"/></concept><concept><code value="722635008"/><display value="Traumatic amputation of part of head"/></concept><concept><code value="417163006"/><display value="Traumatic or non-traumatic injury"/></concept><concept><code value="82271004"/><display value="Injury of head"/></concept></include></compose></ValueSet>