<?xml version="1.0" encoding="UTF-8"?><ValueSet xmlns="http://hl7.org/fhir"><id value="TR-GI-Impression-Procedure-VS"/><text><status value="generated"/><div xmlns="http://www.w3.org/1999/xhtml"><p class="res-header-id"><b>Generated Narrative: ValueSet TR-GI-Impression-Procedure-VS</b></p><a name="TR-GI-Impression-Procedure-VS"> </a><a name="hcTR-GI-Impression-Procedure-VS"> </a><a name="TR-GI-Impression-Procedure-VS-en-US"> </a><ul><li>Include these codes as defined in <a href="http://www.snomed.org/"><code>http://snomed.info/sct</code></a> version <code>http://snomed.info/sct/version/2025-02-01</code><table class="none"><tr><td style="white-space:nowrap"><b>Code</b></td><td><b>Display</b></td></tr><tr><td><a href="http://snomed.info/id/65653002">65653002</a></td><td>Pulse taking</td></tr><tr><td><a href="http://snomed.info/id/72027000">72027000</a></td><td>Radial pulse taking</td></tr><tr><td><a href="http://snomed.info/id/RecapProcedure">RecapProcedure</a></td><td>Execute Recap procedure</td></tr></table></li></ul></div></text><url value="http://example.org/ValueSet/TR-GI-Impression-Procedure-VS"/><version value="0.1.0"/><title value="General Impression of Circulation Procedures"/><status value="draft"/><experimental value="false"/><date value="2025-05-14T23:43:24+02:00"/><publisher value="Constantin Renner"/><contact><name value="Constantin Renner"/><telecom><system value="url"/><value value="https://github.com/cdeveHealth"/></telecom><telecom><system value="email"/><value value="constantinrenner1@gmail.com"/></telecom></contact><description value="Used to judge if patient coulsd be in potential shock"/><compose><include><system value="http://snomed.info/sct"/><version value="http://snomed.info/sct/version/2025-02-01"/><concept><code value="65653002"/><display value="Pulse taking"/></concept><concept><code value="72027000"/><display value="Radial pulse taking"/></concept><concept><code value="RecapProcedure"/><display value="Execute Recap procedure"/></concept></include></compose></ValueSet>