<?xml version="1.0" encoding="UTF-8"?><ValueSet xmlns="http://hl7.org/fhir"><id value="TR-GI-Mental-Status-VS"/><text><status value="generated"/><div xmlns="http://www.w3.org/1999/xhtml"><p class="res-header-id"><b>Generated Narrative: ValueSet TR-GI-Mental-Status-VS</b></p><a name="TR-GI-Mental-Status-VS"> </a><a name="hcTR-GI-Mental-Status-VS"> </a><a name="TR-GI-Mental-Status-VS-en-US"> </a><ul><li>Include these codes as defined in <a href="http://www.snomed.org/"><code>http://snomed.info/sct</code></a> version <code>http://snomed.info/sct/version/2025-02-01</code><table class="none"><tr><td style="white-space:nowrap"><b>Code</b></td><td><b>Display</b></td></tr><tr><td><a href="http://snomed.info/id/3006004">3006004</a></td><td>Disturbance of consciousness</td></tr></table></li></ul></div></text><url value="http://example.org/ValueSet/TR-GI-Mental-Status-VS"/><version value="0.1.0"/><title value="General Impression Mental Status"/><status value="draft"/><experimental value="false"/><date value="2025-05-13T19:16:00+02:00"/><publisher value="Constantin Renner"/><contact><name value="Constantin Renner"/><telecom><system value="url"/><value value="https://github.com/cdeveHealth"/></telecom><telecom><system value="email"/><value value="constantinrenner1@gmail.com"/></telecom></contact><description value="This value has some first impressions of the mental state of the patient."/><compose><include><system value="http://snomed.info/sct"/><version value="http://snomed.info/sct/version/2025-02-01"/><concept><code value="3006004"/><display value="Disturbance of consciousness"/></concept></include></compose></ValueSet>