<?xml version="1.0" encoding="UTF-8"?><ValueSet xmlns="http://hl7.org/fhir"><id value="TR-AW-Airway-Obstruction-Causes-Fluid-VS"/><text><status value="generated"/><div xmlns="http://www.w3.org/1999/xhtml"><p class="res-header-id"><b>Generated Narrative: ValueSet TR-AW-Airway-Obstruction-Causes-Fluid-VS</b></p><a name="TR-AW-Airway-Obstruction-Causes-Fluid-VS"> </a><a name="hcTR-AW-Airway-Obstruction-Causes-Fluid-VS"> </a><a name="TR-AW-Airway-Obstruction-Causes-Fluid-VS-en-US"> </a><ul><li>Include these codes as defined in <a href="http://www.snomed.org/"><code>http://snomed.info/sct</code></a> version <code>http://snomed.info/sct/version/2025-02-01</code><table class="none"><tr><td style="white-space:nowrap"><b>Code</b></td><td><b>Display</b></td><td><b>Deutsch (Österreich) (German (Austria), de)</b></td></tr><tr><td><a href="http://snomed.info/id/428981009">428981009</a></td><td>Airway contains vomitus</td><td></td></tr><tr><td><a href="http://snomed.info/id/427562009">427562009</a></td><td>Blood in upper airway</td><td>Blut in den oberen Atemwegen</td></tr><tr><td><a href="http://snomed.info/id/427480003">427480003</a></td><td>Obstruction of airway caused by blood</td><td></td></tr><tr><td><a href="http://snomed.info/id/707795003">707795003</a></td><td>Saliva in upper airway</td><td></td></tr><tr><td><a href="http://snomed.info/id/32457005">32457005</a></td><td>Body fluid</td><td></td></tr><tr><td><a href="http://snomed.info/id/89187006">89187006</a></td><td>Airway structure</td><td></td></tr><tr><td><a href="http://snomed.info/id/170627008">170627008</a></td><td>Airways obstruction reversible</td><td></td></tr></table></li></ul></div></text><url value="http://example.org/ValueSet/TR-AW-Airway-Obstruction-Causes-Fluid-VS"/><version value="0.1.0"/><title value="Fluid in the airway codes"/><status value="draft"/><experimental value="false"/><date value="2025-05-14T23:21:35+02:00"/><publisher value="Constantin Renner"/><contact><name value="Constantin Renner"/><telecom><system value="url"/><value value="https://github.com/cdeveHealth"/></telecom><telecom><system value="email"/><value value="constantinrenner1@gmail.com"/></telecom></contact><description value="Describes different ways of suffocating due to fluids in the upper AW"/><compose><include><system value="http://snomed.info/sct"/><version value="http://snomed.info/sct/version/2025-02-01"/><concept><code value="428981009"/><display value="Airway contains vomitus"/></concept><concept><code value="427562009"/><display value="Blood in upper airway"/><designation><language value="de-AT"/><value value="Blut in den oberen Atemwegen"/></designation></concept><concept><code value="427480003"/><display value="Obstruction of airway caused by blood"/></concept><concept><code value="707795003"/><display value="Saliva in upper airway"/></concept><concept><code value="32457005"/><display value="Body fluid"/></concept><concept><code value="89187006"/><display value="Airway structure"/></concept><concept><code value="170627008"/><display value="Airways obstruction reversible"/></concept></include></compose></ValueSet>