<?xml version="1.0" encoding="UTF-8"?><ValueSet xmlns="http://hl7.org/fhir"><id value="TR-AW-Airway-Obstruction-Causes-VS"/><text><status value="generated"/><div xmlns="http://www.w3.org/1999/xhtml"><p class="res-header-id"><b>Generated Narrative: ValueSet TR-AW-Airway-Obstruction-Causes-VS</b></p><a name="TR-AW-Airway-Obstruction-Causes-VS"> </a><a name="hcTR-AW-Airway-Obstruction-Causes-VS"> </a><a name="TR-AW-Airway-Obstruction-Causes-VS-en-US"> </a><ul><li>Include these codes as defined in <a href="http://www.snomed.org/"><code>http://snomed.info/sct</code></a> version <code>http://snomed.info/sct/version/2025-02-01</code><table class="none"><tr><td style="white-space:nowrap"><b>Code</b></td><td><b>Display</b></td></tr><tr><td><a href="http://snomed.info/id/425227004">425227004</a></td><td>Obstruction of airway caused by tongue</td></tr></table></li></ul></div></text><url value="http://example.org/ValueSet/TR-AW-Airway-Obstruction-Causes-VS"/><version value="0.1.0"/><title value="Softtissue AW Obstruction"/><status value="draft"/><experimental value="false"/><date value="2025-05-12T20:06:16+02:00"/><publisher value="Constantin Renner"/><contact><name value="Constantin Renner"/><telecom><system value="url"/><value value="http://example.org/example-publisher"/></telecom><telecom><system value="email"/><value value="constantinrenner1@gmail.com"/></telecom></contact><description value="Obstruction of Airway due to Softtissue without head or neck trauma"/><compose><include><system value="http://snomed.info/sct"/><version value="http://snomed.info/sct/version/2025-02-01"/><concept><code value="425227004"/><display value="Obstruction of airway caused by tongue"/></concept></include></compose></ValueSet>