<?xml version="1.0" encoding="UTF-8"?><ValueSet xmlns="http://hl7.org/fhir"><id value="TR-C-Skin-Assessment-VS"/><text><status value="generated"/><div xmlns="http://www.w3.org/1999/xhtml"><p class="res-header-id"><b>Generated Narrative: ValueSet TR-C-Skin-Assessment-VS</b></p><a name="TR-C-Skin-Assessment-VS"> </a><a name="hcTR-C-Skin-Assessment-VS"> </a><a name="TR-C-Skin-Assessment-VS-en-US"> </a><ul><li>Include these codes as defined in <a href="http://loinc.org"><code>http://loinc.org</code></a><table class="none"><tr><td style="white-space:nowrap"><b>Code</b></td><td><b>Display</b></td></tr><tr><td><a href="https://loinc.org/LA17200-9/">LA17200-9</a></td><td>Red</td></tr><tr><td><a href="https://loinc.org/LA17205-8/">LA17205-8</a></td><td>Mottled</td></tr><tr><td><a href="https://loinc.org/LA17198-5/">LA17198-5</a></td><td>Cyanotic</td></tr><tr><td><a href="https://loinc.org/LA17206-6/">LA17206-6</a></td><td>Pale</td></tr><tr><td><a href="https://loinc.org/LA17201-7/">LA17201-7</a></td><td>Flushed</td></tr><tr><td><a href="https://loinc.org/LA17197-7/">LA17197-7</a></td><td>Clammy</td></tr><tr><td><a href="https://loinc.org/LA17199-3/">LA17199-3</a></td><td>Dry</td></tr><tr><td><a href="https://loinc.org/LA18217-2/">LA18217-2</a></td><td>Diaphoretic</td></tr><tr><td><a href="https://loinc.org/LA19044-9/">LA19044-9</a></td><td>Moist</td></tr><tr><td><a href="https://loinc.org/LA15475-9/">LA15475-9</a></td><td>Cold</td></tr><tr><td><a href="https://loinc.org/LA17202-5/">LA17202-5</a></td><td>Hot</td></tr><tr><td><a href="https://loinc.org/LA17207-4/">LA17207-4</a></td><td>Warm</td></tr></table></li></ul></div></text><url value="http://example.org/ValueSet/TR-C-Skin-Assessment-VS"/><version value="0.1.0"/><title value="Skin Assessment Values"/><status value="draft"/><experimental value="false"/><date value="2025-05-07T21:31:29+02:00"/><publisher value="Constantin Renner"/><contact><name value="Constantin Renner"/><telecom><system value="url"/><value value="https://github.com/cdeveHealth"/></telecom><telecom><system value="email"/><value value="constantinrenner1@gmail.com"/></telecom></contact><description value="Includes LOINC codes related to the Skin assessment panel 72284-3."/><compose><include><system value="http://loinc.org"/><concept><code value="LA17200-9"/><display value="Red"/></concept><concept><code value="LA17205-8"/><display value="Mottled"/></concept><concept><code value="LA17198-5"/><display value="Cyanotic"/></concept><concept><code value="LA17206-6"/><display value="Pale"/></concept><concept><code value="LA17201-7"/><display value="Flushed"/></concept><concept><code value="LA17197-7"/><display value="Clammy"/></concept><concept><code value="LA17199-3"/><display value="Dry"/></concept><concept><code value="LA18217-2"/><display value="Diaphoretic"/></concept><concept><code value="LA19044-9"/><display value="Moist"/></concept><concept><code value="LA15475-9"/><display value="Cold"/></concept><concept><code value="LA17202-5"/><display value="Hot"/></concept><concept><code value="LA17207-4"/><display value="Warm"/></concept></include></compose></ValueSet>