{
  "resourceType" : "Bundle",
  "id" : "1f90891f-fdd9-40c6-b1e6-27b6bb5aeee4",
  "meta" : {
    "lastUpdated" : "2025-05-07T20:16:00.023+02:00"
  },
  "type" : "collection",
  "entry" : [{
    "fullUrl" : "http://example.org/ValueSet/TR-C-Skin-Assessment-VS",
    "resource" : {
      "resourceType" : "ValueSet",
      "text" : {
        "status" : "generated",
        "div" : "<div xmlns=\"http://www.w3.org/1999/xhtml\"><p class=\"res-header-id\"><b>Generated Narrative: ValueSet </b></p><p style=\"border: black 1px dotted; background-color: #EEEEEE; padding: 8px; margin-bottom: 8px\">Expansion from tx.fhir.org based on Loinc v2.80</p><p>This value set contains 12 concepts</p><table class=\"codes\"><tr><td style=\"white-space:nowrap\"><b>Code</b></td><td><b>System</b></td><td><b>Display (en-US)</b></td></tr><tr><td style=\"white-space:nowrap\"><a name=\"x-http://loinc.org-LA17200-9\"> </a>\u00a0\u00a0<a href=\"https://loinc.org/LA17200-9/\">LA17200-9</a></td><td>http://loinc.org</td><td>Red (erythematous)</td></tr><tr><td style=\"white-space:nowrap\"><a name=\"x-http://loinc.org-LA17205-8\"> </a>\u00a0\u00a0<a href=\"https://loinc.org/LA17205-8/\">LA17205-8</a></td><td>http://loinc.org</td><td>Mottled</td></tr><tr><td style=\"white-space:nowrap\"><a name=\"x-http://loinc.org-LA17198-5\"> </a>\u00a0\u00a0<a href=\"https://loinc.org/LA17198-5/\">LA17198-5</a></td><td>http://loinc.org</td><td>Cyanotic</td></tr><tr><td style=\"white-space:nowrap\"><a name=\"x-http://loinc.org-LA17206-6\"> </a>\u00a0\u00a0<a href=\"https://loinc.org/LA17206-6/\">LA17206-6</a></td><td>http://loinc.org</td><td>Pale</td></tr><tr><td style=\"white-space:nowrap\"><a name=\"x-http://loinc.org-LA17201-7\"> </a>\u00a0\u00a0<a href=\"https://loinc.org/LA17201-7/\">LA17201-7</a></td><td>http://loinc.org</td><td>Flushed</td></tr><tr><td style=\"white-space:nowrap\"><a name=\"x-http://loinc.org-LA17197-7\"> </a>\u00a0\u00a0<a href=\"https://loinc.org/LA17197-7/\">LA17197-7</a></td><td>http://loinc.org</td><td>Clammy</td></tr><tr><td style=\"white-space:nowrap\"><a name=\"x-http://loinc.org-LA17199-3\"> </a>\u00a0\u00a0<a href=\"https://loinc.org/LA17199-3/\">LA17199-3</a></td><td>http://loinc.org</td><td>Dry</td></tr><tr><td style=\"white-space:nowrap\"><a name=\"x-http://loinc.org-LA18217-2\"> </a>\u00a0\u00a0<a href=\"https://loinc.org/LA18217-2/\">LA18217-2</a></td><td>http://loinc.org</td><td>Diaphoretic</td></tr><tr><td style=\"white-space:nowrap\"><a name=\"x-http://loinc.org-LA19044-9\"> </a>\u00a0\u00a0<a href=\"https://loinc.org/LA19044-9/\">LA19044-9</a></td><td>http://loinc.org</td><td>Moist</td></tr><tr><td style=\"white-space:nowrap\"><a name=\"x-http://loinc.org-LA15475-9\"> </a>\u00a0\u00a0<a href=\"https://loinc.org/LA15475-9/\">LA15475-9</a></td><td>http://loinc.org</td><td>Cold</td></tr><tr><td style=\"white-space:nowrap\"><a name=\"x-http://loinc.org-LA17202-5\"> </a>\u00a0\u00a0<a href=\"https://loinc.org/LA17202-5/\">LA17202-5</a></td><td>http://loinc.org</td><td>Hot</td></tr><tr><td style=\"white-space:nowrap\"><a name=\"x-http://loinc.org-LA17207-4\"> </a>\u00a0\u00a0<a href=\"https://loinc.org/LA17207-4/\">LA17207-4</a></td><td>http://loinc.org</td><td>Warm</td></tr></table></div>"
      },
      "url" : "http://example.org/ValueSet/TR-C-Skin-Assessment-VS",
      "version" : "0.1.0",
      "title" : "Skin Assessment Values",
      "status" : "draft",
      "experimental" : false,
      "date" : "2025-05-07T20:15:41+02:00",
      "expansion" : {
        "identifier" : "urn:uuid:e8030091-9725-4756-adb6-dbab0d292eef",
        "timestamp" : "2025-05-07T20:16:18+02:00",
        "total" : 12,
        "offset" : 0,
        "parameter" : [{
          "name" : "displayLanguage",
          "valueCode" : "en-US"
        },
        {
          "name" : "count",
          "valueInteger" : 1000
        },
        {
          "name" : "offset",
          "valueInteger" : 0
        },
        {
          "name" : "excludeNested",
          "valueBoolean" : false
        },
        {
          "name" : "used-valueset",
          "valueUri" : "null"
        },
        {
          "name" : "used-codesystem",
          "valueUri" : "http://loinc.org|2.80"
        },
        {
          "name" : "version",
          "valueUri" : "http://loinc.org|2.80"
        }],
        "contains" : [{
          "system" : "http://loinc.org",
          "code" : "LA17200-9",
          "display" : "Red (erythematous)"
        },
        {
          "system" : "http://loinc.org",
          "code" : "LA17205-8",
          "display" : "Mottled"
        },
        {
          "system" : "http://loinc.org",
          "code" : "LA17198-5",
          "display" : "Cyanotic"
        },
        {
          "system" : "http://loinc.org",
          "code" : "LA17206-6",
          "display" : "Pale"
        },
        {
          "system" : "http://loinc.org",
          "code" : "LA17201-7",
          "display" : "Flushed"
        },
        {
          "system" : "http://loinc.org",
          "code" : "LA17197-7",
          "display" : "Clammy"
        },
        {
          "system" : "http://loinc.org",
          "code" : "LA17199-3",
          "display" : "Dry"
        },
        {
          "system" : "http://loinc.org",
          "code" : "LA18217-2",
          "display" : "Diaphoretic"
        },
        {
          "system" : "http://loinc.org",
          "code" : "LA19044-9",
          "display" : "Moist"
        },
        {
          "system" : "http://loinc.org",
          "code" : "LA15475-9",
          "display" : "Cold"
        },
        {
          "system" : "http://loinc.org",
          "code" : "LA17202-5",
          "display" : "Hot"
        },
        {
          "system" : "http://loinc.org",
          "code" : "LA17207-4",
          "display" : "Warm"
        }]
      }
    }
  }]
}