{
  "resourceType" : "Bundle",
  "id" : "d2bf2a31-5229-4474-9682-e71ca68de669",
  "meta" : {
    "lastUpdated" : "2025-05-14T23:21:59.391+02:00"
  },
  "type" : "collection",
  "entry" : [{
    "fullUrl" : "http://example.org/ValueSet/TR-C-Skin-Assessment-VS",
    "resource" : {
      "resourceType" : "ValueSet",
      "text" : {
        "status" : "generated",
        "div" : "<div xmlns=\"http://www.w3.org/1999/xhtml\"><p class=\"res-header-id\"><b>Generated Narrative: ValueSet </b></p><p style=\"border: black 1px dotted; background-color: #EEEEEE; padding: 8px; margin-bottom: 8px\">Expansion from tx.fhir.org based on Loinc v2.80</p><p>This value set contains 12 concepts</p><table class=\"codes\"><tr><td style=\"white-space:nowrap\"><b>Code</b></td><td><b>System</b></td><td><b>Display (en-US)</b></td></tr><tr><td style=\"white-space:nowrap\"><a name=\"x-http://loinc.org-LA17200-9\"> </a>\u00a0\u00a0<a href=\"https://loinc.org/LA17200-9/\">LA17200-9</a></td><td>http://loinc.org</td><td>Red (erythematous)</td></tr><tr><td style=\"white-space:nowrap\"><a name=\"x-http://loinc.org-LA17205-8\"> </a>\u00a0\u00a0<a href=\"https://loinc.org/LA17205-8/\">LA17205-8</a></td><td>http://loinc.org</td><td>Mottled</td></tr><tr><td style=\"white-space:nowrap\"><a name=\"x-http://loinc.org-LA17198-5\"> </a>\u00a0\u00a0<a href=\"https://loinc.org/LA17198-5/\">LA17198-5</a></td><td>http://loinc.org</td><td>Cyanotic</td></tr><tr><td style=\"white-space:nowrap\"><a name=\"x-http://loinc.org-LA17206-6\"> </a>\u00a0\u00a0<a href=\"https://loinc.org/LA17206-6/\">LA17206-6</a></td><td>http://loinc.org</td><td>Pale</td></tr><tr><td style=\"white-space:nowrap\"><a name=\"x-http://loinc.org-LA17201-7\"> </a>\u00a0\u00a0<a href=\"https://loinc.org/LA17201-7/\">LA17201-7</a></td><td>http://loinc.org</td><td>Flushed</td></tr><tr><td style=\"white-space:nowrap\"><a name=\"x-http://loinc.org-LA17197-7\"> </a>\u00a0\u00a0<a href=\"https://loinc.org/LA17197-7/\">LA17197-7</a></td><td>http://loinc.org</td><td>Clammy</td></tr><tr><td style=\"white-space:nowrap\"><a name=\"x-http://loinc.org-LA17199-3\"> </a>\u00a0\u00a0<a href=\"https://loinc.org/LA17199-3/\">LA17199-3</a></td><td>http://loinc.org</td><td>Dry</td></tr><tr><td style=\"white-space:nowrap\"><a name=\"x-http://loinc.org-LA18217-2\"> </a>\u00a0\u00a0<a href=\"https://loinc.org/LA18217-2/\">LA18217-2</a></td><td>http://loinc.org</td><td>Diaphoretic</td></tr><tr><td style=\"white-space:nowrap\"><a name=\"x-http://loinc.org-LA19044-9\"> </a>\u00a0\u00a0<a href=\"https://loinc.org/LA19044-9/\">LA19044-9</a></td><td>http://loinc.org</td><td>Moist</td></tr><tr><td style=\"white-space:nowrap\"><a name=\"x-http://loinc.org-LA15475-9\"> </a>\u00a0\u00a0<a href=\"https://loinc.org/LA15475-9/\">LA15475-9</a></td><td>http://loinc.org</td><td>Cold</td></tr><tr><td style=\"white-space:nowrap\"><a name=\"x-http://loinc.org-LA17202-5\"> </a>\u00a0\u00a0<a href=\"https://loinc.org/LA17202-5/\">LA17202-5</a></td><td>http://loinc.org</td><td>Hot</td></tr><tr><td style=\"white-space:nowrap\"><a name=\"x-http://loinc.org-LA17207-4\"> </a>\u00a0\u00a0<a href=\"https://loinc.org/LA17207-4/\">LA17207-4</a></td><td>http://loinc.org</td><td>Warm</td></tr></table></div>"
      },
      "url" : "http://example.org/ValueSet/TR-C-Skin-Assessment-VS",
      "version" : "0.1.0",
      "title" : "Skin Assessment Values",
      "status" : "draft",
      "experimental" : false,
      "date" : "2025-05-14T23:21:35+02:00",
      "expansion" : {
        "identifier" : "urn:uuid:ff0af4f4-4b7f-4630-a73b-67363573a3fe",
        "timestamp" : "2025-05-14T23:22:26+02:00",
        "total" : 12,
        "offset" : 0,
        "parameter" : [{
          "name" : "displayLanguage",
          "valueCode" : "en-US"
        },
        {
          "name" : "count",
          "valueInteger" : 1000
        },
        {
          "name" : "offset",
          "valueInteger" : 0
        },
        {
          "name" : "excludeNested",
          "valueBoolean" : false
        },
        {
          "name" : "used-valueset",
          "valueUri" : "null"
        },
        {
          "name" : "used-codesystem",
          "valueUri" : "http://loinc.org|2.80"
        },
        {
          "name" : "version",
          "valueUri" : "http://loinc.org|2.80"
        }],
        "contains" : [{
          "system" : "http://loinc.org",
          "code" : "LA17200-9",
          "display" : "Red (erythematous)"
        },
        {
          "system" : "http://loinc.org",
          "code" : "LA17205-8",
          "display" : "Mottled"
        },
        {
          "system" : "http://loinc.org",
          "code" : "LA17198-5",
          "display" : "Cyanotic"
        },
        {
          "system" : "http://loinc.org",
          "code" : "LA17206-6",
          "display" : "Pale"
        },
        {
          "system" : "http://loinc.org",
          "code" : "LA17201-7",
          "display" : "Flushed"
        },
        {
          "system" : "http://loinc.org",
          "code" : "LA17197-7",
          "display" : "Clammy"
        },
        {
          "system" : "http://loinc.org",
          "code" : "LA17199-3",
          "display" : "Dry"
        },
        {
          "system" : "http://loinc.org",
          "code" : "LA18217-2",
          "display" : "Diaphoretic"
        },
        {
          "system" : "http://loinc.org",
          "code" : "LA19044-9",
          "display" : "Moist"
        },
        {
          "system" : "http://loinc.org",
          "code" : "LA15475-9",
          "display" : "Cold"
        },
        {
          "system" : "http://loinc.org",
          "code" : "LA17202-5",
          "display" : "Hot"
        },
        {
          "system" : "http://loinc.org",
          "code" : "LA17207-4",
          "display" : "Warm"
        }]
      }
    }
  },
  {
    "fullUrl" : "http://example.org/ValueSet/TR-Circulation-Bleeding-Control-VS",
    "resource" : {
      "resourceType" : "ValueSet",
      "text" : {
        "status" : "generated",
        "div" : "<div xmlns=\"http://www.w3.org/1999/xhtml\"><p class=\"res-header-id\"><b>Generated Narrative: ValueSet </b></p><p style=\"border: black 1px dotted; background-color: #EEEEEE; padding: 8px; margin-bottom: 8px\">Expansion from tx.fhir.org based on SNOMED CT 900000000000207008 edition 01-Feb 2025</p><p>This value set contains 5 concepts</p><table class=\"codes\"><tr><td style=\"white-space:nowrap\"><b>Code</b></td><td><b>System</b></td><td><b>Display (en-US)</b></td></tr><tr><td style=\"white-space:nowrap\"><a name=\"x-http://snomed.info/sct-26906007\"> </a>\u00a0\u00a0<a href=\"http://snomed.info/id/26906007\">26906007</a></td><td>http://snomed.info/sct</td><td>Application of dressing, pressure</td></tr><tr><td style=\"white-space:nowrap\"><a name=\"x-http://snomed.info/sct-20655006\"> </a>\u00a0\u00a0<a href=\"http://snomed.info/id/20655006\">20655006</a></td><td>http://snomed.info/sct</td><td>Application of tourniquet</td></tr><tr><td style=\"white-space:nowrap\"><a name=\"x-http://snomed.info/sct-735346000\"> </a>\u00a0\u00a0<a href=\"http://snomed.info/id/735346000\">735346000</a></td><td>http://snomed.info/sct</td><td>Control of hemorrhage by application of direct pressure (procedure)</td></tr><tr><td style=\"white-space:nowrap\"><a name=\"x-http://snomed.info/sct-3895009\"> </a>\u00a0\u00a0<a href=\"http://snomed.info/id/3895009\">3895009</a></td><td>http://snomed.info/sct</td><td>Application of dressing</td></tr><tr><td style=\"white-space:nowrap\"><a name=\"x-http://snomed.info/sct-51241000\"> </a>\u00a0\u00a0<a href=\"http://snomed.info/id/51241000\">51241000</a></td><td>http://snomed.info/sct</td><td>Control of hemorrhage</td></tr></table></div>"
      },
      "url" : "http://example.org/ValueSet/TR-Circulation-Bleeding-Control-VS",
      "version" : "0.1.0",
      "title" : "Different Codes for Bleeding Control",
      "status" : "draft",
      "experimental" : false,
      "date" : "2025-05-14T23:21:35+02:00",
      "expansion" : {
        "identifier" : "urn:uuid:b0b55622-2e31-4aef-8842-e84845e88dae",
        "timestamp" : "2025-05-14T23:22:26+02:00",
        "total" : 5,
        "offset" : 0,
        "parameter" : [{
          "name" : "displayLanguage",
          "valueCode" : "en-US"
        },
        {
          "name" : "count",
          "valueInteger" : 1000
        },
        {
          "name" : "offset",
          "valueInteger" : 0
        },
        {
          "name" : "excludeNested",
          "valueBoolean" : false
        },
        {
          "name" : "used-valueset",
          "valueUri" : "null"
        },
        {
          "name" : "used-codesystem",
          "valueUri" : "http://snomed.info/sct|http://snomed.info/sct/900000000000207008/version/20250201"
        },
        {
          "name" : "version",
          "valueUri" : "http://snomed.info/sct|http://snomed.info/sct/900000000000207008/version/20250201"
        }],
        "contains" : [{
          "system" : "http://snomed.info/sct",
          "code" : "26906007",
          "display" : "Application of dressing, pressure"
        },
        {
          "system" : "http://snomed.info/sct",
          "code" : "20655006",
          "display" : "Application of tourniquet"
        },
        {
          "system" : "http://snomed.info/sct",
          "code" : "735346000",
          "display" : "Control of hemorrhage by application of direct pressure (procedure)"
        },
        {
          "system" : "http://snomed.info/sct",
          "code" : "3895009",
          "display" : "Application of dressing"
        },
        {
          "system" : "http://snomed.info/sct",
          "code" : "51241000",
          "display" : "Control of hemorrhage"
        }]
      }
    }
  }]
}