{
  "resourceType" : "Bundle",
  "id" : "uc1-bundle",
  "meta" : {
    "profile" : ["http://example.org/StructureDefinition/tr-bundle"]
  },
  "identifier" : {
    "system" : "http://example.org/fhir/bundles",
    "value" : "uc1-bundle-001"
  },
  "type" : "document",
  "timestamp" : "2025-01-01T19:01:00+02:00",
  "entry" : [{
    "fullUrl" : "Composition/uc1-tr-composition",
    "resource" : {
      "resourceType" : "Composition",
      "id" : "uc1-tr-composition",
      "meta" : {
        "profile" : ["http://example.org/StructureDefinition/tr-composition"]
      },
      "text" : {
        "status" : "generated",
        "div" : "<div xmlns=\"http://www.w3.org/1999/xhtml\"><a name=\"Composition_uc1-tr-composition\"> </a><p class=\"res-header-id\"><b>Generated Narrative: Composition uc1-tr-composition</b></p><a name=\"uc1-tr-composition\"> </a><a name=\"hcuc1-tr-composition\"> </a><a name=\"uc1-tr-composition-en-US\"> </a><div style=\"display: inline-block; background-color: #d9e0e7; padding: 6px; margin: 4px; border: 1px solid #8da1b4; border-radius: 5px; line-height: 60%\"><p style=\"margin-bottom: 0px\"/><p style=\"margin-bottom: 0px\">Profile: <a href=\"StructureDefinition-tr-composition.html\">TR Composition</a></p></div><p><b>identifier</b>: tr-composition-uc1</p><p><b>status</b>: Final</p><p><b>type</b>: <span title=\"Codes:{http://loinc.org 67796-3}\">EMS patient care report - version 3 Document NEMSIS</span></p><p><b>encounter</b>: <a href=\"Encounter/uc1-motor-vehicle-collision\">Encounter/uc1-motor-vehicle-collision</a></p><p><b>date</b>: 2025-01-01 19:00:00+0200</p><p><b>author</b>: <a href=\"Patient/uc1-nomen-nescio\">Patient/uc1-nomen-nescio</a></p><p><b>title</b>: Primary Survey Protocol</p></div>"
      },
      "identifier" : {
        "value" : "tr-composition-uc1"
      },
      "status" : "final",
      "type" : {
        "coding" : [{
          "system" : "http://loinc.org",
          "code" : "67796-3"
        }]
      },
      "subject" : {
        "reference" : "Patient/uc1-nomen-nescio"
      },
      "encounter" : {
        "reference" : "Encounter/uc1-motor-vehicle-collision"
      },
      "date" : "2025-01-01T19:00:00+02:00",
      "author" : [{
        "reference" : "Patient/uc1-nomen-nescio"
      }],
      "title" : "Primary Survey Protocol",
      "section" : [{
        "title" : "General Impression",
        "code" : {
          "coding" : [{
            "system" : "http://example.com/CodeSystem/TR-General-Codes-CS",
            "code" : "GI"
          }]
        },
        "text" : {
          "status" : "generated",
          "div" : "<div>General Impression Section</div>"
        },
        "section" : [{
          "code" : {
            "coding" : [{
              "system" : "http://example.com/CodeSystem/TR-General-Codes-CS",
              "code" : "GIAWP"
            }]
          },
          "entry" : [{
            "reference" : "Observation/uc1-TR-GI-Airway-Patency-Observation"
          }]
        },
        {
          "code" : {
            "coding" : [{
              "system" : "http://example.com/CodeSystem/TR-General-Codes-CS",
              "code" : "GICI"
            }]
          },
          "entry" : [{
            "reference" : "Observation/uc1-TR-GI-Circulatory-Cmpression-Observation"
          },
          {
            "reference" : "Procedure/uc1-TR-GI-Circulatory-Impression-Procedure"
          }]
        },
        {
          "code" : {
            "coding" : [{
              "system" : "http://example.com/CodeSystem/TR-General-Codes-CS",
              "code" : "GIMental"
            }]
          },
          "entry" : [{
            "reference" : "Observation/uc1-TR-GI-Mental-Status-Impression-Observation"
          }]
        },
        {
          "code" : {
            "coding" : [{
              "system" : "http://example.com/CodeSystem/TR-General-Codes-CS",
              "code" : "GIGD"
            }]
          },
          "entry" : [{
            "reference" : "Observation/uc1-TR-GI-Decision-Making-Observation"
          },
          {
            "reference" : "Procedure/uc1-TR-GI-Decision-Making-Procedure"
          }]
        }]
      },
      {
        "title" : "Airway and C-Spine Management",
        "code" : {
          "coding" : [{
            "system" : "http://example.com/CodeSystem/TR-General-Codes-CS",
            "code" : "AWCSP"
          }]
        },
        "text" : {
          "status" : "generated",
          "div" : "<div>Airway and C-Spine Section</div>"
        },
        "section" : [{
          "code" : {
            "coding" : [{
              "system" : "http://example.com/CodeSystem/TR-General-Codes-CS",
              "code" : "AWOBS"
            }]
          },
          "section" : [{
            "entry" : [{
              "reference" : "Observation/uc1-TR-AW-Status-Observation"
            }]
          },
          {
            "entry" : [{
              "reference" : "Observation/uc1-TR-AW-Fluids-In-AW-Observation"
            }]
          },
          {
            "entry" : [{
              "reference" : "Observation/uc1-TR-AW-Foreign-Body-AW-Observation"
            }]
          },
          {
            "entry" : [{
              "reference" : "Observation/uc1-TR-AW-Breathing-Sound-Observation"
            }]
          },
          {
            "entry" : [{
              "reference" : "Observation/uc1-TR-AW-Structual-Change-In-AW-Observation"
            }]
          },
          {
            "entry" : [{
              "reference" : "Observation/uc1-TR-AW-Soft-Tissue-Collaps-Observation"
            }]
          }]
        },
        {
          "code" : {
            "coding" : [{
              "system" : "http://example.com/CodeSystem/TR-General-Codes-CS",
              "code" : "AWPRC"
            }]
          },
          "section" : [{
            "entry" : [{
              "reference" : "Procedure/uc1-TR-AW-Opening-Manuver-Procedure"
            }]
          },
          {
            "entry" : [{
              "reference" : "Procedure/uc1-TR-AW-Airway-Clearance-Procedure"
            }]
          },
          {
            "entry" : [{
              "reference" : "Procedure/uc1-TR-AW-Airway-Adjuncts-Procedure"
            }]
          }]
        },
        {
          "code" : {
            "coding" : [{
              "system" : "http://example.com/CodeSystem/TR-General-Codes-CS",
              "code" : "CSPOBS"
            }]
          },
          "entry" : [{
            "reference" : "Observation/uc1-TR-AW-Cervical-Spine-Assessment-Observation"
          }]
        },
        {
          "code" : {
            "coding" : [{
              "system" : "http://example.com/CodeSystem/TR-General-Codes-CS",
              "code" : "CSPPRC"
            }]
          },
          "entry" : [{
            "reference" : "Procedure/uc1-TR-AW-Cervical-Spine-Intervention-Procedure"
          }]
        }]
      },
      {
        "title" : "Breathing Section",
        "code" : {
          "coding" : [{
            "system" : "http://example.com/CodeSystem/TR-General-Codes-CS",
            "code" : "br"
          }]
        },
        "text" : {
          "status" : "generated",
          "div" : "<div>Breathing Section</div>"
        },
        "entry" : [{
          "reference" : "Observation/uc1-TR-Br-Breathing-Disorder-Of-Thorax-Observation"
        }]
      },
      {
        "title" : "Circulation",
        "code" : {
          "coding" : [{
            "system" : "http://example.com/CodeSystem/TR-General-Codes-CS",
            "code" : "cir"
          }]
        },
        "text" : {
          "status" : "generated",
          "div" : "<div>Circulation Section</div>"
        },
        "entry" : [{
          "reference" : "Observation/uc1-TR-C-Skin-assessment-Observation"
        }]
      },
      {
        "title" : "Disability",
        "code" : {
          "coding" : [{
            "system" : "http://example.com/CodeSystem/TR-General-Codes-CS",
            "code" : "dis"
          }]
        },
        "text" : {
          "status" : "generated",
          "div" : "<div>Disability Section</div>"
        },
        "entry" : [{
          "reference" : "Observation/uc1-TR-D-Neuro-FAST-Observation"
        }]
      }]
    }
  }]
}