<?xml version="1.0" encoding="UTF-8"?>

<MedicationAdministration xmlns="http://hl7.org/fhir">
  <id value="uc1-TR-Br-Breathing-Procedure-Medication-Oxygen-MA"/>
  <meta>
    <profile value="http://example.org/StructureDefinition/tr-br-breathing-medication-oxygen-ma"/>
  </meta>
  <text>
    <status value="generated"/><div xmlns="http://www.w3.org/1999/xhtml"><p class="res-header-id"><b>Generated Narrative: MedicationAdministration uc1-TR-Br-Breathing-Procedure-Medication-Oxygen-MA</b></p><a name="uc1-TR-Br-Breathing-Procedure-Medication-Oxygen-MA"> </a><a name="hcuc1-TR-Br-Breathing-Procedure-Medication-Oxygen-MA"> </a><a name="uc1-TR-Br-Breathing-Procedure-Medication-Oxygen-MA-en-US"> </a><div style="display: inline-block; background-color: #d9e0e7; padding: 6px; margin: 4px; border: 1px solid #8da1b4; border-radius: 5px; line-height: 60%"><p style="margin-bottom: 0px"/><p style="margin-bottom: 0px">Profile: <a href="StructureDefinition-tr-br-breathing-medication-oxygen-ma.html">MedicationAdministration of Oxygen</a></p></div><p><b>status</b>: Completed</p><p><b>category</b>: <span title="Codes:">outpatient</span></p><p><b>medication</b>: <span title="Codes:{http://snomed.info/sct 24099007}">Oxygen (substance)</span></p><p><b>subject</b>: <a href="Patient-uc1-Nomen-Nescio.html">Nescio Nomen  Female, DoB: 1990-01-01 ( Social Security number: 9999090909)</a></p><p><b>effective</b>: 2025-01-01 12:55:00+0200</p></div>
  </text>
  <status value="completed"/>
  <category>
    <coding>
      <code value="outpatient"/>
    </coding>
  </category>
  <medicationCodeableConcept>
    <coding>
      <system value="http://snomed.info/sct"/>
      <code value="24099007"/>
      <display value="Oxygen (substance)"/>
    </coding>
  </medicationCodeableConcept>
  <subject>
    <reference value="Patient/uc1-Nomen-Nescio"/>
  </subject>
  <effectiveDateTime value="2025-01-01T12:55:00+02:00"/>
</MedicationAdministration>