<?xml version="1.0" encoding="UTF-8"?>

<Observation xmlns="http://hl7.org/fhir">
  <id value="uc1-TR-Disability-Neuro-FAST-Observations"/>
  <meta>
    <profile value="http://example.org/StructureDefinition/tr-disability-neuro-fast-observations"/>
  </meta>
  <text>
    <status value="generated"/><div xmlns="http://www.w3.org/1999/xhtml"><p class="res-header-id"><b>Generated Narrative: Observation uc1-TR-Disability-Neuro-FAST-Observations</b></p><a name="uc1-TR-Disability-Neuro-FAST-Observations"> </a><a name="hcuc1-TR-Disability-Neuro-FAST-Observations"> </a><a name="uc1-TR-Disability-Neuro-FAST-Observations-en-US"> </a><div style="display: inline-block; background-color: #d9e0e7; padding: 6px; margin: 4px; border: 1px solid #8da1b4; border-radius: 5px; line-height: 60%"><p style="margin-bottom: 0px"/><p style="margin-bottom: 0px">Profile: <a href="StructureDefinition-tr-disability-neuro-fast-observations.html">Fast Assessment</a></p></div><p><b>status</b>: Final</p><p><b>code</b>: <span title="Codes:{http://snomed.info/sct 716800008}">Face Arm Speech Test score</span></p><p><b>subject</b>: <a href="Patient-uc1-Nomen-Nescio.html">Nescio Nomen  Female, DoB: 1990-01-01 ( Social Security number: 9999090909)</a></p><p><b>encounter</b>: <a href="Encounter-uc1-Motor-Vehicle-Collision.html">Encounter: status = final; class = emergency (ActEncounterCode#EMER)</a></p><p><b>effective</b>: 2025-01-01 12:35:00+0200</p><blockquote><p><b>component</b></p><p><b>code</b>: <span title="Codes:{http://snomed.info/sct 280816001}">Facial palsy (disorder)</span></p><p><b>value</b>: <span title="Codes:{http://snomed.info/sct 2667000}">Absent</span></p></blockquote><blockquote><p><b>component</b></p><p><b>code</b>: <span title="Codes:{http://snomed.info/sct 249944006}">Monoparesis (disorder)</span></p><p><b>value</b>: <span title="Codes:{http://snomed.info/sct 2667000}">Absent</span></p></blockquote><blockquote><p><b>component</b></p><p><b>code</b>: <span title="Codes:{http://snomed.info/sct 87335007}">Speaking (observable entity)</span></p><p><b>value</b>: <span title="Codes:{http://snomed.info/sct 2667000}">Absent</span></p></blockquote><blockquote><p><b>component</b></p><p><b>code</b>: <span title="Codes:{http://snomed.info/sct 405795006}">Time of symptom onset (observable entity)</span></p><p><b>value</b>: 2025-05-07 15:35:00+0500</p></blockquote></div>
  </text>
  <status value="final"/>
  <code>
    <coding>
      <system value="http://snomed.info/sct"/>
      <code value="716800008"/>
      <display value="Face Arm Speech Test score"/>
    </coding>
  </code>
  <subject>
    <reference value="Patient/uc1-Nomen-Nescio"/>
  </subject>
  <encounter>
    <reference value="Encounter/uc1-Motor-Vehicle-Collision"/>
  </encounter>
  <effectiveDateTime value="2025-01-01T12:35:00+02:00"/>
  <component>
    <code>
      <coding>
        <system value="http://snomed.info/sct"/>
        <code value="280816001"/>
        <display value="Facial palsy (disorder)"/>
      </coding>
    </code>
    <valueCodeableConcept>
      <coding>
        <system value="http://snomed.info/sct"/>
        <code value="2667000"/>
        <display value="Absent"/>
      </coding>
    </valueCodeableConcept>
  </component>
  <component>
    <code>
      <coding>
        <system value="http://snomed.info/sct"/>
        <code value="249944006"/>
        <display value="Monoparesis (disorder)"/>
      </coding>
    </code>
    <valueCodeableConcept>
      <coding>
        <system value="http://snomed.info/sct"/>
        <code value="2667000"/>
        <display value="Absent"/>
      </coding>
    </valueCodeableConcept>
  </component>
  <component>
    <code>
      <coding>
        <system value="http://snomed.info/sct"/>
        <code value="87335007"/>
        <display value="Speaking (observable entity)"/>
      </coding>
    </code>
    <valueCodeableConcept>
      <coding>
        <system value="http://snomed.info/sct"/>
        <code value="2667000"/>
        <display value="Absent"/>
      </coding>
    </valueCodeableConcept>
  </component>
  <component>
    <code>
      <coding>
        <system value="http://snomed.info/sct"/>
        <code value="405795006"/>
        <display value="Time of symptom onset (observable entity)"/>
      </coding>
    </code>
    <valueDateTime value="2025-05-07T15:35:00+05:00"/>
  </component>
</Observation>