<?xml version="1.0" encoding="UTF-8"?>

<Observation xmlns="http://hl7.org/fhir">
  <id value="uc1-TR-C-Skin-Assessment-Observation"/>
  <meta>
    <profile value="http://example.org/StructureDefinition/tr-c-skin-assessment-observation"/>
  </meta>
  <text>
    <status value="generated"/><div xmlns="http://www.w3.org/1999/xhtml"><p class="res-header-id"><b>Generated Narrative: Observation uc1-TR-C-Skin-Assessment-Observation</b></p><a name="uc1-TR-C-Skin-Assessment-Observation"> </a><a name="hcuc1-TR-C-Skin-Assessment-Observation"> </a><a name="uc1-TR-C-Skin-Assessment-Observation-en-US"> </a><div style="display: inline-block; background-color: #d9e0e7; padding: 6px; margin: 4px; border: 1px solid #8da1b4; border-radius: 5px; line-height: 60%"><p style="margin-bottom: 0px"/><p style="margin-bottom: 0px">Profile: <a href="StructureDefinition-tr-c-skin-assessment-observation.html">Skin assessment</a></p></div><p><b>status</b>: Final</p><p><b>code</b>: <span title="Codes:{http://loinc.org 72284-3}">Skin assessment panel</span></p><p><b>subject</b>: <a href="Patient-uc1-Nomen-Nescio.html">Nescio Nomen  Male, DoB: 1990-01-01</a></p><p><b>encounter</b>: <a href="Encounter-uc1-Motor-Vehicle-Collision.html">Encounter: status = final; class = emergency (ActEncounterCode#EMER)</a></p><p><b>effective</b>: 2025-01-01 12:30:00+0200</p><blockquote><p><b>component</b></p><p><b>code</b>: <span title="Codes:{http://loinc.org 39107-8}">Skin color</span></p><p><b>value</b>: <span title="Codes:{http://loinc.org LA17198-5}">Cyanotic</span></p></blockquote><blockquote><p><b>component</b></p><p><b>code</b>: <span title="Codes:{http://loinc.org 39129-2}">Skin moisture</span></p><p><b>value</b>: <span title="Codes:{http://loinc.org LA19044-9}">Moist</span></p></blockquote><blockquote><p><b>component</b></p><p><b>code</b>: <span title="Codes:{http://loinc.org 39106-0}">Skin temperature</span></p><p><b>value</b>: <span title="Codes:{http://loinc.org LA15475-9}">Cold</span></p></blockquote></div>
  </text>
  <status value="final"/>
  <code>
    <coding>
      <system value="http://loinc.org"/>
      <code value="72284-3"/>
      <display value="Skin assessment panel"/>
    </coding>
  </code>
  <subject>
    <reference value="Patient/uc1-Nomen-Nescio"/>
  </subject>
  <encounter>
    <reference value="Encounter/uc1-Motor-Vehicle-Collision"/>
  </encounter>
  <effectiveDateTime value="2025-01-01T12:30:00+02:00"/>
  <component>
    <code>
      <coding>
        <system value="http://loinc.org"/>
        <code value="39107-8"/>
        <display value="Skin color"/>
      </coding>
    </code>
    <valueCodeableConcept>
      <coding>
        <system value="http://loinc.org"/>
        <code value="LA17198-5"/>
        <display value="Cyanotic"/>
      </coding>
    </valueCodeableConcept>
  </component>
  <component>
    <code>
      <coding>
        <system value="http://loinc.org"/>
        <code value="39129-2"/>
        <display value="Skin moisture"/>
      </coding>
    </code>
    <valueCodeableConcept>
      <coding>
        <system value="http://loinc.org"/>
        <code value="LA19044-9"/>
        <display value="Moist"/>
      </coding>
    </valueCodeableConcept>
  </component>
  <component>
    <code>
      <coding>
        <system value="http://loinc.org"/>
        <code value="39106-0"/>
        <display value="Skin temperature"/>
      </coding>
    </code>
    <valueCodeableConcept>
      <coding>
        <system value="http://loinc.org"/>
        <code value="LA15475-9"/>
        <display value="Cold"/>
      </coding>
    </valueCodeableConcept>
  </component>
</Observation>