{
  "resourceType" : "Procedure",
  "id" : "uc1-TR-Circulation-Bleeding-Control-PS-Procedure",
  "meta" : {
    "profile" : ["http://example.org/StructureDefinition/tr-circulation-bleeding-control-ps-procedure"]
  },
  "text" : {
    "status" : "generated",
    "div" : "<div xmlns=\"http://www.w3.org/1999/xhtml\"><p class=\"res-header-id\"><b>Generated Narrative: Procedure uc1-TR-Circulation-Bleeding-Control-PS-Procedure</b></p><a name=\"uc1-TR-Circulation-Bleeding-Control-PS-Procedure\"> </a><a name=\"hcuc1-TR-Circulation-Bleeding-Control-PS-Procedure\"> </a><a name=\"uc1-TR-Circulation-Bleeding-Control-PS-Procedure-en-US\"> </a><div style=\"display: inline-block; background-color: #d9e0e7; padding: 6px; margin: 4px; border: 1px solid #8da1b4; border-radius: 5px; line-height: 60%\"><p style=\"margin-bottom: 0px\"/><p style=\"margin-bottom: 0px\">Profile: <a href=\"StructureDefinition-tr-circulation-bleeding-control-ps-procedure.html\">Pelvic Sling Procedure</a></p></div><p><b>partOf</b>: <a href=\"Observation-uc1-TR-Circulation-Bleeding-Control-PS-Observation.html\">Observation Fracture of pelvis (disorder)</a></p><p><b>status</b>: Completed</p><p><b>category</b>: <span title=\"Codes:\">outpatient</span></p><p><b>code</b>: <span title=\"Codes:{http://snomed.info/sct 182556001}\">Pelvic sling (procedure)</span></p><p><b>subject</b>: <a href=\"Patient-uc1-Nomen-Nescio.html\">Nescio Nomen  Female, DoB: 1990-01-01 ( Social Security number: 9999090909)</a></p><p><b>encounter</b>: <a href=\"Encounter-uc1-Motor-Vehicle-Collision.html\">Encounter: status = final; class = emergency (ActEncounterCode#EMER)</a></p><p><b>performed</b>: 2025-01-01 12:58:00+0200</p></div>"
  },
  "partOf" : [{
    "reference" : "Observation/uc1-TR-Circulation-Bleeding-Control-PS-Observation"
  }],
  "status" : "completed",
  "category" : {
    "coding" : [{
      "code" : "outpatient"
    }]
  },
  "code" : {
    "coding" : [{
      "system" : "http://snomed.info/sct",
      "code" : "182556001",
      "display" : "Pelvic sling (procedure)"
    }]
  },
  "subject" : {
    "reference" : "Patient/uc1-Nomen-Nescio"
  },
  "encounter" : {
    "reference" : "Encounter/uc1-Motor-Vehicle-Collision"
  },
  "performedDateTime" : "2025-01-01T12:58:00+02:00"
}