{
  "resourceType" : "Procedure",
  "id" : "uc1-TR-AW-Cervical-Spine-Intervention-Procedure",
  "meta" : {
    "profile" : ["http://example.org/StructureDefinition/tr-aw-cervical-spine-intervention-procedure"]
  },
  "text" : {
    "status" : "generated",
    "div" : "<div xmlns=\"http://www.w3.org/1999/xhtml\"><p class=\"res-header-id\"><b>Generated Narrative: Procedure uc1-TR-AW-Cervical-Spine-Intervention-Procedure</b></p><a name=\"uc1-TR-AW-Cervical-Spine-Intervention-Procedure\"> </a><a name=\"hcuc1-TR-AW-Cervical-Spine-Intervention-Procedure\"> </a><a name=\"uc1-TR-AW-Cervical-Spine-Intervention-Procedure-en-US\"> </a><div style=\"display: inline-block; background-color: #d9e0e7; padding: 6px; margin: 4px; border: 1px solid #8da1b4; border-radius: 5px; line-height: 60%\"><p style=\"margin-bottom: 0px\"/><p style=\"margin-bottom: 0px\">Profile: <a href=\"StructureDefinition-tr-aw-cervical-spine-intervention-procedure.html\">Cervical Spine Intervention</a></p></div><p><b>status</b>: Completed</p><p><b>category</b>: <span title=\"Codes:{http://snomed.info/sct 426498007}\">Spinal stabilization procedure</span></p><p><b>code</b>: <span title=\"Codes:{http://snomed.info/sct 398041008}\">Cervical spine immobilization</span></p><p><b>subject</b>: <a href=\"Patient-uc1-Nomen-Nescio.html\">Nescio Nomen  Male, DoB: 1990-01-01</a></p><p><b>encounter</b>: <a href=\"Encounter-uc1-Motor-Vehicle-Collision.html\">Encounter: status = final; class = emergency (ActEncounterCode#EMER)</a></p></div>"
  },
  "status" : "completed",
  "category" : {
    "coding" : [{
      "system" : "http://snomed.info/sct",
      "code" : "426498007",
      "display" : "Spinal stabilization procedure"
    }]
  },
  "code" : {
    "coding" : [{
      "system" : "http://snomed.info/sct",
      "code" : "398041008",
      "display" : "Cervical spine immobilization"
    }],
    "text" : "Cervical spine immobilization"
  },
  "subject" : {
    "reference" : "Patient/uc1-Nomen-Nescio"
  },
  "encounter" : {
    "reference" : "Encounter/uc1-Motor-Vehicle-Collision"
  }
}