{
  "package": "fhir.example",
  "version": "0.1.0",
  "fhirVersion": "4.0.1",
  "extensions": [
    {
      "url": "http://example.org/StructureDefinition/pathologic-side",
      "title": "Pathologic Side",
      "types": [
        "CodeableConcept"
      ]
    }
  ],
  "profiles": {
    "Procedure": [
      {
        "url": "http://example.org/StructureDefinition/trauma-procedure",
        "title": "Base Trauma Procedure"
      }
    ],
    "Observation": [
      {
        "url": "http://example.org/StructureDefinition/trauma-observation",
        "title": "Base Trauma IG Observation"
      }
    ],
    "Bundle": [
      {
        "url": "http://example.org/StructureDefinition/tr-bundle",
        "title": "Document Bundle"
      }
    ],
    "Composition": [
      {
        "url": "http://example.org/StructureDefinition/tr-composition",
        "title": "TR Composition"
      }
    ],
    "Encounter": [
      {
        "url": "http://example.org/StructureDefinition/trauma-encounter",
        "title": "Base Trauma Encounter"
      }
    ],
    "Patient": [
      {
        "url": "http://example.org/StructureDefinition/trauma-patient",
        "title": "Base Trauma Patient"
      }
    ]
  },
  "usage": {
    "http://example.com/PathologicSideExtension": [
      "Observation.component"
    ],
    "http://example.org/StructureDefinition/pathologic-side": [
      "Observation.component"
    ],
    "http://hl7.at/fhir/HL7ATCoreProfiles/4.0.1/StructureDefinition/at-core-ext-address-additionalInformation": [
      "Patient.address.line",
      "Patient.contact.address.line"
    ],
    "http://hl7.at/fhir/HL7ATCoreProfiles/4.0.1/StructureDefinition/at-core-ext-address-municipalityCode": [
      "Patient.address",
      "Patient.contact.address"
    ],
    "http://hl7.at/fhir/HL7ATCoreProfiles/4.0.1/StructureDefinition/at-core-ext-gender-administrativeGenderAddition": [
      "Patient.contact.gender",
      "Patient.gender"
    ],
    "http://hl7.at/fhir/HL7ATCoreProfiles/4.0.1/StructureDefinition/at-core-ext-patient-religion": [
      "Patient"
    ],
    "http://hl7.org/fhir/StructureDefinition/elementdefinition-bestpractice": [
      "StructureDefinition.snapshot.element.constraint"
    ],
    "http://hl7.org/fhir/StructureDefinition/elementdefinition-bestpractice-explanation": [
      "StructureDefinition.snapshot.element.constraint"
    ],
    "http://hl7.org/fhir/StructureDefinition/elementdefinition-bindingName": [
      "StructureDefinition.snapshot.element.binding"
    ],
    "http://hl7.org/fhir/StructureDefinition/elementdefinition-maxValueSet": [
      "StructureDefinition.snapshot.element.binding"
    ],
    "http://hl7.org/fhir/StructureDefinition/elementdefinition-translatable": [
      "StructureDefinition.snapshot.element"
    ],
    "http://hl7.org/fhir/StructureDefinition/iso21090-ADXP-additionalLocator": [
      "Patient.address.line",
      "Patient.contact.address.line"
    ],
    "http://hl7.org/fhir/StructureDefinition/iso21090-ADXP-houseNumber": [
      "Patient.address.line",
      "Patient.contact.address.line"
    ],
    "http://hl7.org/fhir/StructureDefinition/iso21090-ADXP-streetName": [
      "Patient.address.line",
      "Patient.contact.address.line"
    ],
    "http://hl7.org/fhir/StructureDefinition/patient-birthPlace": [
      "Patient"
    ],
    "http://hl7.org/fhir/StructureDefinition/patient-citizenship": [
      "Patient"
    ],
    "http://hl7.org/fhir/StructureDefinition/regex": [
      "StructureDefinition.snapshot.element.type"
    ],
    "http://hl7.org/fhir/StructureDefinition/structuredefinition-display-hint": [
      "StructureDefinition.snapshot.element"
    ],
    "http://hl7.org/fhir/StructureDefinition/structuredefinition-fhir-type": [
      "StructureDefinition.snapshot.element.type"
    ],
    "http://hl7.org/fhir/StructureDefinition/structuredefinition-hierarchy": [
      "StructureDefinition.snapshot.element.type"
    ],
    "http://hl7.org/fhir/tools/StructureDefinition/ig-internal-dependency": [
      "ImplementationGuide.definition"
    ],
    "http://hl7.org/fhir/tools/StructureDefinition/ig-page-name": [
      "ImplementationGuide.definition.page",
      "ImplementationGuide.definition.page.page"
    ],
    "http://hl7.org/fhir/tools/StructureDefinition/ig-parameter": [
      "ImplementationGuide.definition"
    ],
    "http://hl7.org/fhir/tools/StructureDefinition/implementationguide-dependency-comment": [
      "ImplementationGuide.dependsOn"
    ],
    "http://hl7.org/fhir/tools/StructureDefinition/resource-information": [
      "ImplementationGuide.definition.resource"
    ],
    "http://hl7.org/fhir/tools/StructureDefinition/snapshot-base-version": [
      "StructureDefinition.snapshot"
    ]
  }
}