<?xml version="1.0" encoding="UTF-8"?>

<ValueSet xmlns="http://hl7.org/fhir">
  <id value="TR-AW-Airway-Obstruction-Causes-Foreign-Body-VS"/>
  <text>
    <status value="generated"/><div xmlns="http://www.w3.org/1999/xhtml"><p class="res-header-id"><b>Generated Narrative: ValueSet TR-AW-Airway-Obstruction-Causes-Foreign-Body-VS</b></p><a name="TR-AW-Airway-Obstruction-Causes-Foreign-Body-VS"> </a><a name="hcTR-AW-Airway-Obstruction-Causes-Foreign-Body-VS"> </a><a name="TR-AW-Airway-Obstruction-Causes-Foreign-Body-VS-en-US"> </a><ul><li>Include these codes as defined in <a href="http://www.snomed.org/"><code>http://snomed.info/sct</code></a> version <code>http://snomed.info/sct/version/2025-02-01</code><table class="none"><tr><td style="white-space:nowrap"><b>Code</b></td><td><b>Display</b></td></tr><tr><td><a href="http://snomed.info/id/1162521000">1162521000</a></td><td>Fracture of teeth</td></tr><tr><td><a href="http://snomed.info/id/278616006">278616006</a></td><td>Fractured denture</td></tr><tr><td><a href="http://snomed.info/id/1303387001">1303387001</a></td><td>Fracture of bone of jaw</td></tr><tr><td><a href="http://snomed.info/id/429491000">429491000</a></td><td>Obstruction of airway caused by foreign body</td></tr><tr><td><a href="http://snomed.info/id/427890000">427890000</a></td><td>Partial obstruction of airway caused by foreign body</td></tr></table></li></ul></div>
  </text>
  <url value="http://example.org/ValueSet/TR-AW-Airway-Obstruction-Causes-Foreign-Body-VS"/>
  <version value="0.1.0"/>
  <title value="Foreign Body Obstruction of AW"/>
  <status value="draft"/>
  <experimental value="false"/>
  <date value="2025-05-14T23:21:35+02:00"/>
  <publisher value="Constantin Renner"/>
  <contact>
    <name value="Constantin Renner"/>
    <telecom>
      <system value="url"/>
      <value value="https://github.com/cdeveHealth"/>
    </telecom>
    <telecom>
      <system value="email"/>
      <value value="constantinrenner1@gmail.com"/>
    </telecom>
  </contact>
  <description value="Different foreign bodies that can cause an obstruction"/>
  <compose>
    <include>
      <system value="http://snomed.info/sct"/>
      <version value="http://snomed.info/sct/version/2025-02-01"/>
      <concept>
        <code value="1162521000"/>
        <display value="Fracture of teeth"/>
      </concept>
      <concept>
        <code value="278616006"/>
        <display value="Fractured denture"/>
      </concept>
      <concept>
        <code value="1303387001"/>
        <display value="Fracture of bone of jaw"/>
      </concept>
      <concept>
        <code value="429491000"/>
        <display value="Obstruction of airway caused by foreign body"/>
      </concept>
      <concept>
        <code value="427890000"/>
        <display value="Partial obstruction of airway caused by foreign body"/>
      </concept>
    </include>
  </compose>
</ValueSet>