{
  "codeSystems" : [
    {
      "url" : "http://example.org/ValueSet/Anatomical-Terminology",
      "version" : "0.1.0",
      "status" : "draft",
      "name" : null,
      "title" : "VS Anatomical Terminology",
      "description" : "Anatomical Terminology",
      "systems" : ["http://snomed.info/sct"]
    },
    {
      "url" : "http://example.org/ValueSet/Severity-VS",
      "version" : "0.1.0",
      "status" : "draft",
      "name" : null,
      "title" : "VS  Severity",
      "description" : "ValueSet expressing the severity or presence of something",
      "systems" : ["http://snomed.info/sct"]
    },
    {
      "url" : "http://example.org/ValueSet/TR-AW-AW-Status-VS",
      "version" : "0.1.0",
      "status" : "draft",
      "name" : null,
      "title" : "Status of Airway",
      "description" : "Codes to define if theres not a A problem",
      "systems" : ["http://snomed.info/sct"]
    },
    {
      "url" : "http://example.org/ValueSet/TR-AW-Airway-Adjuncts-VS",
      "version" : "0.1.0",
      "status" : "draft",
      "name" : null,
      "title" : "Airway Adjuncts Procedures",
      "description" : "Includes SNOMED CT codes for procedures related to airway adjuncts, such as oropharyngeal and nasopharyngeal airway insertion.",
      "systems" : ["http://snomed.info/sct"]
    },
    {
      "url" : "http://example.org/ValueSet/TR-AW-Airway-Clearance-VS",
      "version" : "0.1.0",
      "status" : "draft",
      "name" : null,
      "title" : "Codes for clearing airway",
      "description" : "Includes SNOMED CT codes related to airway clearance procedures and findings.",
      "systems" : ["http://snomed.info/sct"]
    },
    {
      "url" : "http://example.org/ValueSet/TR-AW-Airway-Obstruction-Causes-Breathing-Sounds-VS",
      "version" : "0.1.0",
      "status" : "draft",
      "name" : null,
      "title" : "Breathing Sounds",
      "description" : "Certain breathing sounds are an indication for aw obstruction.",
      "systems" : ["http://snomed.info/sct"]
    },
    {
      "url" : "http://example.org/ValueSet/TR-AW-Airway-Obstruction-Causes-Fluid-VS",
      "version" : "0.1.0",
      "status" : "draft",
      "name" : null,
      "title" : "Fluid in the airway codes",
      "description" : "Describes different ways of suffocating due to fluids in the upper AW",
      "systems" : ["http://snomed.info/sct"]
    },
    {
      "url" : "http://example.org/ValueSet/TR-AW-Airway-Obstruction-Causes-Foreign-Body-VS",
      "version" : "0.1.0",
      "status" : "draft",
      "name" : null,
      "title" : "Foreign Body Obstruction of AW",
      "description" : "Different foreign bodies that can cause an obstruction",
      "systems" : ["http://snomed.info/sct"]
    },
    {
      "url" : "http://example.org/ValueSet/TR-AW-Airway-Obstruction-Causes-Structure-VS",
      "version" : "0.1.0",
      "status" : "draft",
      "name" : null,
      "title" : "Obstruction caused due to change in Neck Structure",
      "description" : "Trauma to the neck or head can cause airway to close up.",
      "systems" : ["http://snomed.info/sct"]
    },
    {
      "url" : "http://example.org/ValueSet/TR-AW-Airway-Obstruction-Causes-VS",
      "version" : "0.1.0",
      "status" : "draft",
      "name" : null,
      "title" : "Softtissue AW Obstruction",
      "description" : "Obstruction of Airway due to Softtissue without head or neck trauma",
      "systems" : ["http://snomed.info/sct"]
    },
    {
      "url" : "http://example.org/ValueSet/TR-AW-Airway-Opening-Maneuvers-VS",
      "version" : "0.1.0",
      "status" : "draft",
      "name" : null,
      "title" : "Opening Maneuvers",
      "description" : "Different Ways of opening the patients mouth",
      "systems" : ["http://snomed.info/sct"]
    },
    {
      "url" : "http://example.org/ValueSet/TR-AW-Cervical-Spine-Assessment-VS",
      "version" : "0.1.0",
      "status" : "draft",
      "name" : null,
      "title" : "Cervical Spine Assessment Codes",
      "description" : "Includes SNOMED CT codes related to cervical spine injuries and assessments.",
      "systems" : ["http://snomed.info/sct"]
    },
    {
      "url" : "http://example.org/ValueSet/TR-AW-Cervical-Spine-Intervention-VS",
      "version" : "0.1.0",
      "status" : "draft",
      "name" : null,
      "title" : "Cervical Spine Intervention Codes",
      "description" : "Includes SNOMED CT codes related to cervical spine immobilization and stabilization procedures.",
      "systems" : ["http://snomed.info/sct"]
    },
    {
      "url" : "http://example.org/ValueSet/TR-C-Skin-Assessment-VS",
      "version" : "0.1.0",
      "status" : "draft",
      "name" : null,
      "title" : "Skin Assessment Values",
      "description" : "Includes LOINC codes related to the Skin assessment panel 72284-3.",
      "systems" : ["http://loinc.org"]
    },
    {
      "url" : "http://example.org/ValueSet/TR-Conditions-VS",
      "version" : "0.1.0",
      "status" : "draft",
      "name" : null,
      "title" : "Conditons",
      "description" : "This value set should have the most important arbeitsdiagnonsen",
      "systems" : ["http://snomed.info/sct"]
    },
    {
      "url" : "http://example.org/ValueSet/TR-D-Fast-VS",
      "version" : "0.1.0",
      "status" : "draft",
      "name" : null,
      "title" : "VS for FAST Assessment",
      "description" : "ValueSet for  SNOMED CT concepts used for a FAST assessment.",
      "systems" : ["http://snomed.info/sct"]
    },
    {
      "url" : "http://example.org/ValueSet/TR-GI-AW-Patency-VS",
      "version" : "0.1.0",
      "status" : "draft",
      "name" : null,
      "title" : "General Impresion AW Patency",
      "description" : "Codes related to Blickdiagnose AW Patency",
      "systems" : ["http://snomed.info/sct"]
    },
    {
      "url" : "http://example.org/ValueSet/TR-GI-Circulation-Impression-VS",
      "version" : "0.1.0",
      "status" : "draft",
      "name" : null,
      "title" : "General Impression of Circulation",
      "description" : "Used to judge if patient coulsd be in potential shock",
      "systems" : ["http://snomed.info/sct"]
    },
    {
      "url" : "http://example.org/ValueSet/TR-GI-Decision-Making-VS",
      "version" : "0.1.0",
      "status" : "draft",
      "name" : null,
      "title" : "Decision Codes General Impression",
      "description" : "Roughly defines what options after General Impression",
      "systems" : ["http://snomed.info/sct"]
    },
    {
      "url" : "http://example.org/ValueSet/TR-GI-Impression-Procedure-VS",
      "version" : "0.1.0",
      "status" : "draft",
      "name" : null,
      "title" : "General Impression of Circulation Procedures",
      "description" : "Used to judge if patient coulsd be in potential shock",
      "systems" : ["http://snomed.info/sct"]
    },
    {
      "url" : "http://example.org/ValueSet/TR-GI-Mental-Status-VS",
      "version" : "0.1.0",
      "status" : "draft",
      "name" : null,
      "title" : "General Impression Mental Status",
      "description" : "This value has some first impressions of the mental state of the patient.",
      "systems" : ["http://snomed.info/sct"]
    },
    {
      "url" : "http://hl7.org/fhir/ValueSet/address-type",
      "version" : "4.0.1",
      "status" : "active",
      "name" : "AddressType",
      "title" : "AddressType",
      "description" : "The type of an address (physical / postal).",
      "systems" : ["http://hl7.org/fhir/address-type"],
      "oids" : ["2.16.840.1.113883.4.642.3.69"],
      "sources" : ["2.16.840.1.113883.4.642.3.69"],
      "uses" : {
      },
      "StructureDefinition-trauma-patient.html" : "Base Trauma Patient"
    },
    {
      "url" : "http://hl7.org/fhir/ValueSet/address-use",
      "version" : "4.0.1",
      "status" : "active",
      "name" : "AddressUse",
      "title" : "AddressUse",
      "description" : "The use of an address.",
      "systems" : ["http://hl7.org/fhir/address-use"],
      "oids" : ["2.16.840.1.113883.4.642.3.67"],
      "sources" : ["2.16.840.1.113883.4.642.3.67"],
      "uses" : {
      },
      "StructureDefinition-trauma-patient.html" : "Base Trauma Patient"
    },
    {
      "url" : "http://hl7.org/fhir/ValueSet/administrative-gender",
      "version" : "4.0.1",
      "status" : "active",
      "name" : "AdministrativeGender",
      "title" : "AdministrativeGender",
      "description" : "The gender of a person used for administrative purposes.",
      "systems" : ["http://hl7.org/fhir/administrative-gender"],
      "oids" : ["2.16.840.1.113883.4.642.3.1"],
      "sources" : ["2.16.840.1.113883.4.642.3.1"],
      "uses" : {
      },
      "StructureDefinition-trauma-patient.html" : "Base Trauma Patient"
    },
    {
      "url" : "http://hl7.org/fhir/ValueSet/body-site",
      "version" : "4.0.1",
      "status" : "draft",
      "name" : "SNOMEDCTBodyStructures",
      "title" : "SNOMED CT Body Structures",
      "description" : "This value set includes all codes from [SNOMED CT](http://snomed.info/sct) where concept is-a 442083009 (Anatomical or acquired body site (body structure)).",
      "systems" : ["http://snomed.info/sct"],
      "oids" : ["2.16.840.1.113883.4.642.3.141"],
      "sources" : ["2.16.840.1.113883.4.642.3.141"],
      "uses" : {
      },
      "StructureDefinition-tr-aw-opening-maneuver-procedure.html" : "Airway Opening Maneuvers",
      "StructureDefinition-tr-aw-cervical-spine-assessment-observation.html" : "Cervical Spine Assessment Observation",
      "StructureDefinition-tr-br-rise-observation.html" : "Respiratory chest wall movement",
      "StructureDefinition-tr-aw-structual-change-in-aw-observation.html" : "Structural Changes in Airway Observation",
      "StructureDefinition-tr-aw-cervical-spine-intervention-procedure.html" : "Cervical Spine Intervention",
      "StructureDefinition-tr-gi-decision-making-observation.html" : "Decision Making Observation",
      "StructureDefinition-tr-gi-circulatory-impression-observation.html" : "General Impression Circulatory Observation",
      "StructureDefinition-tr-gi-mental-status-impression-observation.html" : "Observation of General Impression of Mental State of Patient",
      "StructureDefinition-tr-gi-decision-making-procedure.html" : "Decision Making after General Impresission",
      "StructureDefinition-tr-aw-airway-clearance-procedure.html" : "Airway Clearance",
      "StructureDefinition-tr-gi-circulatory-impression-procedure.html" : "Procedures to obtain a circulatory impression",
      "StructureDefinition-tr-aw-fluids-in-aw-observation.html" : "Fluids in Airway Observation",
      "StructureDefinition-tr-c-skin-assessment-observation.html" : "Skin assessment",
      "StructureDefinition-tr-aw-soft-tissue-collaps-observation.html" : "Soft Tissue Collapse in Airway Observation",
      "StructureDefinition-tr-d-neuro-fast-observations.html" : "Fast Assessment",
      "StructureDefinition-tr-gi-airwaypatencyobservation.html" : "General Impression Airway Patency",
      "StructureDefinition-trauma-procedure.html" : "Base Trauma Procedure",
      "StructureDefinition-tr-aw-airway-adjuncts-procedure.html" : "Airway Adjuncts Procedures",
      "StructureDefinition-tr-aw-status-observation.html" : "Airway Status",
      "StructureDefinition-tr-aw-foreign-body-aw-observation.html" : "Foreign Body in Airway Observation",
      "StructureDefinition-tr-aw-breathing-sound-observation.html" : "Breathing Sounds Observation",
      "StructureDefinition-trauma-observation.html" : "Base Trauma IG Observation"
    },
    {
      "url" : "http://hl7.org/fhir/ValueSet/bundle-type",
      "version" : "4.0.1",
      "status" : "active",
      "name" : "BundleType",
      "title" : "BundleType",
      "description" : "Indicates the purpose of a bundle - how it is intended to be used.",
      "systems" : ["http://hl7.org/fhir/bundle-type"],
      "oids" : ["2.16.840.1.113883.4.642.3.620"],
      "sources" : ["2.16.840.1.113883.4.642.3.620"],
      "uses" : {
      },
      "StructureDefinition-tr-bundle.html" : "Document Bundle"
    },
    {
      "url" : "http://hl7.org/fhir/ValueSet/composition-attestation-mode",
      "version" : "4.0.1",
      "status" : "draft",
      "name" : "CompositionAttestationMode",
      "title" : "CompositionAttestationMode",
      "description" : "The way in which a person authenticated a composition.",
      "systems" : ["http://hl7.org/fhir/composition-attestation-mode"],
      "oids" : ["2.16.840.1.113883.4.642.3.238"],
      "sources" : ["2.16.840.1.113883.4.642.3.238"],
      "uses" : {
      },
      "StructureDefinition-tr-composition.html" : "TR Composition"
    },
    {
      "url" : "http://hl7.org/fhir/ValueSet/composition-status",
      "version" : "4.0.1",
      "status" : "draft",
      "name" : "CompositionStatus",
      "title" : "CompositionStatus",
      "description" : "The workflow/clinical status of the composition.",
      "systems" : ["http://hl7.org/fhir/composition-status"],
      "oids" : ["2.16.840.1.113883.4.642.3.241"],
      "sources" : ["2.16.840.1.113883.4.642.3.241"],
      "uses" : {
      },
      "StructureDefinition-tr-composition.html" : "TR Composition"
    },
    {
      "url" : "http://hl7.org/fhir/ValueSet/condition-code",
      "version" : "4.0.1",
      "status" : "draft",
      "name" : "Condition/Problem/DiagnosisCodes",
      "title" : "Condition/Problem/Diagnosis Codes",
      "description" : "Example value set for Condition/Problem/Diagnosis codes.",
      "systems" : ["http://snomed.info/sct"],
      "oids" : ["2.16.840.1.113883.4.642.3.161"],
      "sources" : ["2.16.840.1.113883.4.642.3.161"],
      "uses" : {
      },
      "StructureDefinition-tr-aw-opening-maneuver-procedure.html" : "Airway Opening Maneuvers",
      "StructureDefinition-trauma-procedure.html" : "Base Trauma Procedure",
      "StructureDefinition-tr-aw-airway-adjuncts-procedure.html" : "Airway Adjuncts Procedures",
      "StructureDefinition-tr-aw-cervical-spine-intervention-procedure.html" : "Cervical Spine Intervention",
      "StructureDefinition-tr-gi-decision-making-procedure.html" : "Decision Making after General Impresission",
      "StructureDefinition-tr-aw-airway-clearance-procedure.html" : "Airway Clearance",
      "StructureDefinition-tr-gi-circulatory-impression-procedure.html" : "Procedures to obtain a circulatory impression"
    },
    {
      "url" : "http://hl7.org/fhir/ValueSet/contact-point-system",
      "version" : "4.0.1",
      "status" : "active",
      "name" : "ContactPointSystem",
      "title" : "ContactPointSystem",
      "description" : "Telecommunications form for contact point.",
      "systems" : ["http://hl7.org/fhir/contact-point-system"],
      "oids" : ["2.16.840.1.113883.4.642.3.71"],
      "sources" : ["2.16.840.1.113883.4.642.3.71"],
      "uses" : {
      },
      "StructureDefinition-trauma-patient.html" : "Base Trauma Patient"
    },
    {
      "url" : "http://hl7.org/fhir/ValueSet/contact-point-use",
      "version" : "4.0.1",
      "status" : "active",
      "name" : "ContactPointUse",
      "title" : "ContactPointUse",
      "description" : "Use of contact point.",
      "systems" : ["http://hl7.org/fhir/contact-point-use"],
      "oids" : ["2.16.840.1.113883.4.642.3.73"],
      "sources" : ["2.16.840.1.113883.4.642.3.73"],
      "uses" : {
      },
      "StructureDefinition-trauma-patient.html" : "Base Trauma Patient"
    },
    {
      "url" : "http://hl7.org/fhir/ValueSet/data-absent-reason",
      "version" : "4.0.1",
      "status" : "active",
      "name" : "DataAbsentReason",
      "title" : "DataAbsentReason",
      "description" : "Used to specify why the normally expected content of the data element is missing.",
      "systems" : ["http://terminology.hl7.org/CodeSystem/data-absent-reason"],
      "oids" : ["2.16.840.1.113883.4.642.3.5"],
      "sources" : ["2.16.840.1.113883.4.642.3.5"],
      "uses" : {
      },
      "StructureDefinition-tr-aw-cervical-spine-assessment-observation.html" : "Cervical Spine Assessment Observation",
      "StructureDefinition-tr-br-rise-observation.html" : "Respiratory chest wall movement",
      "StructureDefinition-tr-aw-structual-change-in-aw-observation.html" : "Structural Changes in Airway Observation",
      "StructureDefinition-tr-gi-decision-making-observation.html" : "Decision Making Observation",
      "StructureDefinition-tr-gi-circulatory-impression-observation.html" : "General Impression Circulatory Observation",
      "StructureDefinition-tr-gi-mental-status-impression-observation.html" : "Observation of General Impression of Mental State of Patient",
      "StructureDefinition-tr-aw-fluids-in-aw-observation.html" : "Fluids in Airway Observation",
      "StructureDefinition-tr-c-skin-assessment-observation.html" : "Skin assessment",
      "StructureDefinition-tr-aw-soft-tissue-collaps-observation.html" : "Soft Tissue Collapse in Airway Observation",
      "StructureDefinition-tr-d-neuro-fast-observations.html" : "Fast Assessment",
      "StructureDefinition-tr-gi-airwaypatencyobservation.html" : "General Impression Airway Patency",
      "StructureDefinition-tr-aw-status-observation.html" : "Airway Status",
      "StructureDefinition-tr-aw-foreign-body-aw-observation.html" : "Foreign Body in Airway Observation",
      "StructureDefinition-tr-aw-breathing-sound-observation.html" : "Breathing Sounds Observation",
      "StructureDefinition-trauma-observation.html" : "Base Trauma IG Observation"
    },
    {
      "url" : "http://hl7.org/fhir/ValueSet/device-action",
      "version" : "4.0.1",
      "status" : "draft",
      "name" : "ProcedureDeviceActionCodes",
      "title" : "Procedure Device Action Codes",
      "description" : "Example codes indicating the change that happened to the device during the procedure.  Note that these are in no way complete and might not even be appropriate for some uses.",
      "systems" : ["http://snomed.info/sct"],
      "oids" : ["2.16.840.1.113883.4.642.3.425"],
      "sources" : ["2.16.840.1.113883.4.642.3.425"],
      "uses" : {
      },
      "StructureDefinition-tr-aw-opening-maneuver-procedure.html" : "Airway Opening Maneuvers",
      "StructureDefinition-trauma-procedure.html" : "Base Trauma Procedure",
      "StructureDefinition-tr-aw-airway-adjuncts-procedure.html" : "Airway Adjuncts Procedures",
      "StructureDefinition-tr-aw-cervical-spine-intervention-procedure.html" : "Cervical Spine Intervention",
      "StructureDefinition-tr-gi-decision-making-procedure.html" : "Decision Making after General Impresission",
      "StructureDefinition-tr-aw-airway-clearance-procedure.html" : "Airway Clearance",
      "StructureDefinition-tr-gi-circulatory-impression-procedure.html" : "Procedures to obtain a circulatory impression"
    },
    {
      "url" : "http://hl7.org/fhir/ValueSet/device-kind",
      "version" : "4.0.1",
      "status" : "draft",
      "name" : "FHIRDeviceTypes",
      "title" : "FHIR Device Types",
      "description" : "Codes used to identify medical devices. Includes concepts from SNOMED CT (http://www.snomed.org/) where concept is-a 49062001 (Device)  and is provided as a suggestive example.",
      "systems" : ["http://snomed.info/sct"],
      "oids" : ["2.16.840.1.113883.4.642.3.208"],
      "sources" : ["2.16.840.1.113883.4.642.3.208"],
      "uses" : {
      },
      "StructureDefinition-tr-aw-opening-maneuver-procedure.html" : "Airway Opening Maneuvers",
      "StructureDefinition-trauma-procedure.html" : "Base Trauma Procedure",
      "StructureDefinition-tr-aw-airway-adjuncts-procedure.html" : "Airway Adjuncts Procedures",
      "StructureDefinition-tr-aw-cervical-spine-intervention-procedure.html" : "Cervical Spine Intervention",
      "StructureDefinition-tr-gi-decision-making-procedure.html" : "Decision Making after General Impresission",
      "StructureDefinition-tr-aw-airway-clearance-procedure.html" : "Airway Clearance",
      "StructureDefinition-tr-gi-circulatory-impression-procedure.html" : "Procedures to obtain a circulatory impression"
    },
    {
      "url" : "http://hl7.org/fhir/ValueSet/diagnosis-role",
      "version" : "4.0.1",
      "status" : "draft",
      "name" : "DiagnosisRole",
      "title" : "DiagnosisRole",
      "description" : "This value set defines a set of codes that can be used to express the role of a diagnosis on the Encounter or EpisodeOfCare record.",
      "systems" : ["http://terminology.hl7.org/CodeSystem/diagnosis-role"],
      "oids" : ["2.16.840.1.113883.4.642.3.49"],
      "sources" : ["2.16.840.1.113883.4.642.3.49"],
      "uses" : {
      },
      "StructureDefinition-trauma-encounter.html" : "Base Trauma Encounter"
    },
    {
      "url" : "http://hl7.org/fhir/ValueSet/doc-section-codes",
      "version" : "4.0.1",
      "status" : "draft",
      "name" : "DocumentSectionCodes",
      "title" : "Document Section Codes",
      "description" : "Document section codes (LOINC codes used in CCDA sections).",
      "systems" : ["http://loinc.org"],
      "oids" : ["2.16.840.1.113883.4.642.3.237"],
      "sources" : ["2.16.840.1.113883.4.642.3.237"],
      "uses" : {
      },
      "StructureDefinition-tr-composition.html" : "TR Composition"
    },
    {
      "url" : "http://hl7.org/fhir/ValueSet/doc-typecodes",
      "version" : "4.0.1",
      "status" : "draft",
      "name" : "FHIRDocumentTypeCodes",
      "title" : "FHIR Document Type Codes",
      "description" : "FHIR Document Codes - all LOINC codes where scale type = 'DOC'.",
      "systems" : ["http://loinc.org"],
      "oids" : ["2.16.840.1.113883.4.642.3.240"],
      "sources" : ["2.16.840.1.113883.4.642.3.240"],
      "uses" : {
      },
      "StructureDefinition-tr-composition.html" : "TR Composition"
    },
    {
      "url" : "http://hl7.org/fhir/ValueSet/document-classcodes",
      "version" : "4.0.1",
      "status" : "active",
      "name" : "DocumentClassValueSet",
      "title" : "Document Class Value Set",
      "description" : "This is the code specifying the high-level kind of document (e.g. Prescription, Discharge Summary, Report, etc.). Note: Class code for documents comes from LOINC, and is based upon one of the following:The type of service described by the document. It is described at a very high level in Section 7.3 of the LOINC Manual. The type study performed. It was determined by identifying modalities for study reports. The section of the chart where the document is placed. It was determined from the SETs created for Claims Attachment requests.",
      "systems" : ["http://loinc.org"],
      "oids" : ["2.16.840.1.113883.3.88.12.80.46"],
      "sources" : ["2.16.840.1.113883.3.88.12.80.46"],
      "uses" : {
      },
      "StructureDefinition-tr-composition.html" : "TR Composition"
    },
    {
      "url" : "http://hl7.org/fhir/ValueSet/document-relationship-type",
      "version" : "4.0.1",
      "status" : "draft",
      "name" : "DocumentRelationshipType",
      "title" : "DocumentRelationshipType",
      "description" : "The type of relationship between documents.",
      "systems" : ["http://hl7.org/fhir/document-relationship-type"],
      "oids" : ["2.16.840.1.113883.4.642.3.244"],
      "sources" : ["2.16.840.1.113883.4.642.3.244"],
      "uses" : {
      },
      "StructureDefinition-tr-composition.html" : "TR Composition"
    },
    {
      "url" : "http://hl7.org/fhir/ValueSet/encounter-admit-source",
      "version" : "4.0.1",
      "status" : "draft",
      "name" : "AdmitSource",
      "title" : "Admit source",
      "description" : "This value set defines a set of codes that can be used to indicate from where the patient came in.",
      "systems" : ["http://terminology.hl7.org/CodeSystem/admit-source"],
      "oids" : ["2.16.840.1.113883.4.642.3.257"],
      "sources" : ["2.16.840.1.113883.4.642.3.257"],
      "uses" : {
      },
      "StructureDefinition-trauma-encounter.html" : "Base Trauma Encounter"
    },
    {
      "url" : "http://hl7.org/fhir/ValueSet/encounter-diet",
      "version" : "4.0.1",
      "status" : "draft",
      "name" : "Diet",
      "title" : "Diet",
      "description" : "This value set defines a set of codes that can be used to indicate dietary preferences or restrictions a patient may have.",
      "systems" : ["http://terminology.hl7.org/CodeSystem/diet"],
      "oids" : ["2.16.840.1.113883.4.642.3.255"],
      "sources" : ["2.16.840.1.113883.4.642.3.255"],
      "uses" : {
      },
      "StructureDefinition-trauma-encounter.html" : "Base Trauma Encounter"
    },
    {
      "url" : "http://hl7.org/fhir/ValueSet/encounter-discharge-disposition",
      "version" : "4.0.1",
      "status" : "draft",
      "name" : "DischargeDisposition",
      "title" : "Discharge disposition",
      "description" : "This value set defines a set of codes that can be used to where the patient left the hospital.",
      "systems" : [
        "http://terminology.hl7.org/CodeSystem/discharge-disposition"
      ],
      "oids" : ["2.16.840.1.113883.4.642.3.259"],
      "sources" : ["2.16.840.1.113883.4.642.3.259"],
      "uses" : {
      },
      "StructureDefinition-trauma-encounter.html" : "Base Trauma Encounter"
    },
    {
      "url" : "http://hl7.org/fhir/ValueSet/encounter-location-status",
      "version" : "4.0.1",
      "status" : "draft",
      "name" : "EncounterLocationStatus",
      "title" : "EncounterLocationStatus",
      "description" : "The status of the location.",
      "systems" : ["http://hl7.org/fhir/encounter-location-status"],
      "oids" : ["2.16.840.1.113883.4.642.3.262"],
      "sources" : ["2.16.840.1.113883.4.642.3.262"],
      "uses" : {
      },
      "StructureDefinition-trauma-encounter.html" : "Base Trauma Encounter"
    },
    {
      "url" : "http://hl7.org/fhir/ValueSet/encounter-participant-type",
      "version" : "4.0.1",
      "status" : "draft",
      "name" : "ParticipantType",
      "title" : "Participant type",
      "description" : "This value set defines a set of codes that can be used to indicate how an individual participates in an encounter.",
      "systems" : [
        "http://terminology.hl7.org/CodeSystem/participant-type",
        "http://terminology.hl7.org/CodeSystem/v3-ParticipationType"
      ],
      "oids" : ["2.16.840.1.113883.4.642.3.250"],
      "sources" : ["2.16.840.1.113883.4.642.3.250"],
      "uses" : {
      },
      "StructureDefinition-trauma-encounter.html" : "Base Trauma Encounter"
    },
    {
      "url" : "http://hl7.org/fhir/ValueSet/encounter-reason",
      "version" : "4.0.1",
      "status" : "draft",
      "name" : "EncounterReasonCodes",
      "title" : "Encounter Reason Codes",
      "description" : "This examples value set defines the set of codes that can be used to indicate reasons for an encounter.",
      "systems" : ["http://snomed.info/sct"],
      "oids" : ["2.16.840.1.113883.4.642.3.261"],
      "sources" : ["2.16.840.1.113883.4.642.3.261"],
      "uses" : {
      },
      "StructureDefinition-trauma-encounter.html" : "Base Trauma Encounter"
    },
    {
      "url" : "http://hl7.org/fhir/ValueSet/encounter-special-arrangements",
      "version" : "4.0.1",
      "status" : "draft",
      "name" : "SpecialArrangements",
      "title" : "Special arrangements",
      "description" : "This value set defines a set of codes that can be used to indicate the kinds of special arrangements in place for a patients visit.",
      "systems" : [
        "http://terminology.hl7.org/CodeSystem/encounter-special-arrangements"
      ],
      "oids" : ["2.16.840.1.113883.4.642.3.253"],
      "sources" : ["2.16.840.1.113883.4.642.3.253"],
      "uses" : {
      },
      "StructureDefinition-trauma-encounter.html" : "Base Trauma Encounter"
    },
    {
      "url" : "http://hl7.org/fhir/ValueSet/encounter-special-courtesy",
      "version" : "4.0.1",
      "status" : "draft",
      "name" : "SpecialCourtesy",
      "title" : "Special courtesy",
      "description" : "This value set defines a set of codes that can be used to indicate special courtesies provided to the patient.",
      "systems" : [
        "http://terminology.hl7.org/CodeSystem/v3-EncounterSpecialCourtesy",
        "http://terminology.hl7.org/CodeSystem/v3-NullFlavor"
      ],
      "oids" : ["2.16.840.1.113883.4.642.3.252"],
      "sources" : ["2.16.840.1.113883.4.642.3.252"],
      "uses" : {
      },
      "StructureDefinition-trauma-encounter.html" : "Base Trauma Encounter"
    },
    {
      "url" : "http://hl7.org/fhir/ValueSet/encounter-status",
      "version" : "4.0.1",
      "status" : "draft",
      "name" : "EncounterStatus",
      "title" : "EncounterStatus",
      "description" : "Current state of the encounter.",
      "systems" : ["http://hl7.org/fhir/encounter-status"],
      "oids" : ["2.16.840.1.113883.4.642.3.246"],
      "sources" : ["2.16.840.1.113883.4.642.3.246"],
      "uses" : {
      },
      "StructureDefinition-trauma-encounter.html" : "Base Trauma Encounter"
    },
    {
      "url" : "http://hl7.org/fhir/ValueSet/encounter-type",
      "version" : "4.0.1",
      "status" : "draft",
      "name" : "EncounterType",
      "title" : "Encounter type",
      "description" : "This example value set defines a set of codes that can be used to indicate the type of encounter: a specific code indicating type of service provided.",
      "systems" : ["http://terminology.hl7.org/CodeSystem/encounter-type"],
      "oids" : ["2.16.840.1.113883.4.642.3.248"],
      "sources" : ["2.16.840.1.113883.4.642.3.248"],
      "uses" : {
      },
      "StructureDefinition-trauma-encounter.html" : "Base Trauma Encounter"
    },
    {
      "url" : "http://hl7.org/fhir/ValueSet/event-status",
      "version" : "4.0.1",
      "status" : "draft",
      "name" : "EventStatus",
      "title" : "EventStatus",
      "description" : "Codes identifying the lifecycle stage of an event.",
      "systems" : ["http://hl7.org/fhir/event-status"],
      "oids" : ["2.16.840.1.113883.4.642.3.109"],
      "sources" : ["2.16.840.1.113883.4.642.3.109"],
      "uses" : {
      },
      "StructureDefinition-tr-aw-opening-maneuver-procedure.html" : "Airway Opening Maneuvers",
      "StructureDefinition-trauma-procedure.html" : "Base Trauma Procedure",
      "StructureDefinition-tr-aw-airway-adjuncts-procedure.html" : "Airway Adjuncts Procedures",
      "StructureDefinition-tr-aw-cervical-spine-intervention-procedure.html" : "Cervical Spine Intervention",
      "StructureDefinition-tr-gi-decision-making-procedure.html" : "Decision Making after General Impresission",
      "StructureDefinition-tr-aw-airway-clearance-procedure.html" : "Airway Clearance",
      "StructureDefinition-tr-gi-circulatory-impression-procedure.html" : "Procedures to obtain a circulatory impression"
    },
    {
      "url" : "http://hl7.org/fhir/ValueSet/http-verb",
      "version" : "4.0.1",
      "status" : "active",
      "name" : "HTTPVerb",
      "title" : "HTTPVerb",
      "description" : "HTTP verbs (in the HTTP command line). See [HTTP rfc](https://tools.ietf.org/html/rfc7231) for details.",
      "systems" : ["http://hl7.org/fhir/http-verb"],
      "oids" : ["2.16.840.1.113883.4.642.3.624"],
      "sources" : ["2.16.840.1.113883.4.642.3.624"],
      "uses" : {
      },
      "StructureDefinition-tr-bundle.html" : "Document Bundle"
    },
    {
      "url" : "http://hl7.org/fhir/ValueSet/identifier-type",
      "version" : "4.0.1",
      "status" : "active",
      "name" : "Identifier Type Codes",
      "title" : "IdentifierType",
      "description" : "A coded type for an identifier that can be used to determine which identifier to use for a specific purpose.",
      "systems" : ["http://terminology.hl7.org/CodeSystem/v2-0203"],
      "oids" : ["2.16.840.1.113883.4.642.3.45"],
      "sources" : ["2.16.840.1.113883.4.642.3.45"],
      "uses" : {
      },
      "StructureDefinition-tr-composition.html" : "TR Composition"
    },
    {
      "url" : "http://hl7.org/fhir/ValueSet/identifier-use",
      "version" : "4.0.1",
      "status" : "active",
      "name" : "IdentifierUse",
      "title" : "IdentifierUse",
      "description" : "Identifies the purpose for this identifier, if known .",
      "systems" : ["http://hl7.org/fhir/identifier-use"],
      "oids" : ["2.16.840.1.113883.4.642.3.57"],
      "sources" : ["2.16.840.1.113883.4.642.3.57"],
      "uses" : {
      },
      "StructureDefinition-tr-composition.html" : "TR Composition",
      "StructureDefinition-trauma-patient.html" : "Base Trauma Patient"
    },
    {
      "url" : "http://hl7.org/fhir/ValueSet/languages",
      "version" : "4.0.1",
      "status" : "draft",
      "name" : "CommonLanguages",
      "title" : "Common Languages",
      "description" : "This value set includes common codes from BCP-47 (http://tools.ietf.org/html/bcp47)",
      "systems" : ["urn:ietf:bcp:47"],
      "oids" : ["2.16.840.1.113883.4.642.3.20"],
      "sources" : ["2.16.840.1.113883.4.642.3.20"],
      "uses" : {
      },
      "StructureDefinition-tr-bundle.html" : "Document Bundle",
      "StructureDefinition-tr-aw-cervical-spine-assessment-observation.html" : "Cervical Spine Assessment Observation",
      "StructureDefinition-tr-aw-structual-change-in-aw-observation.html" : "Structural Changes in Airway Observation",
      "StructureDefinition-tr-gi-mental-status-impression-observation.html" : "Observation of General Impression of Mental State of Patient",
      "StructureDefinition-tr-aw-airway-clearance-procedure.html" : "Airway Clearance",
      "StructureDefinition-tr-aw-fluids-in-aw-observation.html" : "Fluids in Airway Observation",
      "StructureDefinition-tr-composition.html" : "TR Composition",
      "StructureDefinition-trauma-procedure.html" : "Base Trauma Procedure",
      "StructureDefinition-tr-aw-airway-adjuncts-procedure.html" : "Airway Adjuncts Procedures",
      "StructureDefinition-tr-aw-foreign-body-aw-observation.html" : "Foreign Body in Airway Observation",
      "StructureDefinition-trauma-patient.html" : "Base Trauma Patient",
      "StructureDefinition-tr-aw-breathing-sound-observation.html" : "Breathing Sounds Observation",
      "StructureDefinition-trauma-observation.html" : "Base Trauma IG Observation",
      "StructureDefinition-tr-aw-opening-maneuver-procedure.html" : "Airway Opening Maneuvers",
      "StructureDefinition-tr-br-rise-observation.html" : "Respiratory chest wall movement",
      "StructureDefinition-tr-aw-cervical-spine-intervention-procedure.html" : "Cervical Spine Intervention",
      "StructureDefinition-tr-gi-decision-making-observation.html" : "Decision Making Observation",
      "StructureDefinition-tr-gi-circulatory-impression-observation.html" : "General Impression Circulatory Observation",
      "StructureDefinition-tr-gi-decision-making-procedure.html" : "Decision Making after General Impresission",
      "StructureDefinition-tr-gi-circulatory-impression-procedure.html" : "Procedures to obtain a circulatory impression",
      "StructureDefinition-tr-c-skin-assessment-observation.html" : "Skin assessment",
      "StructureDefinition-trauma-encounter.html" : "Base Trauma Encounter",
      "StructureDefinition-tr-aw-soft-tissue-collaps-observation.html" : "Soft Tissue Collapse in Airway Observation",
      "StructureDefinition-tr-d-neuro-fast-observations.html" : "Fast Assessment",
      "StructureDefinition-tr-gi-airwaypatencyobservation.html" : "General Impression Airway Patency",
      "StructureDefinition-tr-aw-status-observation.html" : "Airway Status"
    },
    {
      "url" : "http://hl7.org/fhir/ValueSet/link-type",
      "version" : "4.0.1",
      "status" : "active",
      "name" : "LinkType",
      "title" : "LinkType",
      "description" : "The type of link between this patient resource and another patient resource.",
      "systems" : ["http://hl7.org/fhir/link-type"],
      "oids" : ["2.16.840.1.113883.4.642.3.423"],
      "sources" : ["2.16.840.1.113883.4.642.3.423"],
      "uses" : {
      },
      "StructureDefinition-trauma-patient.html" : "Base Trauma Patient"
    },
    {
      "url" : "http://hl7.org/fhir/ValueSet/list-empty-reason",
      "version" : "4.0.1",
      "status" : "draft",
      "name" : "ListEmptyReasons",
      "title" : "List Empty Reasons",
      "description" : "General reasons for a list to be empty. Reasons are either related to a summary list (i.e. problem or medication list) or to a workflow related list (i.e. consultation list).",
      "systems" : ["http://terminology.hl7.org/CodeSystem/list-empty-reason"],
      "oids" : ["2.16.840.1.113883.4.642.3.322"],
      "sources" : ["2.16.840.1.113883.4.642.3.322"],
      "uses" : {
      },
      "StructureDefinition-tr-composition.html" : "TR Composition"
    },
    {
      "url" : "http://hl7.org/fhir/ValueSet/list-mode",
      "version" : "4.0.1",
      "status" : "draft",
      "name" : "ListMode",
      "title" : "ListMode",
      "description" : "The processing mode that applies to this list.",
      "systems" : ["http://hl7.org/fhir/list-mode"],
      "oids" : ["2.16.840.1.113883.4.642.3.318"],
      "sources" : ["2.16.840.1.113883.4.642.3.318"],
      "uses" : {
      },
      "StructureDefinition-tr-composition.html" : "TR Composition"
    },
    {
      "url" : "http://hl7.org/fhir/ValueSet/list-order",
      "version" : "4.0.1",
      "status" : "draft",
      "name" : "ListOrderCodes",
      "title" : "List Order Codes",
      "description" : "Base values for the order of the items in a list resource.",
      "systems" : ["http://terminology.hl7.org/CodeSystem/list-order"],
      "oids" : ["2.16.840.1.113883.4.642.3.324"],
      "sources" : ["2.16.840.1.113883.4.642.3.324"],
      "uses" : {
      },
      "StructureDefinition-tr-composition.html" : "TR Composition"
    },
    {
      "url" : "http://hl7.org/fhir/ValueSet/location-physical-type",
      "version" : "4.0.1",
      "status" : "draft",
      "name" : "LocationType",
      "title" : "Location type",
      "description" : "This example value set defines a set of codes that can be used to indicate the physical form of the Location.",
      "systems" : [
        "http://terminology.hl7.org/CodeSystem/location-physical-type"
      ],
      "oids" : ["2.16.840.1.113883.4.642.3.328"],
      "sources" : ["2.16.840.1.113883.4.642.3.328"],
      "uses" : {
      },
      "StructureDefinition-trauma-encounter.html" : "Base Trauma Encounter"
    },
    {
      "url" : "http://hl7.org/fhir/ValueSet/marital-status",
      "version" : "4.0.1",
      "status" : "active",
      "name" : "Marital Status Codes",
      "title" : "MaritalStatus",
      "description" : "This value set defines the set of codes that can be used to indicate the marital status of a person.",
      "systems" : [
        "http://terminology.hl7.org/CodeSystem/v3-MaritalStatus",
        "http://terminology.hl7.org/CodeSystem/v3-NullFlavor"
      ],
      "oids" : ["2.16.840.1.113883.4.642.3.29"],
      "sources" : ["2.16.840.1.113883.4.642.3.29"],
      "uses" : {
      },
      "StructureDefinition-trauma-patient.html" : "Base Trauma Patient"
    },
    {
      "url" : "http://hl7.org/fhir/ValueSet/name-use",
      "version" : "4.0.1",
      "status" : "active",
      "name" : "NameUse",
      "title" : "NameUse",
      "description" : "The use of a human name.",
      "systems" : ["http://hl7.org/fhir/name-use"],
      "oids" : ["2.16.840.1.113883.4.642.3.65"],
      "sources" : ["2.16.840.1.113883.4.642.3.65"],
      "uses" : {
      },
      "StructureDefinition-trauma-patient.html" : "Base Trauma Patient"
    },
    {
      "url" : "http://hl7.org/fhir/ValueSet/observation-category",
      "version" : "4.0.1",
      "status" : "draft",
      "name" : "ObservationCategoryCodes",
      "title" : "Observation Category Codes",
      "description" : "Observation Category codes.",
      "systems" : ["http://terminology.hl7.org/CodeSystem/observation-category"],
      "oids" : ["2.16.840.1.113883.4.642.3.403"],
      "sources" : ["2.16.840.1.113883.4.642.3.403"],
      "uses" : {
      },
      "StructureDefinition-tr-aw-cervical-spine-assessment-observation.html" : "Cervical Spine Assessment Observation",
      "StructureDefinition-tr-br-rise-observation.html" : "Respiratory chest wall movement",
      "StructureDefinition-tr-aw-structual-change-in-aw-observation.html" : "Structural Changes in Airway Observation",
      "StructureDefinition-tr-gi-decision-making-observation.html" : "Decision Making Observation",
      "StructureDefinition-tr-gi-circulatory-impression-observation.html" : "General Impression Circulatory Observation",
      "StructureDefinition-tr-gi-mental-status-impression-observation.html" : "Observation of General Impression of Mental State of Patient",
      "StructureDefinition-tr-aw-fluids-in-aw-observation.html" : "Fluids in Airway Observation",
      "StructureDefinition-tr-c-skin-assessment-observation.html" : "Skin assessment",
      "StructureDefinition-tr-aw-soft-tissue-collaps-observation.html" : "Soft Tissue Collapse in Airway Observation",
      "StructureDefinition-tr-d-neuro-fast-observations.html" : "Fast Assessment",
      "StructureDefinition-tr-gi-airwaypatencyobservation.html" : "General Impression Airway Patency",
      "StructureDefinition-tr-aw-status-observation.html" : "Airway Status",
      "StructureDefinition-tr-aw-foreign-body-aw-observation.html" : "Foreign Body in Airway Observation",
      "StructureDefinition-tr-aw-breathing-sound-observation.html" : "Breathing Sounds Observation",
      "StructureDefinition-trauma-observation.html" : "Base Trauma IG Observation"
    },
    {
      "url" : "http://hl7.org/fhir/ValueSet/observation-codes",
      "version" : "4.0.1",
      "status" : "draft",
      "name" : "LOINCCodes",
      "title" : "LOINC Codes",
      "description" : "This value set includes all LOINC codes",
      "systems" : ["http://loinc.org"],
      "oids" : ["2.16.840.1.113883.4.642.3.396"],
      "sources" : ["2.16.840.1.113883.4.642.3.396"],
      "uses" : {
      },
      "StructureDefinition-tr-aw-cervical-spine-assessment-observation.html" : "Cervical Spine Assessment Observation",
      "StructureDefinition-tr-br-rise-observation.html" : "Respiratory chest wall movement",
      "StructureDefinition-tr-aw-structual-change-in-aw-observation.html" : "Structural Changes in Airway Observation",
      "StructureDefinition-tr-gi-decision-making-observation.html" : "Decision Making Observation",
      "StructureDefinition-tr-gi-circulatory-impression-observation.html" : "General Impression Circulatory Observation",
      "StructureDefinition-tr-gi-mental-status-impression-observation.html" : "Observation of General Impression of Mental State of Patient",
      "StructureDefinition-tr-aw-fluids-in-aw-observation.html" : "Fluids in Airway Observation",
      "StructureDefinition-tr-c-skin-assessment-observation.html" : "Skin assessment",
      "StructureDefinition-tr-aw-soft-tissue-collaps-observation.html" : "Soft Tissue Collapse in Airway Observation",
      "StructureDefinition-tr-d-neuro-fast-observations.html" : "Fast Assessment",
      "StructureDefinition-tr-gi-airwaypatencyobservation.html" : "General Impression Airway Patency",
      "StructureDefinition-tr-aw-status-observation.html" : "Airway Status",
      "StructureDefinition-tr-aw-foreign-body-aw-observation.html" : "Foreign Body in Airway Observation",
      "StructureDefinition-tr-aw-breathing-sound-observation.html" : "Breathing Sounds Observation",
      "StructureDefinition-trauma-observation.html" : "Base Trauma IG Observation"
    },
    {
      "url" : "http://hl7.org/fhir/ValueSet/observation-interpretation",
      "version" : "4.0.1",
      "status" : "active",
      "name" : "ObservationInterpretationCodes",
      "title" : "Observation Interpretation Codes",
      "description" : "A categorical assessment, providing a rough qualitative interpretation of the observation value,    such as “normal”/ “abnormal”,”low” / “high”, “better” / “worse”, “susceptible” / “resistant”, “expected”/ “not expected”.    The value set is intended to be for ANY use where coded representation of an interpretation is needed.   \r\n   \r\n   Notes:\r\n   \r\n   This is being communicated in v2.x in OBX-8 (Observation Interpretation), in v3 in ObservationInterpretation (CWE) in R1 (Representative Realm) and in FHIR in    Observation.interpretation. Historically these values come from the laboratory domain, and these codes are extensively    used. The value set binding is extensible, so codes outside the value set that are needed for interpretation concepts    (i.e. particular meanings) that are not included in the value set can be used, and these new codes may also be added to    the value set and published in a future version.",
      "systems" : [
        "http://terminology.hl7.org/CodeSystem/v3-ObservationInterpretation"
      ],
      "oids" : ["2.16.840.1.113883.4.642.3.399"],
      "sources" : ["2.16.840.1.113883.4.642.3.399"],
      "uses" : {
      },
      "StructureDefinition-tr-aw-cervical-spine-assessment-observation.html" : "Cervical Spine Assessment Observation",
      "StructureDefinition-tr-br-rise-observation.html" : "Respiratory chest wall movement",
      "StructureDefinition-tr-aw-structual-change-in-aw-observation.html" : "Structural Changes in Airway Observation",
      "StructureDefinition-tr-gi-decision-making-observation.html" : "Decision Making Observation",
      "StructureDefinition-tr-gi-circulatory-impression-observation.html" : "General Impression Circulatory Observation",
      "StructureDefinition-tr-gi-mental-status-impression-observation.html" : "Observation of General Impression of Mental State of Patient",
      "StructureDefinition-tr-aw-fluids-in-aw-observation.html" : "Fluids in Airway Observation",
      "StructureDefinition-tr-c-skin-assessment-observation.html" : "Skin assessment",
      "StructureDefinition-tr-aw-soft-tissue-collaps-observation.html" : "Soft Tissue Collapse in Airway Observation",
      "StructureDefinition-tr-d-neuro-fast-observations.html" : "Fast Assessment",
      "StructureDefinition-tr-gi-airwaypatencyobservation.html" : "General Impression Airway Patency",
      "StructureDefinition-tr-aw-status-observation.html" : "Airway Status",
      "StructureDefinition-tr-aw-foreign-body-aw-observation.html" : "Foreign Body in Airway Observation",
      "StructureDefinition-tr-aw-breathing-sound-observation.html" : "Breathing Sounds Observation",
      "StructureDefinition-trauma-observation.html" : "Base Trauma IG Observation"
    },
    {
      "url" : "http://hl7.org/fhir/ValueSet/observation-methods",
      "version" : "4.0.1",
      "status" : "draft",
      "name" : "ObservationMethods",
      "title" : "Observation Methods",
      "description" : "Observation Method codes from [SNOMED CT](http://snomed.info/sct) where concept is-a 272394005 (Technique (qualifier value)) or is-a 129264002 (Action (qualifier value)) or is-a 386053000 (Evaluation procedure(procedure))",
      "systems" : ["http://snomed.info/sct"],
      "oids" : ["2.16.840.1.113883.4.642.3.395"],
      "sources" : ["2.16.840.1.113883.4.642.3.395"],
      "uses" : {
      },
      "StructureDefinition-tr-aw-cervical-spine-assessment-observation.html" : "Cervical Spine Assessment Observation",
      "StructureDefinition-tr-br-rise-observation.html" : "Respiratory chest wall movement",
      "StructureDefinition-tr-aw-structual-change-in-aw-observation.html" : "Structural Changes in Airway Observation",
      "StructureDefinition-tr-gi-decision-making-observation.html" : "Decision Making Observation",
      "StructureDefinition-tr-gi-circulatory-impression-observation.html" : "General Impression Circulatory Observation",
      "StructureDefinition-tr-gi-mental-status-impression-observation.html" : "Observation of General Impression of Mental State of Patient",
      "StructureDefinition-tr-aw-fluids-in-aw-observation.html" : "Fluids in Airway Observation",
      "StructureDefinition-tr-c-skin-assessment-observation.html" : "Skin assessment",
      "StructureDefinition-tr-aw-soft-tissue-collaps-observation.html" : "Soft Tissue Collapse in Airway Observation",
      "StructureDefinition-tr-d-neuro-fast-observations.html" : "Fast Assessment",
      "StructureDefinition-tr-gi-airwaypatencyobservation.html" : "General Impression Airway Patency",
      "StructureDefinition-tr-aw-status-observation.html" : "Airway Status",
      "StructureDefinition-tr-aw-foreign-body-aw-observation.html" : "Foreign Body in Airway Observation",
      "StructureDefinition-tr-aw-breathing-sound-observation.html" : "Breathing Sounds Observation",
      "StructureDefinition-trauma-observation.html" : "Base Trauma IG Observation"
    },
    {
      "url" : "http://hl7.org/fhir/ValueSet/observation-status",
      "version" : "4.0.1",
      "status" : "active",
      "name" : "ObservationStatus",
      "title" : "ObservationStatus",
      "description" : "Codes providing the status of an observation.",
      "systems" : ["http://hl7.org/fhir/observation-status"],
      "oids" : ["2.16.840.1.113883.4.642.3.400"],
      "sources" : ["2.16.840.1.113883.4.642.3.400"],
      "uses" : {
      },
      "StructureDefinition-tr-aw-cervical-spine-assessment-observation.html" : "Cervical Spine Assessment Observation",
      "StructureDefinition-tr-br-rise-observation.html" : "Respiratory chest wall movement",
      "StructureDefinition-tr-aw-structual-change-in-aw-observation.html" : "Structural Changes in Airway Observation",
      "StructureDefinition-tr-gi-decision-making-observation.html" : "Decision Making Observation",
      "StructureDefinition-tr-gi-circulatory-impression-observation.html" : "General Impression Circulatory Observation",
      "StructureDefinition-tr-gi-mental-status-impression-observation.html" : "Observation of General Impression of Mental State of Patient",
      "StructureDefinition-tr-aw-fluids-in-aw-observation.html" : "Fluids in Airway Observation",
      "StructureDefinition-tr-c-skin-assessment-observation.html" : "Skin assessment",
      "StructureDefinition-tr-aw-soft-tissue-collaps-observation.html" : "Soft Tissue Collapse in Airway Observation",
      "StructureDefinition-tr-d-neuro-fast-observations.html" : "Fast Assessment",
      "StructureDefinition-tr-gi-airwaypatencyobservation.html" : "General Impression Airway Patency",
      "StructureDefinition-tr-aw-status-observation.html" : "Airway Status",
      "StructureDefinition-tr-aw-foreign-body-aw-observation.html" : "Foreign Body in Airway Observation",
      "StructureDefinition-tr-aw-breathing-sound-observation.html" : "Breathing Sounds Observation",
      "StructureDefinition-trauma-observation.html" : "Base Trauma IG Observation"
    },
    {
      "url" : "http://hl7.org/fhir/ValueSet/patient-contactrelationship",
      "version" : "4.0.1",
      "status" : "active",
      "name" : "PatientContactRelationship",
      "title" : "Patient Contact Relationship ",
      "description" : "The nature of the relationship between the patient and the contact person.",
      "systems" : ["http://terminology.hl7.org/CodeSystem/v2-0131"],
      "oids" : ["2.16.840.1.113883.4.642.3.1130"],
      "sources" : ["2.16.840.1.113883.4.642.3.1130"],
      "uses" : {
      },
      "StructureDefinition-trauma-patient.html" : "Base Trauma Patient"
    },
    {
      "url" : "http://hl7.org/fhir/ValueSet/performer-role",
      "version" : "4.0.1",
      "status" : "draft",
      "name" : "ProcedurePerformerRoleCodes",
      "title" : "Procedure Performer Role Codes",
      "description" : "This example value set defines the set of codes that can be used to indicate a role of a procedure performer.",
      "systems" : ["http://snomed.info/sct"],
      "oids" : ["2.16.840.1.113883.4.642.3.433"],
      "sources" : ["2.16.840.1.113883.4.642.3.433"],
      "uses" : {
      },
      "StructureDefinition-tr-aw-opening-maneuver-procedure.html" : "Airway Opening Maneuvers",
      "StructureDefinition-trauma-procedure.html" : "Base Trauma Procedure",
      "StructureDefinition-tr-aw-airway-adjuncts-procedure.html" : "Airway Adjuncts Procedures",
      "StructureDefinition-tr-aw-cervical-spine-intervention-procedure.html" : "Cervical Spine Intervention",
      "StructureDefinition-tr-gi-decision-making-procedure.html" : "Decision Making after General Impresission",
      "StructureDefinition-tr-aw-airway-clearance-procedure.html" : "Airway Clearance",
      "StructureDefinition-tr-gi-circulatory-impression-procedure.html" : "Procedures to obtain a circulatory impression"
    },
    {
      "url" : "http://hl7.org/fhir/ValueSet/procedure-category",
      "version" : "4.0.1",
      "status" : "draft",
      "name" : "ProcedureCategoryCodes(SNOMEDCT)",
      "title" : "Procedure Category Codes (SNOMED CT)",
      "description" : "Procedure Category code: A selection of relevant SNOMED CT codes.",
      "systems" : ["http://snomed.info/sct"],
      "oids" : ["2.16.840.1.113883.4.642.3.430"],
      "sources" : ["2.16.840.1.113883.4.642.3.430"],
      "uses" : {
      },
      "StructureDefinition-tr-aw-opening-maneuver-procedure.html" : "Airway Opening Maneuvers",
      "StructureDefinition-trauma-procedure.html" : "Base Trauma Procedure",
      "StructureDefinition-tr-aw-airway-adjuncts-procedure.html" : "Airway Adjuncts Procedures",
      "StructureDefinition-tr-aw-cervical-spine-intervention-procedure.html" : "Cervical Spine Intervention",
      "StructureDefinition-tr-gi-decision-making-procedure.html" : "Decision Making after General Impresission",
      "StructureDefinition-tr-aw-airway-clearance-procedure.html" : "Airway Clearance",
      "StructureDefinition-tr-gi-circulatory-impression-procedure.html" : "Procedures to obtain a circulatory impression"
    },
    {
      "url" : "http://hl7.org/fhir/ValueSet/procedure-code",
      "version" : "4.0.1",
      "status" : "draft",
      "name" : "ProcedureCodes(SNOMEDCT)",
      "title" : "Procedure Codes (SNOMED CT)",
      "description" : "Procedure Code: All SNOMED CT procedure codes.",
      "systems" : ["http://snomed.info/sct"],
      "oids" : ["2.16.840.1.113883.4.642.3.427"],
      "sources" : ["2.16.840.1.113883.4.642.3.427"],
      "uses" : {
      },
      "StructureDefinition-trauma-procedure.html" : "Base Trauma Procedure"
    },
    {
      "url" : "http://hl7.org/fhir/ValueSet/procedure-followup",
      "version" : "4.0.1",
      "status" : "draft",
      "name" : "ProcedureFollowUpCodes(SNOMEDCT)",
      "title" : "Procedure Follow up Codes (SNOMED CT)",
      "description" : "Procedure follow up codes: A selection of SNOMED CT codes relevant to procedure follow up.",
      "systems" : ["http://snomed.info/sct"],
      "oids" : ["2.16.840.1.113883.4.642.3.429"],
      "sources" : ["2.16.840.1.113883.4.642.3.429"],
      "uses" : {
      },
      "StructureDefinition-tr-aw-opening-maneuver-procedure.html" : "Airway Opening Maneuvers",
      "StructureDefinition-trauma-procedure.html" : "Base Trauma Procedure",
      "StructureDefinition-tr-aw-airway-adjuncts-procedure.html" : "Airway Adjuncts Procedures",
      "StructureDefinition-tr-aw-cervical-spine-intervention-procedure.html" : "Cervical Spine Intervention",
      "StructureDefinition-tr-gi-decision-making-procedure.html" : "Decision Making after General Impresission",
      "StructureDefinition-tr-aw-airway-clearance-procedure.html" : "Airway Clearance",
      "StructureDefinition-tr-gi-circulatory-impression-procedure.html" : "Procedures to obtain a circulatory impression"
    },
    {
      "url" : "http://hl7.org/fhir/ValueSet/procedure-not-performed-reason",
      "version" : "4.0.1",
      "status" : "active",
      "name" : "ProcedureNotPerformedReason(SNOMED-CT)",
      "title" : "Procedure Not Performed Reason (SNOMED-CT)",
      "description" : "Situation codes describing the reason that a procedure, which might otherwise be expected, was not performed, or a procedure that was started and was not completed. Consists of SNOMED CT codes, children of procedure contraindicated (183932001), procedure discontinued (416406003), procedure not done (416237000), procedure not indicated (428119001), procedure not offered (416064006), procedure not wanted (416432009), procedure refused (183944003), and procedure stopped (394908001).",
      "systems" : ["http://snomed.info/sct"],
      "oids" : ["2.16.840.1.113883.4.642.3.431"],
      "sources" : ["2.16.840.1.113883.4.642.3.431"],
      "uses" : {
      },
      "StructureDefinition-tr-aw-opening-maneuver-procedure.html" : "Airway Opening Maneuvers",
      "StructureDefinition-trauma-procedure.html" : "Base Trauma Procedure",
      "StructureDefinition-tr-aw-airway-adjuncts-procedure.html" : "Airway Adjuncts Procedures",
      "StructureDefinition-tr-aw-cervical-spine-intervention-procedure.html" : "Cervical Spine Intervention",
      "StructureDefinition-tr-gi-decision-making-procedure.html" : "Decision Making after General Impresission",
      "StructureDefinition-tr-aw-airway-clearance-procedure.html" : "Airway Clearance",
      "StructureDefinition-tr-gi-circulatory-impression-procedure.html" : "Procedures to obtain a circulatory impression"
    },
    {
      "url" : "http://hl7.org/fhir/ValueSet/procedure-outcome",
      "version" : "4.0.1",
      "status" : "draft",
      "name" : "ProcedureOutcomeCodes(SNOMEDCT)",
      "title" : "Procedure Outcome Codes (SNOMED CT)",
      "description" : "Procedure Outcome code: A selection of relevant SNOMED CT codes.",
      "systems" : ["http://snomed.info/sct"],
      "oids" : ["2.16.840.1.113883.4.642.3.428"],
      "sources" : ["2.16.840.1.113883.4.642.3.428"],
      "uses" : {
      },
      "StructureDefinition-tr-aw-opening-maneuver-procedure.html" : "Airway Opening Maneuvers",
      "StructureDefinition-trauma-procedure.html" : "Base Trauma Procedure",
      "StructureDefinition-tr-aw-airway-adjuncts-procedure.html" : "Airway Adjuncts Procedures",
      "StructureDefinition-tr-aw-cervical-spine-intervention-procedure.html" : "Cervical Spine Intervention",
      "StructureDefinition-tr-gi-decision-making-procedure.html" : "Decision Making after General Impresission",
      "StructureDefinition-tr-aw-airway-clearance-procedure.html" : "Airway Clearance",
      "StructureDefinition-tr-gi-circulatory-impression-procedure.html" : "Procedures to obtain a circulatory impression"
    },
    {
      "url" : "http://hl7.org/fhir/ValueSet/procedure-reason",
      "version" : "4.0.1",
      "status" : "draft",
      "name" : "ProcedureReasonCodes",
      "title" : "Procedure Reason Codes",
      "description" : "This example value set defines the set of codes that can be used to indicate a reason for a procedure.",
      "systems" : ["http://snomed.info/sct"],
      "oids" : ["2.16.840.1.113883.4.642.3.432"],
      "sources" : ["2.16.840.1.113883.4.642.3.432"],
      "uses" : {
      },
      "StructureDefinition-tr-aw-opening-maneuver-procedure.html" : "Airway Opening Maneuvers",
      "StructureDefinition-trauma-procedure.html" : "Base Trauma Procedure",
      "StructureDefinition-tr-aw-airway-adjuncts-procedure.html" : "Airway Adjuncts Procedures",
      "StructureDefinition-tr-aw-cervical-spine-intervention-procedure.html" : "Cervical Spine Intervention",
      "StructureDefinition-tr-gi-decision-making-procedure.html" : "Decision Making after General Impresission",
      "StructureDefinition-tr-aw-airway-clearance-procedure.html" : "Airway Clearance",
      "StructureDefinition-tr-gi-circulatory-impression-procedure.html" : "Procedures to obtain a circulatory impression"
    },
    {
      "url" : "http://hl7.org/fhir/ValueSet/referencerange-appliesto",
      "version" : "4.0.1",
      "status" : "draft",
      "name" : "ObservationReferenceRangeAppliesToCodes",
      "title" : "Observation Reference Range Applies To Codes",
      "description" : "This value set defines a set of codes that can be used to indicate the particular target population the reference range applies to.",
      "systems" : [
        "http://terminology.hl7.org/CodeSystem/v3-Race",
        "http://snomed.info/sct"
      ],
      "oids" : ["2.16.840.1.113883.4.642.3.407"],
      "sources" : ["2.16.840.1.113883.4.642.3.407"],
      "uses" : {
      },
      "StructureDefinition-tr-aw-cervical-spine-assessment-observation.html" : "Cervical Spine Assessment Observation",
      "StructureDefinition-tr-br-rise-observation.html" : "Respiratory chest wall movement",
      "StructureDefinition-tr-aw-structual-change-in-aw-observation.html" : "Structural Changes in Airway Observation",
      "StructureDefinition-tr-gi-decision-making-observation.html" : "Decision Making Observation",
      "StructureDefinition-tr-gi-circulatory-impression-observation.html" : "General Impression Circulatory Observation",
      "StructureDefinition-tr-gi-mental-status-impression-observation.html" : "Observation of General Impression of Mental State of Patient",
      "StructureDefinition-tr-aw-fluids-in-aw-observation.html" : "Fluids in Airway Observation",
      "StructureDefinition-tr-c-skin-assessment-observation.html" : "Skin assessment",
      "StructureDefinition-tr-aw-soft-tissue-collaps-observation.html" : "Soft Tissue Collapse in Airway Observation",
      "StructureDefinition-tr-d-neuro-fast-observations.html" : "Fast Assessment",
      "StructureDefinition-tr-gi-airwaypatencyobservation.html" : "General Impression Airway Patency",
      "StructureDefinition-tr-aw-status-observation.html" : "Airway Status",
      "StructureDefinition-tr-aw-foreign-body-aw-observation.html" : "Foreign Body in Airway Observation",
      "StructureDefinition-tr-aw-breathing-sound-observation.html" : "Breathing Sounds Observation",
      "StructureDefinition-trauma-observation.html" : "Base Trauma IG Observation"
    },
    {
      "url" : "http://hl7.org/fhir/ValueSet/referencerange-meaning",
      "version" : "4.0.1",
      "status" : "draft",
      "name" : "ObservationReferenceRangeMeaningCodes",
      "title" : "Observation Reference Range Meaning Codes",
      "description" : "This value set defines a set of codes that can be used to indicate the meaning/use of a reference range for a particular target population.",
      "systems" : [
        "http://terminology.hl7.org/CodeSystem/referencerange-meaning"
      ],
      "oids" : ["2.16.840.1.113883.4.642.3.397"],
      "sources" : ["2.16.840.1.113883.4.642.3.397"],
      "uses" : {
      },
      "StructureDefinition-tr-aw-cervical-spine-assessment-observation.html" : "Cervical Spine Assessment Observation",
      "StructureDefinition-tr-br-rise-observation.html" : "Respiratory chest wall movement",
      "StructureDefinition-tr-aw-structual-change-in-aw-observation.html" : "Structural Changes in Airway Observation",
      "StructureDefinition-tr-gi-decision-making-observation.html" : "Decision Making Observation",
      "StructureDefinition-tr-gi-circulatory-impression-observation.html" : "General Impression Circulatory Observation",
      "StructureDefinition-tr-gi-mental-status-impression-observation.html" : "Observation of General Impression of Mental State of Patient",
      "StructureDefinition-tr-aw-fluids-in-aw-observation.html" : "Fluids in Airway Observation",
      "StructureDefinition-tr-c-skin-assessment-observation.html" : "Skin assessment",
      "StructureDefinition-tr-aw-soft-tissue-collaps-observation.html" : "Soft Tissue Collapse in Airway Observation",
      "StructureDefinition-tr-d-neuro-fast-observations.html" : "Fast Assessment",
      "StructureDefinition-tr-gi-airwaypatencyobservation.html" : "General Impression Airway Patency",
      "StructureDefinition-tr-aw-status-observation.html" : "Airway Status",
      "StructureDefinition-tr-aw-foreign-body-aw-observation.html" : "Foreign Body in Airway Observation",
      "StructureDefinition-tr-aw-breathing-sound-observation.html" : "Breathing Sounds Observation",
      "StructureDefinition-trauma-observation.html" : "Base Trauma IG Observation"
    },
    {
      "url" : "http://hl7.org/fhir/ValueSet/resource-types",
      "version" : "4.0.1",
      "status" : "active",
      "name" : "ResourceType",
      "title" : "ResourceType",
      "description" : "One of the resource types defined as part of this version of FHIR.",
      "systems" : ["http://hl7.org/fhir/resource-types"],
      "oids" : ["2.16.840.1.113883.4.642.3.27"],
      "sources" : ["2.16.840.1.113883.4.642.3.27"],
      "uses" : {
      },
      "StructureDefinition-tr-aw-opening-maneuver-procedure.html" : "Airway Opening Maneuvers",
      "StructureDefinition-tr-aw-cervical-spine-assessment-observation.html" : "Cervical Spine Assessment Observation",
      "StructureDefinition-tr-br-rise-observation.html" : "Respiratory chest wall movement",
      "StructureDefinition-tr-aw-structual-change-in-aw-observation.html" : "Structural Changes in Airway Observation",
      "StructureDefinition-tr-aw-cervical-spine-intervention-procedure.html" : "Cervical Spine Intervention",
      "StructureDefinition-tr-gi-decision-making-observation.html" : "Decision Making Observation",
      "StructureDefinition-tr-gi-circulatory-impression-observation.html" : "General Impression Circulatory Observation",
      "StructureDefinition-tr-gi-mental-status-impression-observation.html" : "Observation of General Impression of Mental State of Patient",
      "StructureDefinition-tr-gi-decision-making-procedure.html" : "Decision Making after General Impresission",
      "StructureDefinition-tr-aw-airway-clearance-procedure.html" : "Airway Clearance",
      "StructureDefinition-tr-gi-circulatory-impression-procedure.html" : "Procedures to obtain a circulatory impression",
      "StructureDefinition-tr-aw-fluids-in-aw-observation.html" : "Fluids in Airway Observation",
      "StructureDefinition-tr-c-skin-assessment-observation.html" : "Skin assessment",
      "StructureDefinition-tr-aw-soft-tissue-collaps-observation.html" : "Soft Tissue Collapse in Airway Observation",
      "StructureDefinition-tr-d-neuro-fast-observations.html" : "Fast Assessment",
      "StructureDefinition-tr-gi-airwaypatencyobservation.html" : "General Impression Airway Patency",
      "StructureDefinition-trauma-procedure.html" : "Base Trauma Procedure",
      "StructureDefinition-tr-aw-airway-adjuncts-procedure.html" : "Airway Adjuncts Procedures",
      "StructureDefinition-tr-aw-status-observation.html" : "Airway Status",
      "StructureDefinition-tr-aw-foreign-body-aw-observation.html" : "Foreign Body in Airway Observation",
      "StructureDefinition-trauma-patient.html" : "Base Trauma Patient",
      "StructureDefinition-tr-aw-breathing-sound-observation.html" : "Breathing Sounds Observation",
      "StructureDefinition-trauma-observation.html" : "Base Trauma IG Observation"
    },
    {
      "url" : "http://hl7.org/fhir/ValueSet/search-entry-mode",
      "version" : "4.0.1",
      "status" : "active",
      "name" : "SearchEntryMode",
      "title" : "SearchEntryMode",
      "description" : "Why an entry is in the result set - whether it's included as a match or because of an _include requirement, or to convey information or warning information about the search process.",
      "systems" : ["http://hl7.org/fhir/search-entry-mode"],
      "oids" : ["2.16.840.1.113883.4.642.3.622"],
      "sources" : ["2.16.840.1.113883.4.642.3.622"],
      "uses" : {
      },
      "StructureDefinition-tr-bundle.html" : "Document Bundle"
    },
    {
      "url" : "http://hl7.org/fhir/ValueSet/service-type",
      "version" : "4.0.1",
      "status" : "draft",
      "name" : "ServiceType",
      "title" : "Service type",
      "description" : "This value set defines an example set of codes of service-types.",
      "systems" : ["http://terminology.hl7.org/CodeSystem/service-type"],
      "oids" : ["2.16.840.1.113883.4.642.3.518"],
      "sources" : ["2.16.840.1.113883.4.642.3.518"],
      "uses" : {
      },
      "StructureDefinition-trauma-encounter.html" : "Base Trauma Encounter"
    },
    {
      "url" : "http://terminology.hl7.org/ValueSet/v2-0092",
      "version" : "2.0.0",
      "status" : "active",
      "name" : "Hl7VSReAdmissionIndicator",
      "title" : "hl7VS-re-admissionIndicator",
      "description" : "Value Set of codes which are used to specify that a patient is being re-admitted to a healthcare facility from which they were discharged, and indicates the circumstances around such re-admission.",
      "systems" : ["http://terminology.hl7.org/CodeSystem/v2-0092"],
      "oids" : ["2.16.840.1.113883.21.40"],
      "sources" : ["2.16.840.1.113883.21.40"],
      "uses" : {
      },
      "StructureDefinition-trauma-encounter.html" : "Base Trauma Encounter"
    },
    {
      "url" : "http://terminology.hl7.org/ValueSet/v3-ActCode",
      "version" : "3.0.0",
      "status" : "active",
      "name" : "ActCode",
      "title" : "v3 Code System ActCode",
      "description" : "A code specifying the particular kind of Act that the Act-instance represents within its class.  Constraints:\r\nThe kind of Act (e.g. physical examination, serum potassium, inpatient encounter, charge financial transaction, etc.) is specified with a code from one of several, typically external, coding systems.  The coding system will depend on the class of Act, such as LOINC for observations, etc. Conceptually, the Act.code must be a specialization of the Act.classCode. This is why the structure of ActClass domain should be reflected in the superstructure of the ActCode domain and then individual codes or externally referenced vocabularies subordinated under these domains that reflect the ActClass structure. Act.classCode and Act.code are not modifiers of each other but the Act.code concept should really imply the Act.classCode concept. For a negative example, it is not appropriate to use an Act.code \"potassium\" together with and Act.classCode for \"laboratory observation\" to somehow mean \"potassium laboratory observation\" and then use the same Act.code for \"potassium\" together with Act.classCode for \"medication\" to mean \"substitution of potassium\". This mutually modifying use of Act.code and Act.classCode is not permitted.",
      "systems" : ["http://terminology.hl7.org/CodeSystem/v3-ActCode"],
      "uses" : {
      },
      "StructureDefinition-tr-composition.html" : "TR Composition"
    },
    {
      "url" : "http://terminology.hl7.org/ValueSet/v3-ActEncounterCode",
      "version" : "3.0.0",
      "status" : "active",
      "name" : "ActEncounterCode",
      "title" : "ActEncounterCode",
      "description" : "Domain provides codes that qualify the ActEncounterClass (ENC)",
      "systems" : ["http://terminology.hl7.org/CodeSystem/v3-ActCode"],
      "oids" : ["2.16.840.1.113883.1.11.13955"],
      "sources" : ["2.16.840.1.113883.1.11.13955"],
      "uses" : {
      },
      "StructureDefinition-trauma-encounter.html" : "Base Trauma Encounter"
    },
    {
      "url" : "http://terminology.hl7.org/ValueSet/v3-ActPriority",
      "version" : "3.0.0",
      "status" : "active",
      "name" : "ActPriority",
      "title" : "ActPriority",
      "description" : "A code or set of codes (e.g., for routine, emergency,) specifying the urgency under which the Act happened, can happen, is happening, is intended to happen, or is requested/demanded to happen.\r\n\r\n*Discussion:* This attribute is used in orders to indicate the ordered priority, and in event documentation it indicates the actual priority used to perform the act. In definition mood it indicates the available priorities.",
      "systems" : ["http://terminology.hl7.org/CodeSystem/v3-ActPriority"],
      "oids" : ["2.16.840.1.113883.1.11.16866"],
      "sources" : ["2.16.840.1.113883.1.11.16866"],
      "uses" : {
      },
      "StructureDefinition-trauma-encounter.html" : "Base Trauma Encounter"
    },
    {
      "url" : "http://terminology.hl7.org/ValueSet/v3-ConfidentialityClassification",
      "version" : "2014-03-26",
      "status" : "active",
      "name" : "v3.ConfidentialityClassification",
      "title" : "V3 Value SetConfidentialityClassification",
      "description" : " Set of codes used to value Act.Confidentiality and Role.Confidentiality attribute in accordance with the definition for concept domain \"Confidentiality\".",
      "systems" : ["http://terminology.hl7.org/CodeSystem/v3-Confidentiality"],
      "oids" : ["2.16.840.1.113883.1.11.10228"],
      "sources" : ["2.16.840.1.113883.1.11.10228"],
      "uses" : {
      },
      "StructureDefinition-tr-composition.html" : "TR Composition"
    }
  ]
}
