{
  "resourceType" : "Observation",
  "id" : "uc1-TR-Br-Breathing-Disorder-Of-Thorax-Observation",
  "meta" : {
    "profile" : ["http://example.org/StructureDefinition/tr-br-breathing-disorder-of-thorax-observation"]
  },
  "text" : {
    "status" : "extensions",
    "div" : "<div xmlns=\"http://www.w3.org/1999/xhtml\"><p class=\"res-header-id\"><b>Generated Narrative: Observation uc1-TR-Br-Breathing-Disorder-Of-Thorax-Observation</b></p><a name=\"uc1-TR-Br-Breathing-Disorder-Of-Thorax-Observation\"> </a><a name=\"hcuc1-TR-Br-Breathing-Disorder-Of-Thorax-Observation\"> </a><a name=\"uc1-TR-Br-Breathing-Disorder-Of-Thorax-Observation-en-US\"> </a><div style=\"display: inline-block; background-color: #d9e0e7; padding: 6px; margin: 4px; border: 1px solid #8da1b4; border-radius: 5px; line-height: 60%\"><p style=\"margin-bottom: 0px\"/><p style=\"margin-bottom: 0px\">Profile: <a href=\"StructureDefinition-tr-br-breathing-disorder-of-thorax-observation.html\">Disorder of thoracic cavity</a></p></div><p><b>status</b>: Final</p><p><b>code</b>: <span title=\"Codes:{http://snomed.info/sct 64572001}\">Symmetry of chest movement</span></p><p><b>subject</b>: <a href=\"Patient-uc1-Nomen-Nescio.html\">Nescio Nomen  Female, DoB: 1990-01-01 ( Social Security number: 9999090909)</a></p><p><b>encounter</b>: <a href=\"Encounter-uc1-Motor-Vehicle-Collision.html\">Encounter: status = final; class = emergency (ActEncounterCode#EMER)</a></p><p><b>effective</b>: 2025-01-01 12:29:00+0200</p><blockquote><p><b>component</b></p><p><b>Pathologic Side</b>: <span title=\"Codes:{http://snomed.info/sct 7771000}\">Left</span></p><p><b>code</b>: <span title=\"Codes:{http://snomed.info/sct 12025005}\">Paradoxical respiration</span></p><p><b>value</b>: <span title=\"Codes:{http://snomed.info/sct 52101004}\">Present</span></p></blockquote><blockquote><p><b>component</b></p><p><b>Pathologic Side</b>: <span title=\"Codes:{http://snomed.info/sct 7771000}\">Left</span></p><p><b>code</b>: <span title=\"Codes:{http://snomed.info/sct 45508002}\">Decreased chest expansion</span></p><p><b>value</b>: <span title=\"Codes:{http://snomed.info/sct 52101004}\">Present</span></p></blockquote><blockquote><p><b>component</b></p><p><b>Pathologic Side</b>: <span title=\"Codes:{http://snomed.info/sct 7771000}\">Left</span></p><p><b>code</b>: <span title=\"Codes:{http://snomed.info/sct 6442005}\">Intercostal recession</span></p><p><b>value</b>: <span title=\"Codes:{http://snomed.info/sct 52101004}\">Present</span></p></blockquote><blockquote><p><b>component</b></p><p><b>Pathologic Side</b>: <span title=\"Codes:{http://snomed.info/sct 7771000}\">Left</span></p><p><b>code</b>: <span title=\"Codes:{http://snomed.info/sct 65503000}\">Absent breath sounds</span></p><p><b>value</b>: true</p></blockquote><blockquote><p><b>component</b></p><p><b>Pathologic Side</b>: <span title=\"Codes:{http://snomed.info/sct 7771000}\">Left</span></p><p><b>code</b>: <span title=\"Codes:{http://snomed.info/sct 39180009}\">Percussive dullness</span></p><p><b>value</b>: true</p></blockquote><blockquote><p><b>component</b></p><p><b>Pathologic Side</b>: <span title=\"Codes:{http://snomed.info/sct 7771000}\">Left</span></p><p><b>code</b>: <span title=\"Codes:{http://snomed.info/sct 271653008}\">Jugular venous engorgement</span></p><p><b>value</b>: <span title=\"Codes:{http://snomed.info/sct 52101004}\">Present</span></p></blockquote><blockquote><p><b>component</b></p><p><b>Pathologic Side</b>: <span title=\"Codes:{http://snomed.info/sct 7771000}\">Left</span></p><p><b>code</b>: <span title=\"Codes:{http://snomed.info/sct 13206009}\">Tracheal deviation</span></p><p><b>value</b>: <span title=\"Codes:{http://snomed.info/sct 52101004}\">Present</span></p></blockquote></div>"
  },
  "status" : "final",
  "code" : {
    "coding" : [{
      "system" : "http://snomed.info/sct",
      "code" : "64572001",
      "display" : "Disease (disorder)"
    }],
    "text" : "Symmetry of chest movement"
  },
  "subject" : {
    "reference" : "Patient/uc1-Nomen-Nescio"
  },
  "encounter" : {
    "reference" : "Encounter/uc1-Motor-Vehicle-Collision"
  },
  "effectiveDateTime" : "2025-01-01T12:29:00+02:00",
  "component" : [{
    "extension" : [{
      "url" : "http://example.org/StructureDefinition/pathologic-side",
      "valueCodeableConcept" : {
        "coding" : [{
          "system" : "http://snomed.info/sct",
          "code" : "7771000",
          "display" : "Left"
        }]
      }
    }],
    "code" : {
      "coding" : [{
        "system" : "http://snomed.info/sct",
        "code" : "12025005"
      }]
    },
    "valueCodeableConcept" : {
      "coding" : [{
        "system" : "http://snomed.info/sct",
        "code" : "52101004",
        "display" : "Present"
      }]
    }
  },
  {
    "extension" : [{
      "url" : "http://example.org/StructureDefinition/pathologic-side",
      "valueCodeableConcept" : {
        "coding" : [{
          "system" : "http://snomed.info/sct",
          "code" : "7771000",
          "display" : "Left"
        }]
      }
    }],
    "code" : {
      "coding" : [{
        "system" : "http://snomed.info/sct",
        "code" : "45508002"
      }]
    },
    "valueCodeableConcept" : {
      "coding" : [{
        "system" : "http://snomed.info/sct",
        "code" : "52101004",
        "display" : "Present"
      }]
    }
  },
  {
    "extension" : [{
      "url" : "http://example.org/StructureDefinition/pathologic-side",
      "valueCodeableConcept" : {
        "coding" : [{
          "system" : "http://snomed.info/sct",
          "code" : "7771000",
          "display" : "Left"
        }]
      }
    }],
    "code" : {
      "coding" : [{
        "system" : "http://snomed.info/sct",
        "code" : "6442005"
      }]
    },
    "valueCodeableConcept" : {
      "coding" : [{
        "system" : "http://snomed.info/sct",
        "code" : "52101004",
        "display" : "Present"
      }]
    }
  },
  {
    "extension" : [{
      "url" : "http://example.org/StructureDefinition/pathologic-side",
      "valueCodeableConcept" : {
        "coding" : [{
          "system" : "http://snomed.info/sct",
          "code" : "7771000",
          "display" : "Left"
        }]
      }
    }],
    "code" : {
      "coding" : [{
        "system" : "http://snomed.info/sct",
        "code" : "65503000"
      }]
    },
    "valueBoolean" : true
  },
  {
    "extension" : [{
      "url" : "http://example.org/StructureDefinition/pathologic-side",
      "valueCodeableConcept" : {
        "coding" : [{
          "system" : "http://snomed.info/sct",
          "code" : "7771000",
          "display" : "Left"
        }]
      }
    }],
    "code" : {
      "coding" : [{
        "system" : "http://snomed.info/sct",
        "code" : "39180009"
      }]
    },
    "valueBoolean" : true
  },
  {
    "extension" : [{
      "url" : "http://example.org/StructureDefinition/pathologic-side",
      "valueCodeableConcept" : {
        "coding" : [{
          "system" : "http://snomed.info/sct",
          "code" : "7771000",
          "display" : "Left"
        }]
      }
    }],
    "code" : {
      "coding" : [{
        "system" : "http://snomed.info/sct",
        "code" : "271653008"
      }]
    },
    "valueCodeableConcept" : {
      "coding" : [{
        "system" : "http://snomed.info/sct",
        "code" : "52101004",
        "display" : "Present"
      }]
    }
  },
  {
    "extension" : [{
      "url" : "http://example.org/StructureDefinition/pathologic-side",
      "valueCodeableConcept" : {
        "coding" : [{
          "system" : "http://snomed.info/sct",
          "code" : "7771000",
          "display" : "Left"
        }]
      }
    }],
    "code" : {
      "coding" : [{
        "system" : "http://snomed.info/sct",
        "code" : "13206009"
      }]
    },
    "valueCodeableConcept" : {
      "coding" : [{
        "system" : "http://snomed.info/sct",
        "code" : "52101004",
        "display" : "Present"
      }]
    }
  }]
}