{
  "resourceType" : "Observation",
  "id" : "uc1-TR-GI-Mental-Status-Impression-Observation",
  "meta" : {
    "profile" : ["http://example.org/StructureDefinition/tr-gi-mental-status-impression-observation"]
  },
  "text" : {
    "status" : "generated",
    "div" : "<div xmlns=\"http://www.w3.org/1999/xhtml\"><p class=\"res-header-id\"><b>Generated Narrative: Observation uc1-TR-GI-Mental-Status-Impression-Observation</b></p><a name=\"uc1-TR-GI-Mental-Status-Impression-Observation\"> </a><a name=\"hcuc1-TR-GI-Mental-Status-Impression-Observation\"> </a><a name=\"uc1-TR-GI-Mental-Status-Impression-Observation-en-US\"> </a><div style=\"display: inline-block; background-color: #d9e0e7; padding: 6px; margin: 4px; border: 1px solid #8da1b4; border-radius: 5px; line-height: 60%\"><p style=\"margin-bottom: 0px\"/><p style=\"margin-bottom: 0px\">Profile: <a href=\"StructureDefinition-tr-gi-mental-status-impression-observation.html\">Observation of General Impression of Mental State of Patient</a></p></div><p><b>status</b>: Final</p><p><b>code</b>: <span title=\"Codes:{http://snomed.info/sct 225385005}\">Behavioral assessment</span></p><p><b>subject</b>: <a href=\"Patient-uc1-Nomen-Nescio.html\">Nescio Nomen  Female, DoB: 1990-01-01 ( Social Security number: 9999090909)</a></p><p><b>encounter</b>: <a href=\"Encounter-uc1-Motor-Vehicle-Collision.html\">Encounter: status = final; class = emergency (ActEncounterCode#EMER)</a></p><p><b>effective</b>: 2025-01-01 12:16:00+0200</p><p><b>value</b>: <span title=\"Codes:{http://snomed.info/sct 3006004}\">Disturbance of consciousness</span></p></div>"
  },
  "status" : "final",
  "code" : {
    "coding" : [{
      "system" : "http://snomed.info/sct",
      "code" : "225385005",
      "display" : "Behavioral assessment"
    }]
  },
  "subject" : {
    "reference" : "Patient/uc1-Nomen-Nescio"
  },
  "encounter" : {
    "reference" : "Encounter/uc1-Motor-Vehicle-Collision"
  },
  "effectiveDateTime" : "2025-01-01T12:16:00.000+02:00",
  "valueCodeableConcept" : {
    "coding" : [{
      "system" : "http://snomed.info/sct",
      "code" : "3006004",
      "display" : "Disturbance of consciousness"
    }],
    "text" : "Disturbance of consciousness"
  }
}