{
  "resourceType" : "Observation",
  "id" : "uc1-TR-Disability-GCS-Observation-Example",
  "meta" : {
    "profile" : ["http://example.org/StructureDefinition/tr-disability-gcs-observation"]
  },
  "text" : {
    "status" : "generated",
    "div" : "<div xmlns=\"http://www.w3.org/1999/xhtml\"><p class=\"res-header-id\"><b>Generated Narrative: Observation uc1-TR-Disability-GCS-Observation-Example</b></p><a name=\"uc1-TR-Disability-GCS-Observation-Example\"> </a><a name=\"hcuc1-TR-Disability-GCS-Observation-Example\"> </a><a name=\"uc1-TR-Disability-GCS-Observation-Example-en-US\"> </a><div style=\"display: inline-block; background-color: #d9e0e7; padding: 6px; margin: 4px; border: 1px solid #8da1b4; border-radius: 5px; line-height: 60%\"><p style=\"margin-bottom: 0px\"/><p style=\"margin-bottom: 0px\">Profile: <a href=\"StructureDefinition-tr-disability-gcs-observation.html\">Glasgow Coma Scale</a></p></div><p><b>status</b>: Final</p><p><b>code</b>: <span title=\"Codes:{http://loinc.org 9269-2}\">Glasgow coma score total</span></p><p><b>subject</b>: <a href=\"Patient-uc1-Nomen-Nescio.html\">Nescio Nomen  Female, DoB: 1990-01-01 ( Social Security number: 9999090909)</a></p><p><b>encounter</b>: <a href=\"Encounter-uc1-Motor-Vehicle-Collision.html\">Encounter: status = final; class = emergency (ActEncounterCode#EMER)</a></p><p><b>effective</b>: 2025-01-01 12:49:00+0200</p><p><b>value</b>: 7</p><blockquote><p><b>component</b></p><p><b>code</b>: <span title=\"Codes:{http://loinc.org 9268-4}\">Glasgow coma score motor</span></p><p><b>value</b>: 3</p></blockquote><blockquote><p><b>component</b></p><p><b>code</b>: <span title=\"Codes:{http://loinc.org 9270-0}\">Glasgow coma score verbal</span></p><p><b>value</b>: 2</p></blockquote><blockquote><p><b>component</b></p><p><b>code</b>: <span title=\"Codes:{http://loinc.org 9267-6}\">Glasgow coma score eye opening</span></p><p><b>value</b>: 2</p></blockquote></div>"
  },
  "status" : "final",
  "code" : {
    "coding" : [{
      "system" : "http://loinc.org",
      "code" : "9269-2"
    }]
  },
  "subject" : {
    "reference" : "Patient/uc1-Nomen-Nescio"
  },
  "encounter" : {
    "reference" : "Encounter/uc1-Motor-Vehicle-Collision"
  },
  "effectiveDateTime" : "2025-01-01T12:49:00+02:00",
  "valueInteger" : 7,
  "component" : [{
    "code" : {
      "coding" : [{
        "system" : "http://loinc.org",
        "code" : "9268-4"
      }]
    },
    "valueInteger" : 3
  },
  {
    "code" : {
      "coding" : [{
        "system" : "http://loinc.org",
        "code" : "9270-0"
      }]
    },
    "valueInteger" : 2
  },
  {
    "code" : {
      "coding" : [{
        "system" : "http://loinc.org",
        "code" : "9267-6"
      }]
    },
    "valueInteger" : 2
  }]
}