{
  "resourceType" : "Observation",
  "id" : "uc1-TR-Circulation-Signs-Of-Shock-Observation",
  "meta" : {
    "profile" : ["http://example.org/StructureDefinition/tr-circulation-signs-of-schock-observation"]
  },
  "text" : {
    "status" : "extensions",
    "div" : "<div xmlns=\"http://www.w3.org/1999/xhtml\"><p class=\"res-header-id\"><b>Generated Narrative: Observation uc1-TR-Circulation-Signs-Of-Shock-Observation</b></p><a name=\"uc1-TR-Circulation-Signs-Of-Shock-Observation\"> </a><a name=\"hcuc1-TR-Circulation-Signs-Of-Shock-Observation\"> </a><a name=\"uc1-TR-Circulation-Signs-Of-Shock-Observation-en-US\"> </a><div style=\"display: inline-block; background-color: #d9e0e7; padding: 6px; margin: 4px; border: 1px solid #8da1b4; border-radius: 5px; line-height: 60%\"><p style=\"margin-bottom: 0px\"/><p style=\"margin-bottom: 0px\">Profile: <a href=\"StructureDefinition-tr-circulation-signs-of-schock-observation.html\">Signs of Schock</a></p></div><p><b>status</b>: Final</p><p><b>code</b>: <span title=\"Codes:{http://snomed.info/sct 27942005}\">Shock (disorder)</span></p><p><b>subject</b>: <a href=\"Patient-uc1-Nomen-Nescio.html\">Nescio Nomen  Female, DoB: 1990-01-01 ( Social Security number: 9999090909)</a></p><p><b>encounter</b>: <a href=\"Encounter-uc1-Motor-Vehicle-Collision.html\">Encounter: status = final; class = emergency (ActEncounterCode#EMER)</a></p><p><b>effective</b>: 2025-01-01 12:47:00+0200</p><blockquote><p><b>component</b></p><p><b>Pathologic Side</b>: <span title=\"Codes:{http://example.com/ValueSet/Anatomical-Terminology 119567009}\">Structure of artery of head (body structure)</span></p><p><b>code</b>: <span title=\"Codes:{http://snomed.info/sct 45007003}\">Low blood pressure (disorder)</span></p><p><b>value</b>: <span title=\"Codes:{http://snomed.info/sct 54518005}\">Absent pulse (finding)</span></p></blockquote><blockquote><p><b>component</b></p><p><b>code</b>: <span title=\"Codes:{http://snomed.info/sct 3424008}\">Tachycardia (finding)</span></p><p><b>value</b>: true</p></blockquote><blockquote><p><b>component</b></p><p><b>code</b>: <span title=\"Codes:{http://snomed.info/sct 45332005}\">Normal capillary filling (finding)</span></p><p><b>value</b>: false</p></blockquote></div>"
  },
  "status" : "final",
  "code" : {
    "coding" : [{
      "system" : "http://snomed.info/sct",
      "code" : "27942005",
      "display" : "Shock (disorder)"
    }]
  },
  "subject" : {
    "reference" : "Patient/uc1-Nomen-Nescio"
  },
  "encounter" : {
    "reference" : "Encounter/uc1-Motor-Vehicle-Collision"
  },
  "effectiveDateTime" : "2025-01-01T12:47:00+02:00",
  "component" : [{
    "extension" : [{
      "url" : "http://example.org/StructureDefinition/pathologic-side",
      "valueCodeableConcept" : {
        "coding" : [{
          "system" : "http://example.com/ValueSet/Anatomical-Terminology",
          "code" : "119567009",
          "display" : "Structure of artery of head (body structure)"
        }]
      }
    }],
    "code" : {
      "coding" : [{
        "system" : "http://snomed.info/sct",
        "code" : "45007003",
        "display" : "Low blood pressure (disorder)"
      }]
    },
    "valueCodeableConcept" : {
      "coding" : [{
        "system" : "http://snomed.info/sct",
        "code" : "54518005",
        "display" : "Absent pulse (finding)"
      }]
    }
  },
  {
    "code" : {
      "coding" : [{
        "system" : "http://snomed.info/sct",
        "code" : "3424008",
        "display" : "Tachycardia (finding)"
      }]
    },
    "valueBoolean" : true
  },
  {
    "code" : {
      "coding" : [{
        "system" : "http://snomed.info/sct",
        "code" : "45332005",
        "display" : "Normal capillary filling (finding)"
      }]
    },
    "valueBoolean" : false
  }]
}