{
  "resourceType" : "Observation",
  "id" : "uc1-TR-C-Skin-Assessment-Observation",
  "meta" : {
    "profile" : ["http://example.org/StructureDefinition/tr-c-skin-assessment-observation"]
  },
  "text" : {
    "status" : "generated",
    "div" : "<div xmlns=\"http://www.w3.org/1999/xhtml\"><p class=\"res-header-id\"><b>Generated Narrative: Observation uc1-TR-C-Skin-Assessment-Observation</b></p><a name=\"uc1-TR-C-Skin-Assessment-Observation\"> </a><a name=\"hcuc1-TR-C-Skin-Assessment-Observation\"> </a><a name=\"uc1-TR-C-Skin-Assessment-Observation-en-US\"> </a><div style=\"display: inline-block; background-color: #d9e0e7; padding: 6px; margin: 4px; border: 1px solid #8da1b4; border-radius: 5px; line-height: 60%\"><p style=\"margin-bottom: 0px\"/><p style=\"margin-bottom: 0px\">Profile: <a href=\"StructureDefinition-tr-c-skin-assessment-observation.html\">Skin assessment</a></p></div><p><b>status</b>: Final</p><p><b>code</b>: <span title=\"Codes:{http://loinc.org 72284-3}\">Skin assessment panel</span></p><p><b>subject</b>: <a href=\"Patient-uc1-Nomen-Nescio.html\">Nescio Nomen  Male, DoB: 1990-01-01</a></p><p><b>encounter</b>: <a href=\"Encounter-uc1-Motor-Vehicle-Collision.html\">Encounter: status = final; class = emergency (ActEncounterCode#EMER)</a></p><p><b>effective</b>: 2025-01-01 12:30:00+0200</p><blockquote><p><b>component</b></p><p><b>code</b>: <span title=\"Codes:{http://loinc.org 39107-8}\">Skin color</span></p><p><b>value</b>: <span title=\"Codes:{http://loinc.org LA17198-5}\">Cyanotic</span></p></blockquote><blockquote><p><b>component</b></p><p><b>code</b>: <span title=\"Codes:{http://loinc.org 39129-2}\">Skin moisture</span></p><p><b>value</b>: <span title=\"Codes:{http://loinc.org LA19044-9}\">Moist</span></p></blockquote><blockquote><p><b>component</b></p><p><b>code</b>: <span title=\"Codes:{http://loinc.org 39106-0}\">Skin temperature</span></p><p><b>value</b>: <span title=\"Codes:{http://loinc.org LA15475-9}\">Cold</span></p></blockquote></div>"
  },
  "status" : "final",
  "code" : {
    "coding" : [{
      "system" : "http://loinc.org",
      "code" : "72284-3",
      "display" : "Skin assessment panel"
    }]
  },
  "subject" : {
    "reference" : "Patient/uc1-Nomen-Nescio"
  },
  "encounter" : {
    "reference" : "Encounter/uc1-Motor-Vehicle-Collision"
  },
  "effectiveDateTime" : "2025-01-01T12:30:00+02:00",
  "component" : [{
    "code" : {
      "coding" : [{
        "system" : "http://loinc.org",
        "code" : "39107-8",
        "display" : "Skin color"
      }]
    },
    "valueCodeableConcept" : {
      "coding" : [{
        "system" : "http://loinc.org",
        "code" : "LA17198-5",
        "display" : "Cyanotic"
      }]
    }
  },
  {
    "code" : {
      "coding" : [{
        "system" : "http://loinc.org",
        "code" : "39129-2",
        "display" : "Skin moisture"
      }]
    },
    "valueCodeableConcept" : {
      "coding" : [{
        "system" : "http://loinc.org",
        "code" : "LA19044-9",
        "display" : "Moist"
      }]
    }
  },
  {
    "code" : {
      "coding" : [{
        "system" : "http://loinc.org",
        "code" : "39106-0",
        "display" : "Skin temperature"
      }]
    },
    "valueCodeableConcept" : {
      "coding" : [{
        "system" : "http://loinc.org",
        "code" : "LA15475-9",
        "display" : "Cold"
      }]
    }
  }]
}