{
  "resourceType" : "Observation",
  "id" : "uc1-TR-Circulation-Cardiac-Arrest-Observation",
  "meta" : {
    "profile" : ["http://example.org/StructureDefinition/tr-circulation-cardiac-arrest-observation"]
  },
  "text" : {
    "status" : "generated",
    "div" : "<div xmlns=\"http://www.w3.org/1999/xhtml\"><p class=\"res-header-id\"><b>Generated Narrative: Observation uc1-TR-Circulation-Cardiac-Arrest-Observation</b></p><a name=\"uc1-TR-Circulation-Cardiac-Arrest-Observation\"> </a><a name=\"hcuc1-TR-Circulation-Cardiac-Arrest-Observation\"> </a><a name=\"uc1-TR-Circulation-Cardiac-Arrest-Observation-en-US\"> </a><div style=\"display: inline-block; background-color: #d9e0e7; padding: 6px; margin: 4px; border: 1px solid #8da1b4; border-radius: 5px; line-height: 60%\"><p style=\"margin-bottom: 0px\"/><p style=\"margin-bottom: 0px\">Profile: <a href=\"StructureDefinition-tr-circulation-cardiac-arrest-observation.html\">Cardiac Arrest</a></p></div><p><b>status</b>: Final</p><p><b>code</b>: <span title=\"Codes:{http://snomed.info/sct 410429000}\">Cardiac arrest (disorder)</span></p><p><b>subject</b>: <a href=\"Patient-uc1-Nomen-Nescio.html\">Nescio Nomen  Female, DoB: 1990-01-01 ( Social Security number: 9999090909)</a></p><p><b>encounter</b>: <a href=\"Encounter-uc1-Motor-Vehicle-Collision.html\">Encounter: status = final; class = emergency (ActEncounterCode#EMER)</a></p><p><b>effective</b>: 2025-01-01 12:42:00+0200</p><h3>Components</h3><table class=\"grid\"><tr><td style=\"display: none\">-</td><td><b>Extension</b></td><td><b>Code</b></td><td><b>Value[x]</b></td></tr><tr><td style=\"display: none\">*</td><td/><td><span title=\"Codes:{http://snomed.info/sct 45007003}\">Low blood pressure (disorder)</span></td><td><span title=\"Codes:{http://snomed.info/sct 54518005}\">Absent pulse (finding)</span></td></tr></table></div>"
  },
  "status" : "final",
  "code" : {
    "coding" : [{
      "system" : "http://snomed.info/sct",
      "code" : "410429000",
      "display" : "Cardiac arrest (disorder)"
    }]
  },
  "subject" : {
    "reference" : "Patient/uc1-Nomen-Nescio"
  },
  "encounter" : {
    "reference" : "Encounter/uc1-Motor-Vehicle-Collision"
  },
  "effectiveDateTime" : "2025-01-01T12:42:00+02:00",
  "component" : [{
    "extension" : [{
      "url" : "http://example.org/StructureDefinition/pathologic-side",
      "valueCodeableConcept" : {
        "coding" : [{
          "system" : "http://example.com/ValueSet/Anatomical-Terminology",
          "code" : "119567009",
          "display" : "Structure of artery of head (body structure)"
        }]
      }
    }],
    "code" : {
      "coding" : [{
        "system" : "http://snomed.info/sct",
        "code" : "45007003",
        "display" : "Low blood pressure (disorder)"
      }]
    },
    "valueCodeableConcept" : {
      "coding" : [{
        "system" : "http://snomed.info/sct",
        "code" : "54518005",
        "display" : "Absent pulse (finding)"
      }]
    }
  }]
}