{
  "resourceType" : "Procedure",
  "id" : "uc1-Helicopter-Air-Ambulance-Activation",
  "meta" : {
    "profile" : ["http://example.org/StructureDefinition/tr-gi-decision-making-procedure"]
  },
  "text" : {
    "status" : "generated",
    "div" : "<div xmlns=\"http://www.w3.org/1999/xhtml\"><p class=\"res-header-id\"><b>Generated Narrative: Procedure uc1-Helicopter-Air-Ambulance-Activation</b></p><a name=\"uc1-Helicopter-Air-Ambulance-Activation\"> </a><a name=\"hcuc1-Helicopter-Air-Ambulance-Activation\"> </a><a name=\"uc1-Helicopter-Air-Ambulance-Activation-en-US\"> </a><div style=\"display: inline-block; background-color: #d9e0e7; padding: 6px; margin: 4px; border: 1px solid #8da1b4; border-radius: 5px; line-height: 60%\"><p style=\"margin-bottom: 0px\"/><p style=\"margin-bottom: 0px\">Profile: <a href=\"StructureDefinition-tr-gi-decision-making-procedure.html\">Decision Making after General Impresission</a></p></div><p><b>status</b>: final</p><p><b>category</b>: <span title=\"Codes:{http://snomed.info/sct 129264002}\">Clinical action</span></p><p><b>code</b>: <span title=\"Codes:{http://snomed.info/sct 716734002}\">Provision of helicopter air ambulance</span></p><p><b>subject</b>: <a href=\"Patient-uc1-Nomen-Nescio.html\">Nescio Nomen  Female, DoB: 1990-01-01 ( Social Security number: 9999090909)</a></p><p><b>encounter</b>: <a href=\"Encounter-uc1-Motor-Vehicle-Collision.html\">Encounter: status = final; class = emergency (ActEncounterCode#EMER)</a></p></div>"
  },
  "status" : "final",
  "category" : {
    "coding" : [{
      "system" : "http://snomed.info/sct",
      "code" : "129264002",
      "display" : "Clinical action"
    }]
  },
  "code" : {
    "coding" : [{
      "system" : "http://snomed.info/sct",
      "code" : "716734002",
      "display" : "Provision of helicopter air ambulance"
    }]
  },
  "subject" : {
    "reference" : "Patient/uc1-Nomen-Nescio"
  },
  "encounter" : {
    "reference" : "Encounter/uc1-Motor-Vehicle-Collision"
  }
}