{
  "resourceType" : "Procedure",
  "id" : "uc1-TR-AW-Airway-Adjuncts-Procedure",
  "meta" : {
    "profile" : ["http://example.org/StructureDefinition/tr-aw-airway-adjuncts-procedure"]
  },
  "text" : {
    "status" : "generated",
    "div" : "<div xmlns=\"http://www.w3.org/1999/xhtml\"><p class=\"res-header-id\"><b>Generated Narrative: Procedure uc1-TR-AW-Airway-Adjuncts-Procedure</b></p><a name=\"uc1-TR-AW-Airway-Adjuncts-Procedure\"> </a><a name=\"hcuc1-TR-AW-Airway-Adjuncts-Procedure\"> </a><a name=\"uc1-TR-AW-Airway-Adjuncts-Procedure-en-US\"> </a><div style=\"display: inline-block; background-color: #d9e0e7; padding: 6px; margin: 4px; border: 1px solid #8da1b4; border-radius: 5px; line-height: 60%\"><p style=\"margin-bottom: 0px\"/><p style=\"margin-bottom: 0px\">Profile: <a href=\"StructureDefinition-tr-aw-airway-adjuncts-procedure.html\">Airway Adjuncts Procedures</a></p></div><p><b>status</b>: Completed</p><p><b>category</b>: <span title=\"Codes:{http://snomed.info/sct 426153007}\">Insertion of artificial airway</span></p><p><b>code</b>: <span title=\"Codes:{http://snomed.info/sct 182692007}\">Nasopharyngeal airway insertion</span></p><p><b>subject</b>: <a href=\"Patient-uc1-Nomen-Nescio.html\">Nescio Nomen  Female, DoB: 1990-01-01 ( Social Security number: 9999090909)</a></p><p><b>encounter</b>: <a href=\"Encounter-uc1-Motor-Vehicle-Collision.html\">Encounter: status = final; class = emergency (ActEncounterCode#EMER)</a></p></div>"
  },
  "status" : "completed",
  "category" : {
    "coding" : [{
      "system" : "http://snomed.info/sct",
      "code" : "426153007",
      "display" : "Insertion of artificial airway"
    }],
    "text" : "Insertion of artificial airway"
  },
  "code" : {
    "coding" : [{
      "system" : "http://snomed.info/sct",
      "code" : "182692007",
      "display" : "Nasopharyngeal airway insertion"
    }],
    "text" : "Nasopharyngeal airway insertion"
  },
  "subject" : {
    "reference" : "Patient/uc1-Nomen-Nescio"
  },
  "encounter" : {
    "reference" : "Encounter/uc1-Motor-Vehicle-Collision"
  }
}