{
  "resourceType" : "ValueSet",
  "id" : "TR-GI-Decision-Making-VS",
  "text" : {
    "status" : "generated",
    "div" : "<div xmlns=\"http://www.w3.org/1999/xhtml\"><p class=\"res-header-id\"><b>Generated Narrative: ValueSet TR-GI-Decision-Making-VS</b></p><a name=\"TR-GI-Decision-Making-VS\"> </a><a name=\"hcTR-GI-Decision-Making-VS\"> </a><a name=\"TR-GI-Decision-Making-VS-en-US\"> </a><ul><li>Include these codes as defined in <a href=\"http://www.snomed.org/\"><code>http://snomed.info/sct</code></a> version <code>http://snomed.info/sct/version/2025-02-01</code><table class=\"none\"><tr><td style=\"white-space:nowrap\"><b>Code</b></td><td><b>Display</b></td></tr><tr><td><a href=\"http://snomed.info/id/716734002\">716734002</a></td><td>Patient does not need urgent care</td></tr><tr><td><a href=\"http://snomed.info/id/103391001\">103391001</a></td><td/></tr><tr><td><a href=\"http://snomed.info/id/1357728000\">1357728000</a></td><td/></tr></table></li></ul></div>"
  },
  "url" : "http://example.org/ValueSet/TR-GI-Decision-Making-VS",
  "version" : "0.1.0",
  "title" : "Decision Codes General Impression",
  "status" : "draft",
  "experimental" : false,
  "date" : "2025-05-13T19:16:00+02:00",
  "publisher" : "Constantin Renner",
  "contact" : [{
    "name" : "Constantin Renner",
    "telecom" : [{
      "system" : "url",
      "value" : "https://github.com/cdeveHealth"
    },
    {
      "system" : "email",
      "value" : "constantinrenner1@gmail.com"
    }]
  }],
  "description" : "Roughly defines what options after General Impression",
  "compose" : {
    "include" : [{
      "system" : "http://snomed.info/sct",
      "version" : "http://snomed.info/sct/version/2025-02-01",
      "concept" : [{
        "code" : "716734002",
        "display" : "Patient does not need urgent care"
      },
      {
        "code" : "103391001"
      },
      {
        "code" : "1357728000"
      }]
    }]
  }
}