{
  "resourceType" : "ValueSet",
  "id" : "TR-AW-Airway-Obstruction-Causes-Fluid-VS",
  "text" : {
    "status" : "generated",
    "div" : "<div xmlns=\"http://www.w3.org/1999/xhtml\"><p class=\"res-header-id\"><b>Generated Narrative: ValueSet TR-AW-Airway-Obstruction-Causes-Fluid-VS</b></p><a name=\"TR-AW-Airway-Obstruction-Causes-Fluid-VS\"> </a><a name=\"hcTR-AW-Airway-Obstruction-Causes-Fluid-VS\"> </a><a name=\"TR-AW-Airway-Obstruction-Causes-Fluid-VS-en-US\"> </a><ul><li>Include these codes as defined in <a href=\"http://www.snomed.org/\"><code>http://snomed.info/sct</code></a> version <code>http://snomed.info/sct/version/2025-02-01</code><table class=\"none\"><tr><td style=\"white-space:nowrap\"><b>Code</b></td><td><b>Display</b></td><td><b>Deutsch (Österreich) (German (Austria), de)</b></td></tr><tr><td><a href=\"http://snomed.info/id/428981009\">428981009</a></td><td>Airway contains vomitus</td><td></td></tr><tr><td><a href=\"http://snomed.info/id/427562009\">427562009</a></td><td>Blood in upper airway</td><td>Blut in den oberen Atemwegen</td></tr><tr><td><a href=\"http://snomed.info/id/427480003\">427480003</a></td><td>Obstruction of airway caused by blood</td><td></td></tr><tr><td><a href=\"http://snomed.info/id/707795003\">707795003</a></td><td>Saliva in upper airway</td><td></td></tr><tr><td><a href=\"http://snomed.info/id/32457005\">32457005</a></td><td>Body fluid</td><td></td></tr><tr><td><a href=\"http://snomed.info/id/89187006\">89187006</a></td><td>Airway structure</td><td></td></tr><tr><td><a href=\"http://snomed.info/id/170627008\">170627008</a></td><td>Airways obstruction reversible</td><td></td></tr></table></li></ul></div>"
  },
  "url" : "http://example.org/ValueSet/TR-AW-Airway-Obstruction-Causes-Fluid-VS",
  "version" : "0.1.0",
  "title" : "Fluid in the airway codes",
  "status" : "draft",
  "experimental" : false,
  "date" : "2025-05-07T21:31:29+02:00",
  "publisher" : "Constantin Renner",
  "contact" : [{
    "name" : "Constantin Renner",
    "telecom" : [{
      "system" : "url",
      "value" : "https://github.com/cdeveHealth"
    },
    {
      "system" : "email",
      "value" : "constantinrenner1@gmail.com"
    }]
  }],
  "description" : "Describes different ways of suffocating due to fluids in the upper AW",
  "compose" : {
    "include" : [{
      "system" : "http://snomed.info/sct",
      "version" : "http://snomed.info/sct/version/2025-02-01",
      "concept" : [{
        "code" : "428981009",
        "display" : "Airway contains vomitus"
      },
      {
        "code" : "427562009",
        "display" : "Blood in upper airway",
        "designation" : [{
          "language" : "de-AT",
          "value" : "Blut in den oberen Atemwegen"
        }]
      },
      {
        "code" : "427480003",
        "display" : "Obstruction of airway caused by blood"
      },
      {
        "code" : "707795003",
        "display" : "Saliva in upper airway"
      },
      {
        "code" : "32457005",
        "display" : "Body fluid"
      },
      {
        "code" : "89187006",
        "display" : "Airway structure"
      },
      {
        "code" : "170627008",
        "display" : "Airways obstruction reversible"
      }]
    }]
  }
}