{
  "resourceType" : "ValueSet",
  "id" : "TR-GI-Impression-Procedure-VS",
  "text" : {
    "status" : "generated",
    "div" : "<div xmlns=\"http://www.w3.org/1999/xhtml\"><p class=\"res-header-id\"><b>Generated Narrative: ValueSet TR-GI-Impression-Procedure-VS</b></p><a name=\"TR-GI-Impression-Procedure-VS\"> </a><a name=\"hcTR-GI-Impression-Procedure-VS\"> </a><a name=\"TR-GI-Impression-Procedure-VS-en-US\"> </a><ul><li>Include these codes as defined in <a href=\"http://www.snomed.org/\"><code>http://snomed.info/sct</code></a> version <code>http://snomed.info/sct/version/2025-02-01</code><table class=\"none\"><tr><td style=\"white-space:nowrap\"><b>Code</b></td><td><b>Display</b></td></tr><tr><td><a href=\"http://snomed.info/id/65653002\">65653002</a></td><td>Pulse taking</td></tr><tr><td><a href=\"http://snomed.info/id/72027000\">72027000</a></td><td>Radial pulse taking</td></tr><tr><td><a href=\"http://snomed.info/id/RecapProcedure\">RecapProcedure</a></td><td>Execute Recap procedure</td></tr></table></li></ul></div>"
  },
  "url" : "http://example.org/ValueSet/TR-GI-Impression-Procedure-VS",
  "version" : "0.1.0",
  "title" : "General Impression of Circulation Procedures",
  "status" : "draft",
  "experimental" : false,
  "date" : "2025-05-14T23:21:35+02:00",
  "publisher" : "Constantin Renner",
  "contact" : [{
    "name" : "Constantin Renner",
    "telecom" : [{
      "system" : "url",
      "value" : "https://github.com/cdeveHealth"
    },
    {
      "system" : "email",
      "value" : "constantinrenner1@gmail.com"
    }]
  }],
  "description" : "Used to judge if patient coulsd be in potential shock",
  "compose" : {
    "include" : [{
      "system" : "http://snomed.info/sct",
      "version" : "http://snomed.info/sct/version/2025-02-01",
      "concept" : [{
        "code" : "65653002",
        "display" : "Pulse taking"
      },
      {
        "code" : "72027000",
        "display" : "Radial pulse taking"
      },
      {
        "code" : "RecapProcedure",
        "display" : "Execute Recap procedure"
      }]
    }]
  }
}